job_id,Year,Salary,remote_id,size_id,currency_id,experience_id,employment_id,position_id,country_id
1,2025,170000,1,1,1,1,1,1,1
2,2025,110000,1,1,1,1,1,1,1
3,2025,143000,1,1,1,1,1,1,1
4,2025,106000,1,1,1,1,1,1,1
5,2025,360200,1,1,1,1,1,1,1
6,2025,239700,1,1,1,1,1,1,1
7,2025,234000,1,1,1,1,1,2,1
8,2025,146000,1,1,1,1,1,2,1
9,2025,86000,1,1,1,1,1,2,1
10,2025,80000,1,1,1,1,1,2,1
11,2025,228300,1,1,1,1,1,3,1
12,2025,105200,1,1,1,1,1,3,1
13,2025,216000,1,1,1,1,1,2,1
14,2025,135000,1,1,1,1,1,2,1
15,2025,216000,1,1,1,1,1,1,1
16,2025,135000,1,1,1,1,1,1,1
17,2025,179000,1,1,1,2,1,1,1
18,2025,112000,1,1,1,2,1,1,1
19,2025,282000,1,1,1,1,1,1,1
20,2025,176000,1,1,1,1,1,1,1
21,2025,234000,1,1,1,1,1,1,1
22,2025,146000,1,1,1,1,1,1,1
23,2025,124805,1,2,1,3,1,3,1
24,2025,83203,1,2,1,3,1,3,1
25,2025,145000,1,1,1,1,1,1,1
26,2025,98200,1,1,1,1,1,1,1
27,2025,185000,1,1,1,1,1,1,1
28,2025,111200,1,1,1,1,1,1,1
29,2025,219200,1,1,1,1,1,2,1
30,2025,103800,1,1,1,1,1,2,1
31,2025,90000,1,1,1,3,1,2,1
32,2025,60000,1,1,1,3,1,2,1
33,2025,147600,1,1,1,1,1,1,1
34,2025,88600,1,1,1,1,1,1,1
35,2025,102000,1,1,1,2,1,2,1
36,2025,68000,1,1,1,2,1,2,1
37,2025,285000,1,1,1,1,1,4,1
38,2025,155000,1,1,1,1,1,4,1
39,2025,136200,1,1,1,2,1,1,1
40,2025,81000,1,1,1,2,1,1,1
41,2025,294000,1,1,1,1,1,4,1
42,2025,137600,1,1,1,1,1,4,1
43,2025,175000,2,1,1,1,1,4,1
44,2025,150000,2,1,1,1,1,4,1
45,2025,70000,1,1,1,3,1,5,1
46,2025,50000,1,1,1,3,1,5,1
47,2025,211000,1,1,1,1,1,5,1
48,2025,142000,1,1,1,1,1,5,1
49,2025,70000,1,1,1,3,1,2,1
50,2025,65000,1,1,1,3,1,2,1
51,2025,147600,1,1,1,1,1,6,1
52,2025,88600,1,1,1,1,1,6,1
53,2025,188500,1,1,1,2,1,3,1
54,2025,165100,1,1,1,2,1,3,1
55,2025,169000,1,1,1,1,1,2,1
56,2025,105000,1,1,1,1,1,2,1
57,2025,218500,1,1,1,1,1,2,1
58,2025,161500,1,1,1,1,1,2,1
59,2025,146800,1,1,1,2,1,2,1
60,2025,115600,1,1,1,2,1,2,1
61,2025,224000,1,1,1,1,1,1,1
62,2025,183580,2,1,1,1,1,4,1
63,2025,111260,2,1,1,1,1,4,1
64,2025,121000,1,1,1,1,1,2,1
65,2025,103000,1,1,1,1,1,2,1
66,2025,124000,2,1,1,3,1,2,1
67,2025,86800,2,1,1,3,1,2,1
68,2025,120000,2,1,1,1,1,2,1
69,2025,90000,2,1,1,1,1,2,1
70,2025,154688,2,1,1,1,1,2,1
71,2025,103125,2,1,1,1,1,2,1
72,2025,263900,1,1,1,1,1,5,1
73,2025,195100,1,1,1,1,1,5,1
74,2025,87516,1,1,1,2,1,2,1
75,2025,45360,1,1,1,2,1,2,1
76,2025,88600,1,1,1,2,1,2,1
77,2025,65000,1,1,1,2,1,2,1
78,2025,107800,1,1,1,1,1,2,1
79,2025,78400,1,1,1,1,1,2,1
80,2025,161700,2,1,1,2,1,2,1
81,2025,117600,2,1,1,2,1,2,1
82,2025,161456,1,1,1,2,1,1,1
83,2025,76075,1,1,1,2,1,1,1
84,2025,224381,2,1,1,1,1,2,1
85,2025,149587,2,1,1,1,1,2,1
86,2025,179000,1,1,1,2,1,2,1
87,2025,112000,1,1,1,2,1,2,1
88,2025,130590,1,1,1,1,1,2,1
89,2025,114210,1,1,1,1,1,2,1
90,2025,209657,1,1,1,2,1,2,1
91,2025,106250,1,1,1,2,1,2,1
92,2025,97100,2,1,1,2,1,2,1
93,2025,54000,2,1,1,2,1,2,1
94,2025,121300,2,1,1,1,1,2,1
95,2025,67400,2,1,1,1,1,2,1
96,2025,136000,1,1,1,1,1,2,1
97,2025,173900,1,1,1,1,1,2,1
98,2025,82300,1,1,1,1,1,2,1
99,2025,209657,1,1,1,1,1,1,1
100,2025,106250,1,1,1,1,1,1,1
101,2025,190000,1,1,1,1,1,1,1
102,2025,161700,2,1,1,1,1,2,1
103,2025,117600,2,1,1,1,1,2,1
104,2025,265600,1,1,1,1,1,3,1
105,2025,159400,1,1,1,1,1,3,1
106,2025,235000,1,1,1,1,1,2,1
107,2025,157000,1,1,1,1,1,2,1
108,2025,199400,1,1,1,1,1,1,1
109,2025,119600,1,1,1,1,1,1,1
110,2025,158620,1,1,1,2,1,2,1
111,2025,79310,1,1,1,2,1,2,1
112,2025,188267,1,1,1,1,1,1,1
113,2025,141200,1,1,1,1,1,1,1
114,2025,173040,1,1,1,3,1,3,1
115,2025,86520,1,1,1,3,1,3,1
116,2025,194740,1,1,1,1,1,3,1
117,2025,104860,1,1,1,1,1,3,1
118,2025,219400,1,1,1,1,1,3,1
119,2025,131600,1,1,1,1,1,3,1
120,2025,112500,1,1,1,2,1,2,1
121,2025,67500,1,1,1,2,1,2,1
122,2025,223900,1,1,1,4,1,2,1
123,2025,135700,1,1,1,4,1,2,1
124,2025,165360,1,1,1,2,1,2,1
125,2025,110240,1,1,1,2,1,2,1
126,2025,200000,1,1,1,1,1,4,1
127,2025,158000,1,1,1,1,1,4,1
128,2025,142700,2,1,1,1,1,2,1
129,2025,114200,2,1,1,1,1,2,1
130,2025,223400,1,2,1,2,1,2,1
131,2025,136000,1,2,1,2,1,2,1
132,2025,260000,1,2,1,1,1,2,1
133,2025,150400,1,2,1,1,1,2,1
134,2025,264000,1,1,1,1,1,4,1
135,2025,176000,1,1,1,1,1,4,1
136,2025,240000,1,1,1,1,1,2,1
137,2025,160000,1,1,1,1,1,2,1
138,2025,241000,1,1,1,1,1,3,1
139,2025,161000,1,1,1,1,1,3,1
140,2025,160000,2,1,1,1,1,2,1
141,2025,130000,2,1,1,1,1,2,1
142,2025,213390,1,1,1,4,1,2,1
143,2025,143245,1,1,1,4,1,2,1
144,2025,220000,1,1,1,2,1,1,1
145,2025,140000,1,1,1,2,1,1,1
146,2025,140049,1,1,1,1,1,2,1
147,2025,84878,1,1,1,1,1,2,1
148,2025,174600,1,1,1,3,1,4,1
149,2025,81900,1,1,1,3,1,4,1
150,2025,74755,1,1,1,3,1,2,1
151,2025,48235,1,1,1,3,1,2,1
152,2025,117811,2,1,1,2,1,2,1
153,2025,76003,2,1,1,2,1,2,1
154,2025,183100,2,1,1,2,1,2,1
155,2025,98900,2,1,1,2,1,2,1
156,2025,239000,1,1,1,1,1,4,1
157,2025,161000,1,1,1,1,1,4,1
158,2025,183580,2,1,1,1,1,1,1
159,2025,111260,2,1,1,1,1,1,1
160,2025,211180,2,1,1,1,1,1,1
161,2025,127890,2,1,1,1,1,1,1
162,2025,93230,2,1,1,3,1,2,1
163,2025,71214,2,1,1,3,1,2,1
164,2025,128600,1,1,1,2,1,2,1
165,2025,62800,1,1,1,2,1,2,1
166,2025,128800,2,1,1,2,1,2,1
167,2025,75200,2,1,1,2,1,2,1
168,2025,419750,2,1,1,2,1,1,1
169,2025,220000,2,1,1,2,1,1,1
170,2025,227700,1,1,1,1,1,2,1
171,2025,151800,1,1,1,1,1,2,1
172,2025,138911,1,1,1,1,1,2,1
173,2025,160440,1,1,1,1,1,2,1
174,2025,87120,1,1,1,1,1,2,1
175,2025,142243,1,1,1,1,1,2,1
176,2025,184920,1,1,1,1,1,4,1
177,2025,123280,1,1,1,1,1,4,1
178,2025,113000,1,1,1,2,1,4,1
179,2025,74000,1,1,1,2,1,4,1
180,2025,220000,1,1,1,1,1,2,1
181,2025,96600,1,1,1,1,1,2,1
182,2025,202093,1,1,1,1,1,2,1
183,2025,137000,1,1,1,3,1,2,1
184,2025,60400,1,1,1,3,1,2,1
185,2025,155000,1,1,1,1,1,2,1
186,2025,202000,1,1,1,1,1,2,1
187,2025,310500,2,1,1,1,1,4,1
188,2025,164000,2,1,1,1,1,4,1
189,2025,202000,1,1,1,2,1,1,1
190,2025,112655,1,1,1,2,1,1,1
191,2025,102000,1,1,1,1,1,2,1
192,2025,46988,1,1,1,1,1,2,1
193,2025,213200,1,1,1,2,1,2,1
194,2025,129200,1,1,1,2,1,2,1
195,2025,95000,1,1,1,2,1,2,1
196,2025,63400,1,1,1,2,1,2,1
197,2025,176000,1,1,1,2,1,2,1
198,2025,72700,1,1,1,2,1,2,1
199,2025,100000,1,1,1,3,1,2,1
200,2025,215000,1,1,1,1,1,4,1
201,2025,180000,1,1,1,1,1,4,1
202,2025,89000,1,1,1,1,1,2,1
203,2025,135400,1,1,1,1,1,1,1
204,2025,77400,1,1,1,1,1,2,1
205,2025,275000,1,1,1,2,1,3,1
206,2025,150000,1,1,1,2,1,3,1
207,2025,170000,2,1,1,1,1,3,1
208,2025,150000,2,1,1,1,1,3,1
209,2025,151500,1,1,1,1,1,2,1
210,2025,90400,1,1,1,1,1,2,1
211,2025,226000,1,1,1,1,1,4,1
212,2025,54000,1,1,1,3,1,2,1
213,2025,150000,1,1,1,1,1,4,1
214,2025,130000,1,1,1,1,1,4,1
215,2025,281000,2,1,1,1,1,1,1
216,2025,204000,2,1,1,1,1,1,1
217,2025,225000,1,1,1,1,1,3,1
218,2025,150000,1,1,1,1,1,3,1
219,2025,180000,1,1,1,3,1,2,1
220,2025,150000,1,1,1,3,1,2,1
221,2025,134500,1,1,1,1,1,2,1
222,2025,103600,1,1,1,1,1,2,1
223,2025,242500,1,1,1,1,1,4,1
224,2025,111740,1,1,1,2,1,1,1
225,2025,75500,1,1,1,2,1,1,1
226,2025,250000,1,1,1,1,1,4,1
227,2025,170000,1,1,1,1,1,4,1
228,2025,245000,1,1,1,1,1,1,1
229,2025,136000,1,1,1,1,1,1,1
230,2025,150000,2,1,1,1,1,1,1
231,2025,130000,2,1,1,1,1,1,1
232,2025,178100,1,1,1,2,1,4,1
233,2025,79000,1,1,1,2,1,4,1
234,2025,150000,2,1,1,1,1,2,1
235,2025,105000,2,1,1,1,1,2,1
236,2025,247296,1,1,1,1,1,5,1
237,2025,139776,1,1,1,1,1,5,1
238,2025,108200,2,1,1,2,1,2,1
239,2025,81400,2,1,1,2,1,2,1
240,2025,91900,2,1,1,2,1,2,1
241,2025,76900,2,1,1,2,1,2,1
242,2025,130000,1,1,1,2,1,2,1
243,2025,104000,1,1,1,2,1,2,1
244,2025,165000,2,1,1,1,1,4,1
245,2025,135000,2,1,1,1,1,4,1
246,2025,150000,1,1,1,2,1,1,1
247,2025,100000,1,1,1,2,1,1,1
248,2025,136000,1,1,1,1,1,4,1
249,2025,207965,1,2,1,2,1,2,1
250,2025,138643,1,2,1,2,1,2,1
251,2025,266000,1,1,1,1,1,2,1
252,2025,177000,1,1,1,1,1,2,1
253,2025,90000,1,1,1,2,1,2,1
254,2025,60000,1,1,1,2,1,2,1
255,2025,98000,1,1,1,3,1,2,1
256,2025,83000,1,1,1,3,1,2,1
257,2025,123625,1,1,1,3,1,2,1
258,2025,77265,1,1,1,3,1,2,1
259,2025,110000,1,1,1,2,1,2,1
260,2025,78000,1,1,1,2,1,2,1
261,2025,115000,1,1,1,2,1,2,1
262,2025,85000,1,1,1,2,1,2,1
263,2025,208800,1,1,1,2,1,4,1
264,2025,98300,1,1,1,2,1,4,1
265,2025,337000,1,1,1,1,1,1,1
266,2025,237000,1,1,1,1,1,1,1
267,2025,239000,1,1,1,2,1,1,1
268,2025,161000,1,1,1,2,1,1,1
269,2025,141000,1,1,1,1,1,4,1
270,2025,108000,1,1,1,1,1,4,1
271,2025,112370,1,1,1,3,1,2,1
272,2025,68640,1,1,1,3,1,2,1
273,2025,221000,1,1,1,1,1,2,1
274,2025,161000,1,1,1,1,1,2,1
275,2025,209000,1,1,1,1,1,3,1
276,2025,152000,1,1,1,1,1,3,1
277,2025,240400,1,1,1,1,1,1,1
278,2025,137400,1,1,1,1,1,1,1
279,2025,108500,2,1,1,1,1,2,1
280,2025,78800,2,1,1,1,1,2,1
281,2025,111500,1,1,1,1,1,2,1
282,2025,67500,1,1,1,1,1,2,1
283,2025,248700,1,1,1,1,1,5,1
284,2025,155700,1,1,1,1,1,5,1
285,2025,165400,1,1,1,1,1,2,1
286,2025,106700,1,1,1,1,1,2,1
287,2025,132400,1,1,1,1,1,2,1
288,2025,88300,1,1,1,1,1,2,1
289,2025,172000,1,1,1,1,1,2,1
290,2025,75600,1,1,1,1,1,2,1
291,2025,90000,1,1,1,1,1,4,1
292,2025,269900,1,1,1,1,1,1,1
293,2025,143200,1,1,1,1,1,1,1
294,2025,170000,1,1,1,2,1,2,1
295,2025,252000,1,1,1,2,1,4,1
296,2025,168000,1,1,1,2,1,4,1
297,2025,212800,2,2,1,2,1,1,1
298,2025,136000,2,2,1,2,1,1,1
299,2025,252000,1,1,1,1,1,4,1
300,2025,168000,1,1,1,1,1,4,1
301,2025,168480,1,1,1,1,1,1,1
302,2025,91520,1,1,1,1,1,1,1
303,2024,131958,1,1,1,1,1,2,1
304,2024,79175,1,1,1,1,1,2,1
305,2024,280000,1,1,1,2,1,1,1
306,2024,80000,1,1,1,2,1,1,1
307,2024,720000,1,1,1,3,1,2,1
308,2024,170000,1,1,1,3,1,2,1
309,2024,720000,1,1,1,2,1,2,1
310,2024,170000,1,1,1,2,1,2,1
311,2024,700000,2,1,1,2,1,2,1
312,2024,100000,2,1,1,2,1,2,1
313,2024,179000,1,1,1,1,1,2,1
314,2024,112000,1,1,1,1,1,2,1
315,2024,179000,1,1,1,2,1,1,1
316,2024,112000,1,1,1,2,1,1,1
317,2024,720000,1,1,1,2,1,1,1
318,2024,100000,1,1,1,2,1,1,1
319,2024,113145,2,1,1,1,1,2,1
320,2024,70715,2,1,1,1,1,2,1
321,2024,720000,2,1,1,1,1,4,1
322,2024,100000,2,1,1,1,1,4,1
323,2024,95347,1,1,1,3,1,2,1
324,2024,57200,1,1,1,3,1,2,1
325,2024,100000,2,1,1,1,1,2,1
326,2024,80000,2,1,1,1,1,2,1
327,2024,725000,1,1,1,2,1,1,1
328,2024,240000,1,1,1,2,1,1,1
329,2024,619000,2,1,1,1,1,4,1
330,2024,220000,1,1,1,3,1,2,1
331,2024,80000,1,1,1,3,1,2,1
332,2024,72000,1,1,1,2,1,2,1
333,2024,54000,1,1,1,2,1,2,1
334,2024,197500,1,1,1,1,1,5,1
335,2024,111100,1,1,1,1,1,5,1
336,2024,181896,1,1,1,1,1,2,1
337,2024,110240,1,1,1,1,1,2,1
338,2024,281000,1,1,1,1,1,2,1
339,2024,206000,1,1,1,1,1,2,1
340,2024,160000,1,1,1,1,1,2,1
341,2024,149200,1,1,1,1,1,2,1
342,2024,203500,1,1,1,1,1,3,1
343,2024,117700,1,1,1,1,1,3,1
344,2024,73588,1,1,1,2,1,1,1
345,2024,103100,1,1,1,1,1,2,1
346,2024,64000,1,1,1,1,1,2,1
347,2024,89600,1,1,1,3,1,2,1
348,2024,62400,1,1,1,3,1,2,1
349,2024,720000,1,1,1,2,1,3,1
350,2024,100000,1,1,1,2,1,3,1
351,2024,400000,1,1,1,2,1,1,1
352,2024,170000,1,1,1,2,1,1,1
353,2024,220000,1,1,1,3,1,3,1
354,2024,80000,1,1,1,3,1,3,1
355,2024,197500,2,1,1,2,1,1,1
356,2024,138500,2,1,1,2,1,1,1
357,2024,122500,1,1,1,1,1,1,1
358,2024,189900,1,1,1,2,1,2,1
359,2024,101800,1,1,1,2,1,2,1
360,2024,119000,1,1,1,2,1,1,1
361,2024,86500,1,1,1,2,1,1,1
362,2024,103576,2,1,1,3,1,2,1
363,2024,60927,2,1,1,3,1,2,1
364,2024,114400,2,1,1,3,1,2,1
365,2024,76800,2,1,1,3,1,2,1
366,2024,90000,1,1,1,1,1,2,1
367,2024,80000,1,1,1,1,1,2,1
368,2024,97100,2,1,1,2,1,2,1
369,2024,54000,2,1,1,2,1,2,1
370,2024,151700,2,1,1,1,1,2,1
371,2024,84300,2,1,1,1,1,2,1
372,2024,123000,1,1,1,2,1,2,1
373,2024,251500,1,1,1,1,1,3,1
374,2024,125700,1,1,1,1,1,3,1
375,2024,258750,1,1,1,1,1,1,1
376,2024,132000,1,1,1,1,1,1,1
377,2024,419750,1,1,1,1,1,2,1
378,2024,272000,1,1,1,1,1,2,1
379,2024,172000,1,1,1,2,1,2,1
380,2024,75600,1,1,1,2,1,2,1
381,2024,222480,2,1,1,1,1,2,1
382,2024,83430,2,1,1,1,1,2,1
383,2024,419750,1,1,1,2,1,1,1
384,2024,220000,1,1,1,2,1,1,1
385,2024,137000,1,1,1,3,1,2,1
386,2024,60400,1,1,1,3,1,2,1
387,2024,128000,1,1,1,1,1,1,1
388,2024,201250,1,1,1,1,1,3,1
389,2024,108000,1,1,1,1,1,3,1
390,2024,304750,1,1,1,1,1,3,1
391,2024,164000,1,1,1,1,1,3,1
392,2025,183580,2,1,1,1,1,3,1
393,2025,111260,2,1,1,1,1,3,1
394,2025,185000,1,1,1,1,1,2,1
395,2025,115000,1,1,1,1,1,2,1
396,2025,240500,1,2,1,1,1,2,1
397,2025,139100,1,2,1,1,1,2,1
398,2025,223600,1,2,1,2,1,3,1
399,2025,129300,1,2,1,2,1,3,1
400,2025,323400,2,1,1,1,1,2,1
401,2025,224900,2,1,1,1,1,2,1
402,2025,160000,2,1,1,1,1,1,1
403,2025,120000,2,1,1,1,1,1,1
404,2025,129780,1,1,1,2,1,2,1
405,2025,92700,1,1,1,2,1,2,1
406,2025,183500,1,1,1,2,1,2,1
407,2025,115500,1,1,1,2,1,2,1
408,2025,194688,1,1,1,1,1,4,1
409,2025,118976,1,1,1,1,1,4,1
410,2025,215000,2,1,1,1,1,2,1
411,2025,175000,2,1,1,1,1,2,1
412,2025,245000,1,1,1,1,1,4,1
413,2025,125000,1,1,1,1,1,4,1
414,2025,245000,1,1,1,2,1,4,1
415,2025,125000,1,1,1,2,1,4,1
416,2025,340000,1,1,1,2,1,4,1
417,2025,315000,1,1,1,2,1,4,1
418,2025,226000,2,1,1,2,1,2,1
419,2025,153700,2,1,1,2,1,2,1
420,2025,184250,1,1,1,1,1,2,1
421,2025,167500,1,1,1,1,1,2,1
422,2025,226000,2,1,1,2,1,4,1
423,2025,153700,2,1,1,2,1,4,1
424,2025,160000,1,1,1,1,1,1,1
425,2025,262000,2,1,1,1,1,1,1
426,2025,178200,2,1,1,1,1,1,1
427,2025,100000,2,1,1,3,1,1,1
428,2025,156000,1,1,1,2,1,4,1
429,2025,93600,1,1,1,2,1,4,1
430,2025,190000,1,1,1,2,1,1,1
431,2025,170000,1,1,1,2,1,1,1
432,2024,95000,1,1,1,2,1,2,1
433,2024,85000,1,1,1,2,1,2,1
434,2024,105000,2,1,1,3,1,2,1
435,2024,75000,2,1,1,3,1,2,1
436,2024,58000,1,1,1,3,1,2,1
437,2024,42000,1,1,1,3,1,2,1
438,2024,225000,1,1,1,1,1,2,1
439,2024,209000,1,1,1,1,1,2,1
440,2024,220000,1,1,1,1,1,4,1
441,2024,150000,1,1,1,1,1,4,1
442,2024,130100,2,1,1,1,1,2,1
443,2024,72400,2,1,1,1,1,2,1
444,2024,204100,2,1,1,1,1,4,1
445,2024,152200,2,1,1,1,1,4,1
446,2024,132400,1,1,1,1,1,2,1
447,2024,88300,1,1,1,1,1,2,1
448,2024,220000,1,1,1,1,2,2,1
449,2024,96600,1,1,1,1,2,2,1
450,2024,180000,1,1,1,1,1,2,1
451,2024,192400,1,1,1,2,1,2,1
452,2024,109000,1,1,1,2,1,2,1
453,2024,284280,1,1,1,1,1,2,1
454,2024,130295,1,1,1,1,1,2,1
455,2024,211180,2,1,1,1,1,4,1
456,2024,127890,2,1,1,1,1,4,1
457,2024,166320,2,1,1,2,1,2,1
458,2024,104080,2,1,1,2,1,2,1
459,2024,234500,2,1,1,1,1,4,1
460,2024,142140,2,1,1,1,1,4,1
461,2024,186350,2,1,1,1,1,1,1
462,2024,116550,2,1,1,1,1,1,1
463,2024,334600,1,1,1,1,1,4,1
464,2024,184000,1,1,1,1,1,4,1
465,2024,172000,1,1,1,2,1,1,1
466,2024,75600,1,1,1,2,1,1,1
467,2024,155000,1,1,1,2,1,1,1
468,2024,176000,1,1,1,1,1,4,1
469,2024,72700,1,1,1,1,1,4,1
470,2024,202750,1,1,1,1,1,3,1
471,2024,139800,1,1,1,1,1,3,1
472,2024,185000,1,2,1,1,1,1,1
473,2024,105100,1,2,1,1,1,1,1
474,2024,128950,2,1,1,1,1,2,1
475,2024,103200,2,1,1,1,1,2,1
476,2024,101527,1,1,1,3,1,2,1
477,2024,78175,1,1,1,3,1,2,1
478,2024,120452,2,1,1,3,1,2,1
479,2024,51393,2,1,1,3,1,2,1
480,2024,142133,2,1,1,1,1,2,1
481,2024,60643,2,1,1,1,1,2,1
482,2024,159264,1,1,1,1,1,2,1
483,2024,113760,1,1,1,1,1,2,1
484,2024,192417,1,1,1,1,1,2,1
485,2024,137441,1,1,1,1,1,2,1
486,2024,238000,1,1,1,1,1,2,1
487,2024,190000,1,1,1,1,1,2,1
488,2024,95000,2,1,1,3,1,2,1
489,2024,70000,2,1,1,3,1,2,1
490,2024,195000,2,1,1,2,1,2,1
491,2024,175000,2,1,1,2,1,2,1
492,2024,151800,2,1,1,1,1,2,1
493,2024,126900,2,1,1,1,1,2,1
494,2024,129100,2,1,1,1,1,2,1
495,2024,107800,2,1,1,1,1,2,1
496,2024,121253,1,1,1,1,1,2,1
497,2024,55155,1,1,1,1,1,2,1
498,2024,177341,1,1,1,1,1,2,1
499,2024,273700,2,1,1,1,1,2,1
500,2024,103700,2,1,1,1,1,2,1
501,2024,265000,1,1,1,1,1,2,1
502,2024,164000,1,1,1,1,1,2,1
503,2024,303400,2,1,1,1,1,3,1
504,2024,216700,2,1,1,1,1,3,1
505,2024,300000,1,1,1,1,1,4,1
506,2024,270000,1,1,1,1,1,4,1
507,2024,185000,2,1,1,1,1,1,1
508,2024,129000,2,1,1,1,1,1,1
509,2024,247296,2,1,1,1,1,5,1
510,2024,139776,2,1,1,1,1,5,1
511,2024,300000,1,1,1,1,1,1,1
512,2024,176000,1,1,1,1,1,1,1
513,2024,97500,1,1,1,3,1,2,1
514,2024,72200,1,1,1,3,1,2,1
515,2024,79900,1,1,1,3,1,2,1
516,2024,59200,1,1,1,3,1,2,1
517,2024,223400,1,2,1,2,1,2,1
518,2024,136000,1,2,1,2,1,2,1
519,2024,180000,1,1,1,1,1,5,1
520,2024,100000,1,1,1,1,1,5,1
521,2024,372400,2,1,1,1,1,3,1
522,2024,266000,2,1,1,1,1,3,1
523,2024,225000,2,1,1,1,1,4,1
524,2024,150000,2,1,1,1,1,4,1
525,2024,215000,1,1,1,1,1,1,1
526,2024,134500,1,1,1,1,1,1,1
527,2024,220000,2,1,1,2,1,1,1
528,2024,140000,2,1,1,2,1,1,1
529,2024,346000,1,1,1,1,1,4,1
530,2024,320000,1,1,1,1,1,4,1
531,2024,250000,1,1,1,2,1,1,1
532,2024,230000,1,1,1,2,1,1,1
533,2024,211000,1,1,1,2,1,1,1
534,2024,142000,1,1,1,2,1,1,1
535,2024,200000,1,1,1,1,1,4,1
536,2024,136000,1,1,1,1,1,4,1
537,2024,154460,1,1,1,2,1,2,1
538,2024,92684,1,1,1,2,1,2,1
539,2024,158000,1,1,1,2,1,2,1
540,2024,108000,1,1,1,2,1,2,1
541,2024,284000,1,1,1,1,1,4,1
542,2024,189000,1,1,1,1,1,4,1
543,2024,75000,1,1,1,1,1,2,1
544,2024,85000,1,1,1,2,1,1,1
545,2024,70000,1,1,1,2,1,1,1
546,2024,150000,2,1,1,2,1,1,1
547,2024,130000,2,1,1,2,1,1,1
548,2024,90000,1,1,1,3,1,2,1
549,2024,70000,1,1,1,3,1,2,1
550,2024,135800,1,1,1,1,1,2,1
551,2024,84500,1,1,1,1,1,2,1
552,2024,140000,1,1,1,1,1,2,1
553,2024,125000,1,1,1,1,1,2,1
554,2024,125000,1,1,1,2,1,2,1
555,2024,115000,1,1,1,2,1,2,1
556,2024,170000,1,1,1,1,1,2,1
557,2024,126900,1,1,1,1,1,2,1
558,2024,227950,1,1,1,1,1,4,1
559,2024,126100,1,1,1,1,1,4,1
560,2024,61500,2,1,1,2,1,2,1
561,2024,49500,2,1,1,2,1,2,1
562,2024,121300,2,1,1,1,1,2,1
563,2024,67400,2,1,1,1,1,2,1
564,2024,280000,1,1,1,1,1,1,1
565,2024,190000,1,1,1,1,1,1,1
566,2024,185000,1,1,1,1,1,1,1
567,2024,160000,1,1,1,1,1,1,1
568,2024,190000,2,1,1,1,1,2,1
569,2024,150000,2,1,1,1,1,2,1
570,2024,198440,2,1,1,1,1,2,1
571,2024,116100,2,1,1,1,1,2,1
572,2024,220000,2,1,1,1,1,2,1
573,2024,178000,2,1,1,1,1,2,1
574,2024,213000,2,1,1,1,1,4,1
575,2024,177000,2,1,1,1,1,4,1
576,2024,250200,1,1,1,1,1,3,1
577,2024,117200,1,1,1,1,1,3,1
578,2024,206500,2,1,1,2,1,3,1
579,2024,147500,2,1,1,2,1,3,1
580,2024,210000,1,1,1,1,1,1,1
581,2024,152800,1,1,1,1,1,1,1
582,2024,230000,1,1,1,1,1,2,1
583,2024,200000,1,1,1,1,1,2,1
584,2024,120000,2,1,1,1,1,2,1
585,2024,95000,2,1,1,1,1,2,1
586,2024,110200,2,1,1,2,1,2,1
587,2024,61200,2,1,1,2,1,2,1
588,2024,133500,1,1,1,2,1,2,1
589,2024,92900,1,1,1,2,1,2,1
590,2024,230000,1,1,1,1,1,3,1
591,2024,185000,1,1,1,1,1,3,1
592,2024,100000,1,1,1,2,1,2,1
593,2024,74080,1,1,1,2,1,2,1
594,2024,160000,1,1,1,2,1,2,1
595,2024,110000,1,1,1,2,1,2,1
596,2024,97100,2,1,1,3,1,2,1
597,2024,54000,2,1,1,3,1,2,1
598,2024,89300,1,1,1,3,1,2,1
599,2024,68000,1,1,1,3,1,2,1
600,2024,130100,2,1,1,2,1,2,1
601,2024,72400,2,1,1,2,1,2,1
602,2024,204700,1,1,1,1,1,5,1
603,2024,115700,1,1,1,1,1,5,1
604,2024,208800,1,1,1,2,1,4,1
605,2024,98300,1,1,1,2,1,4,1
606,2024,138500,2,1,1,1,1,2,1
607,2024,114000,2,1,1,1,1,2,1
608,2024,261000,1,1,1,1,1,6,1
609,2024,174000,1,1,1,1,1,6,1
610,2024,191600,2,1,1,2,1,1,1
611,2024,103500,2,1,1,2,1,1,1
612,2024,135000,2,1,1,2,1,1,1
613,2024,120000,2,1,1,2,1,1,1
614,2024,130000,1,1,1,1,1,5,1
615,2024,237000,2,1,1,2,1,1,1
616,2024,199000,2,1,1,2,1,1,1
617,2024,188500,1,1,1,1,1,2,1
618,2024,153900,1,1,1,1,1,2,1
619,2024,199700,1,1,1,1,1,3,1
620,2024,165100,1,1,1,1,1,3,1
621,2024,167500,1,1,1,2,1,3,1
622,2024,138500,1,1,1,2,1,3,1
623,2024,174900,1,1,1,1,1,3,1
624,2024,214200,1,1,1,1,1,2,1
625,2024,187700,1,1,1,1,1,2,1
626,2024,165100,1,1,1,1,1,2,1
627,2024,283800,1,1,1,1,1,4,1
628,2024,248700,1,1,1,1,1,4,1
629,2024,194800,2,1,1,1,1,2,1
630,2024,170700,2,1,1,1,1,2,1
631,2024,203275,2,1,1,1,1,2,1
632,2024,112450,2,1,1,1,1,2,1
633,2024,78336,1,1,1,2,1,2,1
634,2024,55955,1,1,1,2,1,2,1
635,2024,180200,1,1,1,1,1,2,1
636,2024,148949,1,1,1,1,1,2,1
637,2024,283800,1,1,1,1,1,1,1
638,2024,234700,1,1,1,1,1,1,1
639,2024,212900,1,1,1,1,1,2,1
640,2024,121700,1,1,1,1,1,2,1
641,2024,183015,1,1,1,1,1,2,1
642,2024,104580,1,1,1,1,1,2,1
643,2024,246000,1,1,1,1,1,3,1
644,2024,132400,1,1,1,1,1,3,1
645,2024,230000,1,1,1,1,1,5,1
646,2024,120000,1,1,1,1,1,5,1
647,2024,72534,1,1,1,3,1,2,1
648,2024,51810,1,1,1,3,1,2,1
649,2024,72534,1,1,1,2,1,2,1
650,2024,51810,1,1,1,2,1,2,1
651,2024,62186,1,1,1,3,1,2,1
652,2024,44419,1,1,1,3,1,2,1
653,2024,251500,1,1,1,1,1,2,1
654,2024,125700,1,1,1,1,1,2,1
655,2024,84603,1,1,1,2,1,2,1
656,2024,60431,1,1,1,2,1,2,1
657,2024,105295,1,1,1,2,1,2,1
658,2024,70197,1,1,1,2,1,2,1
659,2024,135400,1,1,1,1,1,2,1
660,2024,118700,1,1,1,1,1,2,1
661,2024,120900,1,1,1,1,1,2,1
662,2024,115900,1,1,1,1,1,2,1
663,2024,129723,1,1,1,1,1,2,1
664,2024,86482,1,1,1,1,1,2,1
665,2024,151900,2,1,1,1,1,2,1
666,2024,101300,2,1,1,1,1,2,1
667,2024,310300,1,1,1,1,1,4,1
668,2024,206900,1,1,1,1,1,4,1
669,2024,341500,1,1,1,1,1,4,1
670,2024,227700,1,1,1,1,1,4,1
671,2024,170300,1,1,1,1,1,2,1
672,2024,113500,1,1,1,1,1,2,1
673,2024,150500,1,1,1,1,1,2,1
674,2024,100300,1,1,1,1,1,2,1
675,2024,105400,1,1,1,1,1,2,1
676,2024,70200,1,1,1,1,1,2,1
677,2024,165500,1,1,1,2,1,4,1
678,2024,89400,1,1,1,2,1,4,1
679,2024,206000,1,1,1,1,1,4,1
680,2024,137400,1,1,1,1,1,4,1
681,2024,115800,1,1,1,2,1,6,1
682,2024,77200,1,1,1,2,1,6,1
683,2024,122000,1,1,1,3,1,1,1
684,2024,90000,1,1,1,3,1,1,1
685,2024,150600,1,1,1,1,1,2,1
686,2024,95800,1,1,1,1,1,2,1
687,2024,350000,1,2,1,1,1,2,1
688,2024,240100,1,2,1,1,1,2,1
689,2024,209700,1,1,1,1,1,1,1
690,2024,123300,1,1,1,1,1,1,1
691,2024,246500,1,1,1,1,1,3,1
692,2024,151000,1,1,1,1,1,3,1
693,2024,169000,1,1,1,2,1,5,1
694,2024,121000,1,1,1,2,1,5,1
695,2024,208000,2,1,1,1,1,5,1
696,2024,151000,2,1,1,1,1,5,1
697,2024,144040,1,2,1,3,1,4,1
698,2024,86260,1,2,1,3,1,4,1
699,2024,250000,2,1,1,1,1,4,1
700,2024,180000,2,1,1,1,1,4,1
701,2024,160900,1,1,1,2,1,2,1
702,2024,87200,1,1,1,2,1,2,1
703,2024,138200,2,1,1,1,1,2,1
704,2024,83000,2,1,1,1,1,2,1
705,2024,147500,1,1,1,2,1,4,1
706,2024,216400,1,1,1,1,1,2,1
707,2024,115800,1,1,1,1,1,2,1
708,2024,187300,1,1,1,1,1,1,1
709,2024,100300,1,1,1,1,1,1,1
710,2024,178000,1,1,1,1,1,1,1
711,2024,95300,1,1,1,1,1,1,1
712,2024,157475,2,1,1,2,1,1,1
713,2024,114500,2,1,1,2,1,1,1
714,2024,93500,2,1,1,2,1,2,1
715,2024,73400,2,1,1,2,1,2,1
716,2024,170000,1,1,1,2,1,4,1
717,2024,100000,1,1,1,2,1,4,1
718,2024,239000,1,2,1,1,1,5,1
719,2024,138200,1,2,1,1,1,5,1
720,2024,140000,1,1,1,1,1,3,1
721,2024,200000,1,1,1,1,1,3,1
722,2024,145000,1,1,1,1,1,3,1
723,2024,90360,1,1,1,3,1,2,1
724,2024,59250,1,1,1,3,1,2,1
725,2024,64000,1,1,1,3,1,2,1
726,2024,56000,1,1,1,3,1,2,1
727,2024,145000,2,1,1,1,1,1,1
728,2024,115000,2,1,1,1,1,1,1
729,2024,131230,1,1,1,1,1,2,1
730,2024,95440,1,1,1,1,1,2,1
731,2024,207190,1,1,1,2,1,2,1
732,2024,135860,1,1,1,2,1,2,1
733,2024,145290,1,1,1,2,1,1,1
734,2024,96860,1,1,1,2,1,1,1
735,2024,115824,1,1,1,3,1,2,1
736,2024,77216,1,1,1,3,1,2,1
737,2024,95723,1,1,1,1,1,1,1
738,2024,63815,1,1,1,1,1,1,1
739,2024,186840,2,1,1,1,1,2,1
740,2024,124560,2,1,1,1,1,2,1
741,2024,142000,1,1,1,2,1,2,1
742,2024,161000,1,1,1,2,1,1,1
743,2024,76000,1,1,1,2,1,1,1
744,2024,140000,1,1,1,3,1,2,1
745,2024,112000,1,1,1,3,1,2,1
746,2024,276000,1,1,1,1,1,5,1
747,2024,148000,1,1,1,1,1,5,1
748,2024,125200,1,1,1,3,1,2,1
749,2024,93400,1,1,1,3,1,2,1
750,2024,133900,1,1,1,2,1,4,1
751,2024,95300,1,1,1,2,1,4,1
752,2024,237050,1,1,1,2,1,1,1
753,2024,193950,1,1,1,2,1,1,1
754,2024,96000,1,1,1,3,1,2,1
755,2024,47000,1,1,1,3,1,2,1
756,2024,222200,1,2,1,2,1,2,1
757,2024,97000,1,1,1,3,1,2,1
758,2024,84000,1,1,1,3,1,2,1
759,2024,201300,1,1,1,2,1,1,1
760,2024,134200,1,1,1,2,1,1,1
761,2024,60000,1,1,1,3,1,1,1
762,2024,52000,1,1,1,3,1,1,1
763,2024,180000,1,1,1,1,1,4,1
764,2024,90000,1,1,1,1,1,4,1
765,2024,243500,1,1,1,1,1,4,1
766,2024,213400,1,1,1,1,1,4,1
767,2024,188500,1,1,1,1,1,4,1
768,2024,140000,1,1,1,1,1,4,1
769,2024,243500,1,1,1,1,1,3,1
770,2024,201400,1,1,1,1,1,3,1
771,2024,158100,1,1,1,1,1,2,1
772,2024,138500,1,1,1,1,1,2,1
773,2024,199700,1,1,1,1,1,2,1
774,2024,210000,1,1,1,1,1,4,1
775,2024,160000,1,1,1,1,1,4,1
776,2024,270000,1,1,1,1,1,1,1
777,2024,130000,1,1,1,1,1,1,1
778,2024,197500,1,1,1,2,1,1,1
779,2024,163300,1,1,1,2,1,1,1
780,2024,159800,2,1,1,1,1,3,1
781,2024,140000,2,1,1,1,1,3,1
782,2024,167500,1,1,1,1,1,2,1
783,2024,168700,1,1,1,2,1,1,1
784,2024,137800,1,1,1,2,1,1,1
785,2024,313600,1,1,1,4,1,4,1
786,2024,256200,1,1,1,4,1,4,1
787,2024,82500,1,1,1,3,1,2,1
788,2024,60000,1,1,1,3,1,2,1
789,2024,174800,1,1,1,1,1,1,1
790,2024,109300,1,1,1,1,1,1,1
791,2024,87500,1,1,1,2,1,2,1
792,2024,66000,1,1,1,2,1,2,1
793,2024,175000,2,1,1,1,1,2,1
794,2024,105000,2,1,1,1,1,2,1
795,2024,168500,1,1,1,2,1,2,1
796,2024,112300,1,1,1,2,1,2,1
797,2024,36000,1,1,1,2,1,2,1
798,2024,30000,1,1,1,2,1,2,1
799,2024,134000,1,1,1,3,1,2,1
800,2024,93260,1,1,1,3,1,2,1
801,2024,82000,1,1,1,2,1,2,1
802,2024,96000,1,1,1,2,1,2,1
803,2024,68000,1,1,1,2,1,2,1
804,2024,72467,1,1,1,1,1,2,1
805,2024,51688,1,1,1,1,1,2,1
806,2024,208800,1,1,1,3,1,1,1
807,2024,98300,1,1,1,3,1,1,1
808,2024,217800,2,1,1,1,1,2,1
809,2024,135600,2,1,1,1,1,2,1
810,2024,208800,1,1,1,2,1,3,1
811,2024,98300,1,1,1,2,1,3,1
812,2024,312200,1,1,1,1,1,3,1
813,2024,175800,1,1,1,1,1,3,1
814,2024,183600,1,1,1,2,1,1,1
815,2024,121900,1,1,1,2,1,1,1
816,2024,220600,2,1,1,1,1,1,1
817,2024,163000,2,1,1,1,1,1,1
818,2024,110000,1,1,1,2,1,4,1
819,2024,78060,1,1,1,2,1,4,1
820,2024,111662,1,1,1,2,1,1,1
821,2024,185000,1,1,1,1,1,4,1
822,2024,119574,1,1,1,1,1,4,1
823,2024,129620,1,1,1,1,1,1,1
824,2024,140000,1,1,1,2,1,1,1
825,2024,106807,1,1,1,2,1,1,1
826,2024,200000,1,1,1,2,1,1,1
827,2024,136000,1,1,1,2,1,1,1
828,2024,157600,1,1,1,2,1,4,1
829,2024,98500,1,1,1,2,1,4,1
830,2024,176470,1,1,1,1,1,4,1
831,2024,112950,1,1,1,1,1,4,1
832,2024,276800,2,1,1,1,1,1,1
833,2024,173300,2,1,1,1,1,1,1
834,2024,194000,1,1,1,2,1,1,1
835,2024,153000,1,1,1,2,1,1,1
836,2024,171814,1,1,1,1,1,2,1
837,2024,92920,1,1,1,1,1,2,1
838,2024,167687,1,1,1,2,1,5,1
839,2024,100612,1,1,1,2,1,5,1
840,2024,119976,1,1,1,1,1,2,1
841,2024,71986,1,1,1,1,1,2,1
842,2024,110100,1,1,1,3,1,2,1
843,2024,62900,1,1,1,3,1,2,1
844,2024,145000,1,1,1,1,1,2,1
845,2024,57000,1,1,1,1,1,2,1
846,2024,168700,1,1,1,1,1,2,1
847,2024,114900,1,1,1,1,1,2,1
848,2024,154100,1,1,1,1,1,6,1
849,2024,114900,1,1,1,1,1,6,1
850,2024,177000,1,1,1,1,1,2,1
851,2024,106200,1,1,1,1,1,2,1
852,2024,151300,2,1,1,1,1,2,1
853,2024,75000,2,1,1,1,1,2,1
854,2024,109400,1,1,1,3,1,2,1
855,2024,73000,1,1,1,3,1,2,1
856,2024,177000,1,1,1,3,1,2,1
857,2024,106200,1,1,1,3,1,2,1
858,2024,67300,2,1,1,2,1,2,1
859,2024,74750,1,1,1,2,1,2,1
860,2024,55250,1,1,1,2,1,2,1
861,2024,257600,1,1,1,1,1,3,1
862,2024,142700,1,1,1,1,1,3,1
863,2024,211000,1,1,1,1,1,1,1
864,2024,124100,1,1,1,1,1,1,1
865,2024,65300,1,1,1,3,1,2,1
866,2024,35776,1,1,1,3,1,2,1
867,2024,141500,1,1,1,2,1,2,1
868,2024,84900,1,1,1,2,1,2,1
869,2024,162500,1,1,1,2,1,1,1
870,2024,87500,1,1,1,2,1,1,1
871,2024,161800,2,1,1,1,1,2,1
872,2024,97100,2,1,1,1,1,2,1
873,2024,87360,1,1,1,3,1,2,1
874,2024,58240,1,1,1,3,1,2,1
875,2024,220000,1,1,1,2,1,2,1
876,2024,96600,1,1,1,2,1,2,1
877,2024,286000,1,1,1,1,1,2,1
878,2024,143000,1,1,1,1,1,2,1
879,2024,286000,1,1,1,1,1,3,1
880,2024,143000,1,1,1,1,1,3,1
881,2024,196650,1,1,1,1,1,1,1
882,2024,145350,1,1,1,1,1,1,1
883,2024,234000,1,1,1,1,1,4,1
884,2024,117000,1,1,1,1,1,4,1
885,2024,105490,1,1,1,2,1,2,1
886,2024,94940,1,1,1,2,1,2,1
887,2024,110000,1,1,1,3,1,2,1
888,2024,86600,1,1,1,3,1,1,1
889,2024,57700,1,1,1,3,1,1,1
890,2024,337300,1,1,1,1,1,2,1
891,2024,192700,1,1,1,1,1,2,1
892,2024,147702,1,1,1,1,1,2,1
893,2024,118162,1,1,1,1,1,2,1
894,2024,204000,1,1,1,1,1,6,1
895,2024,147000,1,1,1,1,1,6,1
896,2024,196350,2,1,1,1,1,3,1
897,2024,142800,2,1,1,1,1,3,1
898,2024,297000,1,1,1,1,1,3,1
899,2024,168300,1,1,1,1,1,3,1
900,2024,250800,1,1,1,1,1,1,1
901,2024,167200,1,1,1,1,1,1,1
902,2024,385000,1,1,1,2,1,2,1
903,2024,200000,1,1,1,2,1,2,1
904,2024,321000,1,1,1,1,1,4,1
905,2024,214000,1,1,1,1,1,4,1
906,2024,440000,1,1,1,1,1,1,1
907,2024,295000,1,1,1,1,1,1,1
908,2024,48000,1,1,1,2,2,2,1
909,2024,45000,1,1,1,2,2,2,1
910,2024,125000,1,1,1,1,1,4,1
911,2024,115000,1,1,1,1,1,4,1
912,2024,130000,1,1,1,1,1,4,1
913,2024,290000,1,1,1,1,1,1,1
914,2024,180000,1,1,1,1,1,1,1
915,2024,125000,2,1,1,1,1,2,1
916,2024,294000,1,1,1,1,1,2,1
917,2024,117200,1,1,1,1,1,2,1
918,2024,283500,1,1,1,1,1,2,1
919,2024,162000,1,1,1,1,1,2,1
920,2024,85000,2,1,1,3,1,2,1
921,2024,163000,1,1,1,1,1,3,1
922,2024,124000,1,1,1,1,1,3,1
923,2024,200200,1,1,1,1,1,4,1
924,2024,193000,1,1,1,1,1,4,1
925,2024,378700,1,1,1,1,1,1,1
926,2024,219300,1,1,1,1,1,1,1
927,2024,201500,2,1,1,1,1,2,1
928,2024,183000,2,1,1,1,1,2,1
929,2024,276000,1,1,1,1,1,4,1
930,2024,148000,1,1,1,1,1,4,1
931,2024,152400,2,1,1,2,1,1,1
932,2024,73700,2,1,1,2,1,1,1
933,2024,310500,1,1,1,2,1,1,1
934,2024,385250,1,1,1,2,1,4,1
935,2024,200000,1,1,1,2,1,4,1
936,2024,105500,2,1,1,3,1,2,1
937,2024,39600,2,1,1,3,1,2,1
938,2024,302960,1,1,1,1,1,3,1
939,2024,205940,1,1,1,1,1,3,1
940,2024,220850,1,1,1,1,1,1,1
941,2024,165060,1,1,1,1,1,1,1
942,2024,170760,1,1,1,1,1,2,1
943,2024,113840,1,1,1,1,1,2,1
944,2024,212400,1,1,1,3,1,3,1
945,2024,114400,1,1,1,3,1,3,1
946,2024,240000,1,1,1,1,1,2,1
947,2024,240500,1,2,1,1,1,2,1
948,2024,139100,1,2,1,1,1,2,1
949,2024,207800,1,1,1,2,1,1,1
950,2024,143200,1,1,1,2,1,1,1
951,2024,165600,1,2,1,2,1,2,1
952,2024,74100,1,2,1,2,1,2,1
953,2024,225000,1,1,1,1,1,4,1
954,2024,168000,1,1,1,1,1,2,1
955,2024,198000,1,1,1,2,1,2,1
956,2024,145000,1,1,1,2,1,2,1
957,2024,309100,1,1,1,1,1,2,1
958,2024,350000,1,1,1,2,1,2,1
959,2024,135000,1,1,1,2,1,2,1
960,2024,175000,1,1,1,1,1,2,1
961,2024,136000,1,1,1,1,1,2,1
962,2024,215000,1,1,1,1,1,2,1
963,2024,172000,1,1,1,1,1,2,1
964,2024,140000,2,1,1,2,1,2,1
965,2024,110000,2,1,1,2,1,2,1
966,2024,150000,1,1,1,2,1,2,1
967,2024,130000,1,1,1,2,1,2,1
968,2024,300000,1,1,1,1,1,2,1
969,2024,211000,1,1,1,1,1,2,1
970,2024,200000,1,1,1,1,1,1,1
971,2024,150000,1,1,1,1,1,1,1
972,2024,303000,1,1,1,1,1,3,1
973,2024,210000,1,1,1,1,1,3,1
974,2024,310000,1,1,1,1,1,4,1
975,2024,205000,1,1,1,1,1,4,1
976,2024,234500,2,1,1,1,1,3,1
977,2024,187500,2,1,1,1,1,3,1
978,2024,169625,1,1,1,1,1,3,1
979,2024,125375,1,1,1,1,1,3,1
980,2024,168090,1,1,1,3,1,2,1
981,2024,161625,1,1,1,3,1,2,1
982,2024,203866,1,1,1,3,1,1,1
983,2024,196025,1,1,1,3,1,1,1
984,2024,83158,1,1,1,3,1,2,1
985,2024,322000,2,1,1,2,1,1,1
986,2024,230000,2,1,1,2,1,1,1
987,2024,160000,1,1,1,1,1,5,1
988,2024,160000,1,1,1,1,1,3,1
989,2024,130000,1,1,1,1,1,3,1
990,2024,185000,1,1,1,2,1,1,1
991,2024,160000,1,1,1,2,1,1,1
992,2024,233000,2,1,1,1,1,4,1
993,2024,120600,2,1,1,1,1,4,1
994,2024,166000,1,1,1,1,1,1,1
995,2024,140000,1,1,1,1,1,1,1
996,2024,110000,1,1,1,1,1,1,1
997,2024,230000,1,1,1,1,1,4,1
998,2024,120000,1,1,1,2,1,1,1
999,2024,120000,1,1,1,1,1,1,1
1000,2024,86000,1,1,1,2,1,1,1
1001,2024,130000,1,1,1,2,1,3,1
1002,2024,90000,1,1,1,2,1,3,1
1003,2024,272000,1,1,1,1,1,4,1
1004,2024,216000,1,1,1,1,1,4,1
1005,2024,265000,1,1,1,2,1,4,1
1006,2024,160000,1,1,1,2,1,4,1
1007,2024,225500,1,1,1,1,1,1,1
1008,2024,164000,1,1,1,1,1,1,1
1009,2024,231000,1,1,1,2,1,1,1
1010,2024,154000,1,1,1,2,1,1,1
1011,2024,128000,2,1,1,2,1,3,1
1012,2024,94000,2,1,1,2,1,3,1
1013,2024,213600,1,2,1,1,1,1,1
1014,2024,128600,1,2,1,1,1,1,1
1015,2024,261500,1,2,1,1,1,3,1
1016,2024,151300,1,2,1,1,1,3,1
1017,2024,114000,1,1,1,1,1,3,1
1018,2024,92000,1,1,1,1,1,3,1
1019,2024,210000,1,1,1,1,1,2,1
1020,2024,144000,1,1,1,1,1,2,1
1021,2024,310270,1,1,1,1,1,2,1
1022,2024,239080,1,1,1,1,1,2,1
1023,2024,237600,2,2,1,1,1,1,1
1024,2024,110900,2,2,1,1,1,1,1
1025,2024,283780,1,1,1,1,1,4,1
1026,2024,233840,1,1,1,1,1,4,1
1027,2024,225000,2,1,1,1,1,3,1
1028,2024,180000,2,1,1,1,1,3,1
1029,2024,110000,2,1,1,1,1,3,1
1030,2024,250000,1,1,1,1,1,3,1
1031,2024,180000,1,1,1,1,1,3,1
1032,2024,465000,1,1,1,1,1,1,1
1033,2024,310000,1,1,1,1,1,1,1
1034,2024,465000,1,1,1,2,1,1,1
1035,2024,310000,1,1,1,2,1,1,1
1036,2024,385000,1,1,1,2,1,1,1
1037,2024,225000,1,1,1,2,1,1,1
1038,2024,264200,1,1,1,2,1,3,1
1039,2024,143100,1,1,1,2,1,3,1
1040,2024,65000,2,1,1,3,1,2,1
1041,2024,196900,1,1,1,1,1,2,1
1042,2024,192036,1,1,1,1,1,2,1
1043,2024,150000,1,1,1,1,1,2,1
1044,2024,196747,1,1,1,1,1,2,1
1045,2024,124488,1,1,1,1,1,2,1
1046,2024,83500,1,1,1,2,1,2,1
1047,2024,284000,1,1,1,1,1,1,1
1048,2024,189000,1,1,1,1,1,1,1
1049,2024,250200,1,1,1,1,1,4,1
1050,2024,117200,1,1,1,1,1,4,1
1051,2024,234000,1,2,1,1,1,2,1
1052,2024,156000,1,2,1,1,1,2,1
1053,2024,223000,1,1,1,2,1,2,1
1054,2024,151220,1,1,1,1,1,2,1
1055,2024,86390,1,1,1,1,1,2,1
1056,2024,205500,1,1,1,2,1,2,1
1057,2024,136300,1,1,1,2,1,2,1
1058,2024,150000,2,1,1,2,1,2,1
1059,2024,314400,1,1,1,1,1,1,1
1060,2024,161600,1,1,1,1,1,1,1
1061,2024,114586,1,1,1,1,1,2,1
1062,2024,107571,1,1,1,1,1,2,1
1063,2024,340200,2,1,1,4,1,3,1
1064,2024,211800,2,1,1,4,1,3,1
1065,2024,220000,1,1,1,1,1,1,1
1066,2024,222800,1,1,1,1,1,3,1
1067,2024,107100,1,1,1,1,1,3,1
1068,2024,294000,2,1,1,1,1,1,1
1069,2024,137600,2,1,1,1,1,1,1
1070,2024,314400,1,1,1,1,1,3,1
1071,2024,161600,1,1,1,1,1,3,1
1072,2024,294000,1,1,1,1,1,1,1
1073,2024,137600,1,1,1,1,1,1,1
1074,2024,52500,1,1,1,3,1,1,1
1075,2024,43000,1,1,1,3,1,1,1
1076,2024,180000,1,1,1,2,1,4,1
1077,2024,137510,1,1,1,2,1,4,1
1078,2024,150000,1,1,1,2,1,1,1
1079,2024,200200,1,1,1,2,1,4,1
1080,2024,178360,1,1,1,2,1,4,1
1081,2024,268900,1,1,1,1,1,5,1
1082,2024,129200,1,1,1,1,1,5,1
1083,2024,114400,1,1,1,3,1,2,1
1084,2024,76800,1,1,1,3,1,2,1
1085,2024,90000,2,1,1,2,1,2,1
1086,2024,80000,2,1,1,2,1,2,1
1087,2024,99200,1,1,1,3,1,2,1
1088,2024,55600,1,1,1,3,1,2,1
1089,2024,278400,1,1,1,1,1,2,1
1090,2024,185600,1,1,1,1,1,2,1
1091,2024,195655,1,1,1,2,1,2,1
1092,2024,156523,1,1,1,2,1,2,1
1093,2024,163300,1,1,1,1,1,1,1
1094,2024,118700,1,1,1,1,1,1,1
1095,2024,91100,2,1,1,1,1,2,1
1096,2024,66800,2,1,1,1,1,2,1
1097,2024,160000,1,1,1,4,1,2,1
1098,2024,140000,1,1,1,4,1,2,1
1099,2024,91100,2,1,1,2,1,2,1
1100,2024,66800,2,1,1,2,1,2,1
1101,2024,85878,1,1,1,2,1,2,1
1102,2024,75349,1,1,1,2,1,2,1
1103,2024,208000,1,1,1,1,1,2,1
1104,2024,129000,1,1,1,1,1,2,1
1105,2024,138391,1,1,1,2,1,2,1
1106,2024,74476,1,1,1,2,1,2,1
1107,2024,48000,1,1,1,2,1,1,1
1108,2024,163116,2,1,1,1,1,2,1
1109,2024,97870,2,1,1,1,1,2,1
1110,2024,223600,1,1,1,1,1,4,1
1111,2024,152200,1,1,1,1,1,4,1
1112,2024,267000,1,1,1,1,1,1,1
1113,2024,167000,1,1,1,1,1,1,1
1114,2024,155250,1,1,1,2,1,4,1
1115,2024,92650,1,1,1,2,1,4,1
1116,2024,134100,1,1,1,2,1,1,1
1117,2024,90100,1,1,1,2,1,1,1
1118,2024,204100,1,1,1,1,1,1,1
1119,2024,193300,2,1,1,1,1,2,1
1120,2024,122800,2,1,1,1,1,2,1
1121,2024,173040,1,1,1,2,1,2,1
1122,2024,86520,1,1,1,2,1,2,1
1123,2024,134000,1,1,1,1,1,5,1
1124,2024,71000,1,1,1,1,1,5,1
1125,2024,128800,1,1,1,2,1,1,1
1126,2024,75200,1,1,1,2,1,1,1
1127,2024,288400,1,1,1,1,1,2,1
1128,2024,144200,1,1,1,1,1,2,1
1129,2024,143700,1,1,1,2,1,2,1
1130,2024,68400,1,1,1,2,1,2,1
1131,2024,60000,1,1,1,2,1,2,1
1132,2024,52000,1,1,1,2,1,2,1
1133,2024,75300,1,1,1,2,2,2,1
1134,2024,45600,1,1,1,2,2,2,1
1135,2024,237600,1,1,1,1,1,1,1
1136,2024,146900,1,1,1,1,1,1,1
1137,2024,228600,1,1,1,2,1,3,1
1138,2024,120700,1,1,1,2,1,3,1
1139,2024,80750,2,1,1,1,1,2,1
1140,2024,118000,1,1,1,1,1,1,1
1141,2024,82000,1,1,1,1,1,1,1
1142,2024,288400,1,1,1,1,1,4,1
1143,2024,144200,1,1,1,1,1,4,1
1144,2024,471500,1,1,1,1,1,3,1
1145,2024,272000,1,1,1,1,1,3,1
1146,2024,162050,2,1,1,1,1,1,1
1147,2024,101300,2,1,1,1,1,1,1
1148,2024,230000,2,1,1,1,1,5,1
1149,2024,148000,2,1,1,1,1,5,1
1150,2024,156600,1,1,1,1,1,4,1
1151,2024,84200,1,1,1,1,1,4,1
1152,2024,195900,2,1,1,2,1,2,1
1153,2024,153200,2,1,1,2,1,2,1
1154,2024,220000,1,1,1,2,1,3,1
1155,2024,96700,1,1,1,2,1,3,1
1156,2024,154000,1,1,1,2,1,5,1
1157,2024,67700,1,1,1,2,1,5,1
1158,2024,155000,2,1,1,1,1,3,1
1159,2024,115000,2,1,1,1,1,3,1
1160,2024,267500,2,1,1,1,1,3,1
1161,2024,119400,2,1,1,1,1,3,1
1162,2024,185700,2,1,1,2,1,3,1
1163,2024,82900,2,1,1,2,1,3,1
1164,2024,176000,1,1,1,2,1,3,1
1165,2024,72700,1,1,1,2,1,3,1
1166,2024,197900,1,1,1,1,1,3,1
1167,2024,146600,1,1,1,1,1,3,1
1168,2024,199000,1,1,1,1,1,2,1
1169,2024,153000,1,1,1,1,1,2,1
1170,2024,132600,1,1,1,1,1,2,1
1171,2024,80845,1,1,1,1,1,2,1
1172,2024,234000,1,1,1,1,1,2,1
1173,2024,117000,1,1,1,1,1,2,1
1174,2024,110000,1,1,1,1,1,2,1
1175,2024,145200,1,1,1,1,1,1,1
1176,2024,118800,1,1,1,1,1,1,1
1177,2024,286000,1,1,1,1,1,4,1
1178,2024,143000,1,1,1,1,1,4,1
1179,2024,172000,1,1,1,2,1,3,1
1180,2024,75600,1,1,1,2,1,3,1
1181,2024,108000,1,1,1,3,1,4,1
1182,2024,40000,1,1,1,3,1,4,1
1183,2024,259425,2,1,1,1,1,1,1
1184,2024,162041,2,1,1,1,1,1,1
1185,2024,143091,1,1,1,2,1,4,1
1186,2024,95394,1,1,1,2,1,4,1
1187,2024,72000,1,1,1,3,1,1,1
1188,2024,54000,1,1,1,3,1,1,1
1189,2024,166750,1,1,1,1,1,2,1
1190,2024,123250,1,1,1,1,1,2,1
1191,2024,172080,1,1,1,1,1,2,1
1192,2024,114720,1,1,1,1,1,2,1
1193,2024,164600,1,1,1,1,1,2,1
1194,2024,98800,1,1,1,1,1,2,1
1195,2024,132250,1,1,1,1,1,2,1
1196,2024,97750,1,1,1,1,1,2,1
1197,2024,250000,1,1,1,2,1,3,1
1198,2024,170000,1,1,1,2,1,3,1
1199,2024,90000,1,1,1,2,1,2,1
1200,2024,141200,1,1,1,2,1,2,1
1201,2024,57000,1,1,1,2,1,2,1
1202,2024,148950,2,1,1,1,1,2,1
1203,2024,72473,2,1,1,1,1,2,1
1204,2024,136852,1,1,1,1,1,2,1
1205,2024,95797,1,1,1,1,1,2,1
1206,2024,196200,1,1,1,2,1,2,1
1207,2024,118800,1,1,1,2,1,2,1
1208,2024,187000,1,1,1,2,1,2,1
1209,2024,127000,1,1,1,2,1,2,1
1210,2024,251600,1,1,1,2,1,2,1
1211,2024,120100,1,1,1,2,1,2,1
1212,2024,223500,1,1,1,1,1,2,1
1213,2024,109100,1,1,1,1,1,2,1
1214,2024,312200,1,1,1,1,1,2,1
1215,2024,175800,1,1,1,1,1,2,1
1216,2024,250600,1,1,1,1,1,2,1
1217,2024,166600,1,1,1,1,1,2,1
1218,2024,114236,1,1,1,2,1,2,1
1219,2024,130000,1,1,1,2,1,1,1
1220,2024,76000,1,1,1,3,1,2,1
1221,2024,168000,1,1,1,2,1,2,1
1222,2024,80000,1,1,1,2,1,2,1
1223,2024,103100,1,1,1,3,1,2,1
1224,2024,66500,1,1,1,3,1,2,1
1225,2024,142300,1,1,1,1,1,2,1
1226,2024,94900,1,1,1,1,1,2,1
1227,2024,240240,1,1,1,2,1,4,1
1228,2024,213815,1,1,1,2,1,4,1
1229,2024,264200,1,1,1,1,1,3,1
1230,2024,143100,1,1,1,1,1,3,1
1231,2024,250600,1,1,1,1,1,3,1
1232,2024,135400,1,1,1,1,1,3,1
1233,2024,324000,1,1,1,1,1,3,1
1234,2024,159000,1,1,1,1,1,3,1
1235,2024,250600,1,1,1,2,1,1,1
1236,2024,135400,1,1,1,2,1,1,1
1237,2024,239000,1,1,1,1,1,4,1
1238,2024,161000,1,1,1,1,1,4,1
1239,2024,170000,1,1,1,1,1,1,1
1240,2024,259000,2,1,1,1,1,2,1
1241,2024,197625,2,1,1,1,1,2,1
1242,2024,135000,1,1,1,1,1,2,1
1243,2024,97024,1,1,1,1,1,2,1
1244,2024,264200,1,1,1,1,1,4,1
1245,2024,143100,1,1,1,1,1,4,1
1246,2024,190000,1,1,1,1,1,4,1
1247,2024,174200,1,1,1,2,1,1,1
1248,2024,115700,1,1,1,2,1,1,1
1249,2024,158400,1,1,1,1,1,1,1
1250,2024,131000,1,1,1,1,1,1,1
1251,2024,73165,1,1,1,3,1,1,1
1252,2024,58542,1,1,1,3,1,1,1
1253,2024,115000,1,1,1,2,1,3,1
1254,2024,95000,1,1,1,2,1,3,1
1255,2024,125395,1,2,1,2,1,6,1
1256,2024,83597,1,2,1,2,1,6,1
1257,2024,240240,1,1,1,1,1,4,1
1258,2024,203350,1,1,1,1,1,4,1
1259,2024,183600,1,1,1,2,1,2,1
1260,2024,121900,1,1,1,2,1,2,1
1261,2024,124200,1,1,1,1,1,2,1
1262,2024,91800,1,1,1,1,1,2,1
1263,2024,223600,1,1,1,1,1,2,1
1264,2024,152200,1,1,1,1,1,2,1
1265,2024,94050,1,1,1,3,1,2,1
1266,2024,68850,1,1,1,3,1,2,1
1267,2024,86000,1,1,1,3,1,2,1
1268,2024,119100,1,1,1,1,1,2,1
1269,2024,63600,1,1,1,1,1,2,1
1270,2024,133500,2,1,1,1,1,2,1
1271,2024,97900,2,1,1,1,1,2,1
1272,2024,153400,1,1,1,2,1,2,1
1273,2024,82600,1,1,1,2,1,2,1
1274,2024,157000,1,1,1,3,1,2,1
1275,2024,78300,1,1,1,3,1,2,1
1276,2024,165400,1,1,1,1,1,2,1
1277,2024,82000,1,1,1,3,1,3,1
1278,2024,37000,1,1,1,3,1,3,1
1279,2024,126500,1,1,1,2,1,2,1
1280,2024,92000,1,1,1,2,1,2,1
1281,2024,283500,1,1,1,1,1,1,1
1282,2024,206100,1,1,1,1,1,1,1
1283,2024,54000,1,1,1,3,1,2,1
1284,2024,339250,1,1,1,1,1,6,1
1285,2024,180000,1,1,1,1,1,6,1
1286,2024,306000,2,1,1,2,1,3,1
1287,2024,204000,2,1,1,2,1,3,1
1288,2024,139360,1,1,1,3,1,2,1
1289,2024,78000,1,1,1,3,1,2,1
1290,2024,99298,1,1,1,2,1,2,1
1291,2024,85442,1,1,1,2,1,2,1
1292,2024,237400,1,1,1,1,1,1,1
1293,2024,158200,1,1,1,1,1,1,1
1294,2024,134000,2,1,1,1,1,5,1
1295,2024,71000,2,1,1,1,1,5,1
1296,2024,95472,1,1,1,3,1,2,1
1297,2024,63648,1,1,1,3,1,2,1
1298,2024,143700,1,1,1,3,1,2,1
1299,2024,68400,1,1,1,3,1,2,1
1300,2024,117040,2,1,1,1,1,2,1
1301,2024,74500,2,1,1,1,1,2,1
1302,2024,217350,1,1,1,4,1,2,1
1303,2024,266200,1,1,1,1,1,2,1
1304,2024,205700,1,1,1,1,1,2,1
1305,2024,419750,1,1,1,1,1,1,1
1306,2024,148000,1,1,1,1,1,1,1
1307,2024,419750,2,1,1,1,1,3,1
1308,2024,272000,2,1,1,1,1,3,1
1309,2024,276000,1,1,1,1,1,1,1
1310,2024,253000,1,1,1,1,1,1,1
1311,2024,225607,1,1,1,1,1,3,1
1312,2024,150405,1,1,1,1,1,3,1
1313,2024,203600,1,1,1,1,1,1,1
1314,2024,127500,1,1,1,1,1,1,1
1315,2024,115605,1,1,1,1,1,2,1
1316,2024,84700,1,1,1,1,1,2,1
1317,2024,304750,1,1,1,1,1,1,1
1318,2024,260590,1,1,1,1,1,2,1
1319,2024,259200,1,1,1,1,1,2,1
1320,2024,157000,1,1,1,1,1,2,1
1321,2024,176000,1,1,1,1,1,2,1
1322,2024,203000,1,1,1,2,1,2,1
1323,2024,102082,1,1,1,3,1,2,1
1324,2024,43888,1,1,1,3,1,2,1
1325,2024,132500,1,1,1,4,1,2,1
1326,2024,80000,1,1,1,4,1,2,1
1327,2024,119392,1,1,1,3,1,2,1
1328,2024,79594,1,1,1,3,1,2,1
1329,2024,159120,1,1,1,2,1,1,1
1330,2024,60300,1,1,1,2,1,1,1
1331,2024,170040,1,1,1,1,1,2,1
1332,2024,97600,1,1,1,1,1,2,1
1333,2024,212160,1,1,1,4,1,1,1
1334,2024,141440,1,1,1,4,1,1,1
1335,2024,144000,1,1,1,4,1,2,1
1336,2024,85000,1,1,1,4,1,2,1
1337,2024,193000,1,1,1,1,1,1,1
1338,2024,84600,1,1,1,1,1,1,1
1339,2024,196320,1,1,1,1,1,2,1
1340,2024,130880,1,1,1,1,1,2,1
1341,2024,179442,1,1,1,1,1,1,1
1342,2024,119628,1,1,1,1,1,1,1
1343,2024,260590,1,1,1,1,1,4,1
1344,2024,130295,1,1,1,1,1,4,1
1345,2024,339500,1,1,1,1,1,3,1
1346,2024,210500,1,1,1,1,1,3,1
1347,2024,143100,1,1,1,2,1,1,1
1348,2024,90200,1,1,1,2,1,1,1
1349,2024,273931,1,1,1,1,1,2,1
1350,2024,202472,1,1,1,1,1,2,1
1351,2024,227950,1,1,1,2,1,2,1
1352,2024,126100,1,1,1,2,1,2,1
1353,2024,122200,1,1,1,2,1,1,1
1354,2024,67600,1,1,1,2,1,1,1
1355,2024,166000,1,1,1,1,1,2,1
1356,2024,83000,1,1,1,1,1,2,1
1357,2024,278000,1,1,1,1,1,2,1
1358,2024,148000,1,1,1,1,1,2,1
1359,2024,122200,1,1,1,2,1,4,1
1360,2024,67600,1,1,1,2,1,4,1
1361,2024,107600,1,1,1,2,1,2,1
1362,2024,64600,1,1,1,2,1,2,1
1363,2024,166500,1,1,1,2,1,2,1
1364,2024,99900,1,1,1,2,1,2,1
1365,2024,277000,1,1,1,1,1,1,1
1366,2024,173000,1,1,1,1,1,1,1
1367,2024,105972,1,1,1,2,1,2,1
1368,2024,68964,1,1,1,2,1,2,1
1369,2024,186000,1,1,1,2,1,2,1
1370,2024,124000,1,1,1,2,1,2,1
1371,2024,172600,1,2,1,2,1,2,1
1372,2024,103300,1,2,1,2,1,2,1
1373,2024,122000,1,1,1,1,1,2,1
1374,2024,212800,1,2,1,2,1,2,1
1375,2024,129400,1,2,1,2,1,2,1
1376,2024,115000,1,1,1,2,1,1,1
1377,2024,90000,1,1,1,2,1,1,1
1378,2024,212800,1,2,1,1,1,1,1
1379,2024,136000,1,2,1,1,1,1,1
1380,2024,142000,1,1,1,1,1,1,1
1381,2024,183000,1,1,1,2,1,1,1
1382,2024,122000,1,1,1,2,1,1,1
1383,2024,252000,1,1,1,1,1,1,1
1384,2024,138000,1,1,1,1,1,1,1
1385,2024,142800,1,2,1,2,1,1,1
1386,2024,66800,1,2,1,2,1,1,1
1387,2024,165000,1,1,1,1,1,1,1
1388,2024,115000,1,1,1,1,1,1,1
1389,2024,156400,1,1,1,2,1,4,1
1390,2024,93800,1,1,1,2,1,4,1
1391,2024,260100,2,1,1,2,1,3,1
1392,2024,185800,2,1,1,2,1,3,1
1393,2024,190000,2,1,1,1,1,3,1
1394,2024,120000,2,1,1,1,1,3,1
1395,2024,150000,1,1,1,1,1,3,1
1396,2024,90000,1,1,1,1,1,3,1
1397,2024,350000,1,1,1,1,1,1,1
1398,2024,235000,1,1,1,1,1,1,1
1399,2024,255000,1,1,1,1,1,5,1
1400,2024,170000,1,1,1,1,1,5,1
1401,2024,300000,1,1,1,2,1,1,1
1402,2024,254000,1,1,1,1,1,2,1
1403,2024,132000,1,1,1,1,1,2,1
1404,2024,245000,1,1,1,2,1,2,1
1405,2024,237000,2,1,1,1,1,2,1
1406,2024,201450,2,1,1,1,1,2,1
1407,2024,93919,1,1,1,2,1,2,1
1408,2024,53521,1,1,1,2,1,2,1
1409,2024,160000,2,1,1,2,1,1,1
1410,2024,180000,1,1,1,3,1,2,1
1411,2024,155000,1,1,1,1,1,2,1
1412,2024,108120,1,1,1,1,1,2,1
1413,2024,75000,1,1,1,3,1,2,1
1414,2024,98000,1,1,1,2,1,2,1
1415,2024,82400,1,1,1,2,1,2,1
1416,2024,162000,1,1,1,1,3,2,1
1417,2024,140000,1,1,1,1,3,2,1
1418,2024,172000,2,1,1,1,1,2,1
1419,2024,137000,2,1,1,1,1,2,1
1420,2024,85008,1,1,1,3,1,2,1
1421,2024,50736,1,1,1,3,1,2,1
1422,2024,135000,2,1,1,2,1,2,1
1423,2024,310000,1,1,1,1,1,2,1
1424,2024,245000,1,1,1,1,1,2,1
1425,2024,207000,2,1,1,1,1,1,1
1426,2024,155300,2,1,1,1,1,1,1
1427,2024,200000,1,1,1,2,1,3,1
1428,2024,140000,1,1,1,2,1,3,1
1429,2024,115000,1,1,1,3,1,2,1
1430,2024,95000,1,1,1,3,1,2,1
1431,2024,175000,1,1,1,1,1,1,1
1432,2024,125000,1,1,1,1,1,1,1
1433,2024,187000,2,1,1,1,1,1,1
1434,2024,121000,2,1,1,1,1,1,1
1435,2024,178200,1,1,1,3,1,1,1
1436,2024,118800,1,1,1,3,1,1,1
1437,2024,197000,2,1,1,1,1,1,1
1438,2024,131000,2,1,1,1,1,1,1
1439,2024,250800,1,1,1,1,1,4,1
1440,2024,167200,1,1,1,1,1,4,1
1441,2024,324000,1,1,1,1,1,4,1
1442,2024,159000,1,1,1,1,1,4,1
1443,2024,266157,2,1,1,2,1,6,1
1444,2024,133238,2,1,1,2,1,6,1
1445,2024,350000,1,1,1,4,1,5,1
1446,2024,180000,1,1,1,4,1,5,1
1447,2024,124400,1,1,1,3,1,2,1
1448,2024,100000,1,1,1,3,1,2,1
1449,2024,134000,1,1,1,2,1,2,1
1450,2024,129000,1,1,1,2,1,2,1
1451,2024,95520,1,1,1,3,1,1,1
1452,2024,85000,1,1,1,1,1,2,1
1453,2024,108000,1,1,1,1,1,2,1
1454,2024,178200,1,1,1,2,1,1,1
1455,2024,118800,1,1,1,2,1,1,1
1456,2024,270000,1,1,1,2,1,1,1
1457,2024,190000,1,1,1,2,1,1,1
1458,2024,331640,1,1,1,1,1,4,1
1459,2024,170000,2,1,1,1,1,1,1
1460,2024,130000,2,1,1,1,1,1,1
1461,2024,208000,1,1,1,1,1,1,1
1462,2024,147000,1,1,1,1,1,1,1
1463,2024,312200,1,1,1,1,1,1,1
1464,2024,175800,1,1,1,1,1,1,1
1465,2024,176000,1,1,1,2,1,2,1
1466,2024,155000,1,1,1,2,1,3,1
1467,2024,237500,1,1,1,1,1,1,1
1468,2024,208800,1,1,1,2,1,2,1
1469,2024,98300,1,1,1,2,1,2,1
1470,2024,132500,2,1,1,2,1,2,1
1471,2024,117500,2,1,1,2,1,2,1
1472,2024,174000,1,1,1,1,1,2,1
1473,2024,100000,1,1,1,1,1,2,1
1474,2024,124500,1,1,1,3,1,2,1
1475,2024,250200,1,1,1,1,1,2,1
1476,2024,170000,1,1,1,1,1,3,1
1477,2024,155000,1,1,1,1,1,3,1
1478,2024,137600,1,1,1,1,1,2,1
1479,2024,117000,1,1,1,1,1,1,1
1480,2024,120000,2,1,1,3,1,2,1
1481,2024,79968,2,1,1,3,1,2,1
1482,2024,158400,1,1,1,1,1,4,1
1483,2024,137259,1,1,1,1,1,4,1
1484,2024,174000,1,1,1,2,1,1,1
1485,2024,118000,1,1,1,2,1,1,1
1486,2024,193200,1,1,1,2,1,4,1
1487,2024,128300,1,1,1,2,1,4,1
1488,2024,66000,1,1,1,3,1,4,1
1489,2024,50000,1,1,1,3,1,4,1
1490,2024,179000,1,1,1,1,1,4,1
1491,2024,112000,1,1,1,1,1,4,1
1492,2024,293800,1,1,1,1,1,1,1
1493,2024,165500,1,1,1,1,1,1,1
1494,2024,136038,1,1,1,1,1,2,1
1495,2024,202000,1,1,1,1,1,2,1
1496,2024,141000,1,1,1,1,1,2,1
1497,2024,113000,1,1,1,1,1,2,1
1498,2024,152000,1,1,1,2,1,2,1
1499,2024,110500,1,1,1,2,1,2,1
1500,2024,98900,1,1,1,2,1,2,1
1501,2024,65900,1,1,1,2,1,2,1
1502,2024,278300,1,1,1,1,1,2,1
1503,2024,139100,1,1,1,1,1,2,1
1504,2024,147900,1,1,1,1,1,2,1
1505,2024,103500,1,1,1,1,1,2,1
1506,2024,113800,2,1,1,3,1,2,1
1507,2024,79700,2,1,1,3,1,2,1
1508,2024,113800,1,1,1,1,1,2,1
1509,2024,79700,1,1,1,1,1,2,1
1510,2024,137972,1,1,1,3,1,2,1
1511,2024,82783,1,1,1,3,1,2,1
1512,2024,122100,2,1,1,2,1,5,1
1513,2024,65800,2,1,1,2,1,5,1
1514,2024,95300,1,1,1,3,1,2,1
1515,2024,115000,1,1,1,1,1,2,1
1516,2024,98000,1,1,1,1,1,2,1
1517,2024,139000,2,1,1,1,1,2,1
1518,2024,102000,2,1,1,1,1,2,1
1519,2024,97800,2,1,1,2,1,1,1
1520,2024,71100,2,1,1,2,1,1,1
1521,2024,119800,2,1,1,3,1,2,1
1522,2024,102300,1,1,1,2,1,2,1
1523,2024,80200,1,1,1,2,1,2,1
1524,2024,125000,2,1,1,1,1,1,1
1525,2024,95000,2,1,1,1,1,1,1
1526,2024,179400,1,1,1,1,1,4,1
1527,2024,110500,1,1,1,1,1,4,1
1528,2024,185150,1,1,1,1,1,4,1
1529,2024,114750,1,1,1,1,1,4,1
1530,2024,117300,1,1,1,2,1,4,1
1531,2024,86700,1,1,1,2,1,4,1
1532,2024,198950,1,1,1,1,1,6,1
1533,2024,119850,1,1,1,1,1,6,1
1534,2024,184000,1,1,1,1,1,1,1
1535,2024,287500,2,1,1,1,1,1,1
1536,2024,165500,2,1,1,1,1,1,1
1537,2024,339250,1,1,1,1,1,1,1
1538,2024,339250,1,1,1,1,1,4,1
1539,2024,276000,1,1,1,1,1,3,1
1540,2024,148000,1,1,1,1,1,3,1
1541,2024,143800,1,1,1,2,1,2,1
1542,2024,95900,1,1,1,2,1,2,1
1543,2024,101000,1,1,1,1,1,2,1
1544,2024,340100,1,1,1,1,1,1,1
1545,2024,168200,1,1,1,1,1,1,1
1546,2024,208000,1,1,1,2,1,2,1
1547,2024,166000,1,1,1,2,1,2,1
1548,2024,118000,1,1,1,1,1,2,1
1549,2024,82000,1,1,1,1,1,2,1
1550,2024,227700,1,1,1,1,1,2,1
1551,2024,151800,1,1,1,1,1,2,1
1552,2024,175100,1,1,1,1,1,2,1
1553,2024,103000,1,1,1,1,1,2,1
1554,2024,200200,1,1,1,1,1,2,1
1555,2024,111200,1,1,1,1,1,2,1
1556,2024,111078,1,1,1,2,1,2,1
1557,2024,80784,1,1,1,2,1,2,1
1558,2024,269640,2,1,1,1,1,4,1
1559,2024,163420,2,1,1,1,1,4,1
1560,2024,213400,2,1,1,2,1,2,1
1561,2024,135500,2,1,1,2,1,2,1
1562,2024,183580,2,1,1,1,1,4,1
1563,2024,111260,2,1,1,1,1,4,1
1564,2024,429100,1,1,1,1,1,1,1
1565,2024,201100,1,1,1,1,1,1,1
1566,2024,199680,1,1,1,1,1,1,1
1567,2024,122304,1,1,1,1,1,1,1
1568,2024,80000,1,1,1,2,1,3,1
1569,2024,85000,1,1,1,1,1,1,1
1570,2024,113000,1,1,1,1,1,4,1
1571,2024,48000,1,1,1,3,1,1,1
1572,2024,38000,1,1,1,3,1,1,1
1573,2024,231000,2,1,1,1,1,3,1
1574,2024,147000,2,1,1,1,1,3,1
1575,2024,155100,2,1,1,1,1,1,1
1576,2024,63000,2,1,1,1,1,1,1
1577,2024,123570,1,1,1,1,1,2,1
1578,2024,146000,1,1,1,1,1,2,1
1579,2024,72700,1,1,1,2,1,2,1
1580,2024,185123,1,1,1,2,1,2,1
1581,2024,123419,1,1,1,2,1,2,1
1582,2024,75600,1,1,1,1,1,2,1
1583,2024,167500,1,1,1,4,1,2,1
1584,2024,100000,1,1,1,4,1,2,1
1585,2024,222900,2,1,1,3,1,2,1
1586,2024,99500,2,1,1,3,1,2,1
1587,2024,222900,2,1,1,2,1,2,1
1588,2024,99500,2,1,1,2,1,2,1
1589,2024,185000,1,1,1,3,1,2,1
1590,2024,234300,1,1,1,2,1,1,1
1591,2024,96900,1,1,1,2,1,1,1
1592,2024,38000,2,1,1,2,1,2,1
1593,2024,30000,2,1,1,2,1,2,1
1594,2024,193400,1,1,1,1,1,1,1
1595,2024,117200,1,1,1,1,1,1,1
1596,2024,112500,1,1,1,1,1,2,1
1597,2024,294000,1,1,1,2,1,1,1
1598,2024,226000,1,1,1,2,1,1,1
1599,2024,100000,1,1,1,3,2,2,1
1600,2024,153925,1,1,1,2,1,2,1
1601,2024,85150,1,1,1,2,1,2,1
1602,2024,171000,1,1,1,1,1,2,1
1603,2024,146100,1,1,1,2,1,2,1
1604,2024,96741,1,1,1,2,1,2,1
1605,2024,130000,1,1,1,1,1,2,1
1606,2024,78000,1,1,1,1,1,2,1
1607,2024,274200,1,1,1,1,1,2,1
1608,2024,159400,1,1,1,1,1,2,1
1609,2024,99875,1,1,1,3,1,4,1
1610,2024,55250,1,1,1,3,1,4,1
1611,2024,46000,2,1,1,3,1,2,1
1612,2024,40000,2,1,1,3,1,2,1
1613,2024,184000,1,1,1,1,1,3,1
1614,2024,145000,2,1,1,1,1,2,1
1615,2024,115000,2,1,1,1,1,2,1
1616,2024,337300,1,1,1,1,1,1,1
1617,2024,192700,1,1,1,1,1,1,1
1618,2024,223600,1,2,1,2,1,1,1
1619,2024,129300,1,2,1,2,1,1,1
1620,2024,160000,2,1,1,3,1,2,1
1621,2024,205776,2,1,1,1,1,1,1
1622,2024,164621,2,1,1,1,1,1,1
1623,2024,192600,1,2,1,1,1,5,1
1624,2024,88400,1,2,1,1,1,5,1
1625,2024,149200,2,1,1,1,1,5,1
1626,2024,99400,2,1,1,1,1,5,1
1627,2024,365000,1,1,1,2,1,2,1
1628,2024,165400,1,1,1,2,1,3,1
1629,2024,127300,1,1,1,2,1,3,1
1630,2024,425000,1,1,1,2,1,3,1
1631,2024,340000,1,1,1,2,1,3,1
1632,2024,188100,1,1,1,1,1,3,1
1633,2024,124800,1,1,1,1,1,3,1
1634,2024,290000,2,1,1,1,1,3,1
1635,2024,200000,2,1,1,1,1,3,1
1636,2024,230000,2,1,1,1,1,1,1
1637,2024,144000,2,1,1,1,1,1,1
1638,2024,195540,1,1,1,1,1,3,1
1639,2024,136878,1,1,1,1,1,3,1
1640,2024,238280,1,1,1,2,1,1,1
1641,2024,165760,1,1,1,2,1,1,1
1642,2024,187000,2,1,1,1,1,2,1
1643,2024,134300,1,1,1,2,1,2,1
1644,2024,88000,1,1,1,2,1,2,1
1645,2024,206000,2,1,1,1,1,2,1
1646,2024,175308,1,1,1,1,1,2,1
1647,2024,122716,1,1,1,1,1,2,1
1648,2024,385000,1,1,1,1,1,2,1
1649,2024,297000,1,1,1,1,1,2,1
1650,2024,138000,1,1,1,1,1,2,1
1651,2024,235750,1,1,1,2,1,2,1
1652,2024,144500,1,1,1,2,1,2,1
1653,2024,255000,1,1,1,1,1,2,1
1654,2024,156000,1,1,1,1,1,2,1
1655,2024,440000,1,1,1,2,1,1,1
1656,2024,295000,1,1,1,2,1,1,1
1657,2024,95000,1,1,1,2,1,1,1
1658,2024,55000,1,1,1,2,1,1,1
1659,2024,252000,1,1,1,2,1,4,1
1660,2024,138000,1,1,1,2,1,4,1
1661,2024,286000,1,1,1,1,1,1,1
1662,2024,226000,1,1,1,1,1,1,1
1663,2024,158000,1,1,1,2,1,1,1
1664,2024,243000,1,1,1,1,1,1,1
1665,2024,192000,1,1,1,1,1,1,1
1666,2024,306800,1,1,1,2,1,2,1
1667,2024,151400,1,1,1,2,1,2,1
1668,2024,135000,1,1,1,2,1,1,1
1669,2024,110000,1,1,1,2,1,1,1
1670,2024,130000,2,1,1,1,1,2,1
1671,2024,260000,1,1,1,1,1,1,1
1672,2024,165000,2,1,1,2,1,1,1
1673,2024,136000,2,1,1,2,1,1,1
1674,2024,128544,1,1,1,2,1,1,1
1675,2024,74984,1,1,1,2,1,1,1
1676,2024,165000,1,1,1,2,1,1,1
1677,2024,99000,1,1,1,2,1,1,1
1678,2024,52000,1,1,1,2,1,1,1
1679,2024,180000,1,1,1,2,1,3,1
1680,2024,170500,1,1,1,1,1,2,1
1681,2024,124000,1,1,1,1,1,2,1
1682,2024,99000,1,1,1,2,3,2,1
1683,2024,81000,1,1,1,2,3,2,1
1684,2024,85000,1,1,1,3,1,2,1
1685,2024,45000,1,1,1,3,1,2,1
1686,2024,72467,1,1,1,3,1,2,1
1687,2024,51688,1,1,1,3,1,2,1
1688,2024,214500,1,1,1,2,1,3,1
1689,2024,312200,1,1,1,2,1,3,1
1690,2024,175800,1,1,1,2,1,3,1
1691,2024,296300,1,1,1,2,1,3,1
1692,2024,166600,1,1,1,2,1,3,1
1693,2024,250600,1,1,1,1,1,1,1
1694,2024,135400,1,1,1,1,1,1,1
1695,2024,248700,1,1,1,1,1,2,1
1696,2024,136300,1,1,1,1,1,2,1
1697,2024,124620,1,1,1,1,1,2,1
1698,2024,178000,2,1,1,2,1,2,1
1699,2024,94000,2,1,1,2,1,2,1
1700,2024,389500,1,1,1,2,1,1,1
1701,2024,212800,1,1,1,2,1,1,1
1702,2024,250600,1,1,1,2,1,3,1
1703,2024,135400,1,1,1,2,1,3,1
1704,2024,220000,1,1,1,1,1,3,1
1705,2024,250600,1,1,1,1,1,4,1
1706,2024,135400,1,1,1,1,1,4,1
1707,2024,322875,1,1,1,1,1,1,1
1708,2024,193725,1,1,1,1,1,1,1
1709,2024,264200,1,1,1,2,1,4,1
1710,2024,143100,1,1,1,2,1,4,1
1711,2024,216000,1,1,1,2,1,1,1
1712,2024,178300,1,1,1,2,1,4,1
1713,2024,114100,1,1,1,2,1,4,1
1714,2024,178300,1,1,1,2,1,1,1
1715,2024,114100,1,1,1,2,1,1,1
1716,2024,337000,1,1,1,1,1,4,1
1717,2024,237000,1,1,1,1,1,4,1
1718,2024,337250,1,1,1,3,1,1,1
1719,2024,184300,1,1,1,3,1,1,1
1720,2024,177600,2,1,1,1,1,3,1
1721,2024,101500,2,1,1,1,1,3,1
1722,2024,86000,1,1,1,1,1,1,1
1723,2024,250200,1,1,1,1,1,1,1
1724,2024,253000,1,1,1,1,1,3,1
1725,2024,93000,1,1,1,3,1,2,1
1726,2024,128300,1,1,1,2,1,2,1
1727,2024,73300,1,1,1,2,1,2,1
1728,2024,142300,1,1,1,3,1,2,1
1729,2024,94900,1,1,1,3,1,2,1
1730,2024,145800,1,1,1,2,1,2,1
1731,2024,83300,1,1,1,2,1,2,1
1732,2024,210100,1,1,1,1,1,2,1
1733,2024,300000,1,1,1,4,1,1,1
1734,2024,125000,1,1,1,4,1,1,1
1735,2024,173500,1,1,1,3,1,2,1
1736,2024,63300,1,1,1,3,1,2,1
1737,2024,246000,1,1,1,1,1,1,1
1738,2024,228800,1,1,1,1,1,1,1
1739,2024,152600,1,1,1,1,1,1,1
1740,2024,190200,1,1,1,1,1,1,1
1741,2024,126800,1,1,1,1,1,1,1
1742,2024,186200,1,1,1,1,1,1,1
1743,2024,138900,1,1,1,1,1,1,1
1744,2024,160000,2,1,1,1,1,6,1
1745,2024,140000,2,1,1,1,1,6,1
1746,2024,230400,1,1,1,2,1,1,1
1747,2024,110500,1,1,1,2,1,1,1
1748,2024,92500,1,1,1,2,1,1,1
1749,2024,81500,1,1,1,3,1,5,1
1750,2024,54300,1,1,1,3,1,5,1
1751,2024,158000,2,1,1,2,1,5,1
1752,2024,98900,2,1,1,2,1,5,1
1753,2024,200750,1,1,1,2,1,1,1
1754,2024,130305,1,1,1,2,1,1,1
1755,2024,127000,1,1,1,1,1,4,1
1756,2024,163000,1,1,1,2,1,1,1
1757,2024,181300,1,1,1,2,1,2,1
1758,2024,108800,1,1,1,2,1,2,1
1759,2024,228900,1,1,1,3,1,2,1
1760,2024,137300,1,1,1,3,1,2,1
1761,2024,140000,2,1,1,1,1,2,1
1762,2024,99400,1,1,1,2,1,2,1
1763,2024,59600,1,1,1,2,1,2,1
1764,2024,82000,1,1,1,3,1,2,1
1765,2024,44000,1,1,1,3,1,2,1
1766,2024,345000,1,1,1,1,1,1,1
1767,2024,196000,1,1,1,1,1,1,1
1768,2024,228000,1,1,1,2,1,1,1
1769,2024,143000,1,1,1,2,1,1,1
1770,2024,217300,1,1,1,1,1,2,1
1771,2024,130400,1,1,1,1,1,2,1
1772,2024,222480,1,1,1,1,1,2,1
1773,2024,111240,1,1,1,1,1,2,1
1774,2024,258750,1,1,1,1,1,4,1
1775,2024,164000,1,1,1,1,1,4,1
1776,2024,101500,1,1,1,1,1,2,1
1777,2024,81200,1,1,1,1,1,2,1
1778,2024,114192,1,1,1,1,1,2,1
1779,2024,74128,1,1,1,1,1,2,1
1780,2024,139000,1,1,1,3,1,2,1
1781,2024,83400,1,1,1,3,1,2,1
1782,2024,242830,1,1,1,1,1,3,1
1783,2024,181510,1,1,1,1,1,3,1
1784,2024,220842,1,1,1,1,1,4,1
1785,2024,92036,1,1,1,1,1,4,1
1786,2024,269640,2,1,1,2,1,1,1
1787,2024,163420,2,1,1,2,1,1,1
1788,2024,99890,1,1,1,1,1,3,1
1789,2024,72647,1,1,1,1,1,3,1
1790,2024,78800,1,1,1,2,1,2,1
1791,2024,181901,1,1,1,1,1,1,1
1792,2024,148945,1,1,1,1,1,1,1
1793,2024,116040,1,1,1,2,1,2,1
1794,2024,77360,1,1,1,2,1,2,1
1795,2024,96700,1,1,1,1,1,4,1
1796,2024,131805,2,1,1,2,1,1,1
1797,2024,97421,2,1,1,2,1,1,1
1798,2024,172000,1,1,1,1,1,5,1
1799,2024,75600,1,1,1,1,1,5,1
1800,2024,199000,1,1,1,1,1,3,1
1801,2024,153000,1,1,1,1,1,3,1
1802,2024,48000,1,1,1,3,1,3,1
1803,2024,42000,1,1,1,3,1,3,1
1804,2024,198600,1,1,1,1,1,2,1
1805,2024,213210,1,1,1,1,1,2,1
1806,2024,106605,1,1,1,1,1,2,1
1807,2024,212160,1,1,1,1,1,2,1
1808,2024,141440,1,1,1,1,1,2,1
1809,2024,201900,1,1,1,1,1,2,1
1810,2024,259425,1,1,1,1,1,3,1
1811,2024,162041,1,1,1,1,1,3,1
1812,2024,327200,2,1,1,1,1,4,1
1813,2024,138400,2,1,1,1,1,4,1
1814,2024,106370,1,1,1,3,1,2,1
1815,2024,76230,1,1,1,3,1,2,1
1816,2024,145860,1,1,1,2,1,1,1
1817,2024,66330,1,1,1,2,1,1,1
1818,2024,87500,1,1,1,1,1,2,1
1819,2024,120000,1,1,1,1,1,4,1
1820,2024,143000,2,1,1,3,1,5,1
1821,2024,87000,2,1,1,3,1,5,1
1822,2024,218500,1,1,1,2,1,2,1
1823,2024,109300,1,1,1,2,1,2,1
1824,2024,159600,1,1,1,1,1,3,1
1825,2024,91650,2,1,1,2,1,2,1
1826,2024,50700,2,1,1,2,1,2,1
1827,2024,189000,1,1,1,1,1,2,1
1828,2024,107000,1,1,1,1,1,2,1
1829,2024,269075,1,1,1,1,1,3,1
1830,2024,148850,1,1,1,1,1,3,1
1831,2024,159000,1,1,1,1,1,2,1
1832,2024,227900,1,1,1,1,1,3,1
1833,2024,157100,1,1,1,1,1,3,1
1834,2024,223600,1,2,1,2,1,3,1
1835,2024,129300,1,2,1,2,1,3,1
1836,2024,85000,2,1,1,1,1,2,1
1837,2024,215000,2,1,1,1,1,2,1
1838,2024,185000,2,1,1,1,1,2,1
1839,2024,202800,1,2,1,1,1,2,1
1840,2024,117300,1,2,1,1,1,2,1
1841,2024,113000,1,1,1,2,1,4,1
1842,2024,79900,1,1,1,2,1,4,1
1843,2024,205000,1,1,1,1,1,2,1
1844,2024,183552,2,1,1,1,1,2,1
1845,2024,152960,2,1,1,1,1,2,1
1846,2024,180400,2,1,1,1,1,2,1
1847,2024,176000,2,1,1,1,1,2,1
1848,2024,125800,2,1,1,1,1,2,1
1849,2024,205700,1,1,1,2,1,3,1
1850,2024,131000,1,1,1,2,1,3,1
1851,2024,330000,2,1,1,1,1,1,1
1852,2024,250000,2,1,1,1,1,1,1
1853,2024,350000,2,1,1,1,1,1,1
1854,2024,272000,2,1,1,1,1,1,1
1855,2024,217500,2,1,1,1,1,2,1
1856,2024,157000,2,1,1,1,1,2,1
1857,2024,190000,1,1,1,2,1,2,1
1858,2024,173000,1,1,1,2,1,2,1
1859,2024,120000,2,1,1,3,3,2,1
1860,2024,100000,2,1,1,3,3,2,1
1861,2024,173100,2,1,1,1,1,3,1
1862,2024,108200,2,1,1,1,1,3,1
1863,2024,314800,1,1,1,1,1,1,1
1864,2024,209800,1,1,1,1,1,1,1
1865,2024,214000,2,1,1,1,1,2,1
1866,2024,138000,2,1,1,1,1,2,1
1867,2024,167200,1,1,1,1,1,2,1
1868,2024,155000,1,1,1,2,1,2,1
1869,2024,212000,2,1,1,1,1,3,1
1870,2024,180265,2,1,1,1,1,3,1
1871,2024,174000,2,1,1,2,1,3,1
1872,2024,147900,2,1,1,2,1,3,1
1873,2024,218000,1,1,1,1,1,2,1
1874,2024,560000,1,1,1,2,1,1,1
1875,2024,320000,1,1,1,2,1,1,1
1876,2024,153500,1,1,1,3,1,4,1
1877,2024,122800,1,1,1,3,1,4,1
1878,2024,147700,2,1,1,1,1,4,1
1879,2024,118200,2,1,1,1,1,4,1
1880,2024,187000,1,1,1,1,1,2,1
1881,2024,243500,1,1,1,1,1,2,1
1882,2024,190000,2,1,1,2,1,2,1
1883,2024,124000,2,1,1,2,1,2,1
1884,2024,247300,1,1,1,1,1,5,1
1885,2024,139900,1,1,1,1,1,5,1
1886,2024,196720,1,1,1,2,1,1,1
1887,2024,118860,1,1,1,2,1,1,1
1888,2024,94620,1,1,1,1,1,2,1
1889,2024,75700,1,1,1,1,1,2,1
1890,2024,94600,1,1,1,3,1,2,1
1891,2024,68800,1,1,1,3,1,2,1
1892,2024,289400,2,1,1,1,1,1,1
1893,2024,206700,2,1,1,1,1,1,1
1894,2024,180600,2,1,1,1,1,1,1
1895,2024,161000,1,1,1,1,1,1,1
1896,2024,250000,1,1,1,1,1,1,1
1897,2024,280000,1,1,1,2,1,4,1
1898,2024,210000,1,1,1,2,1,4,1
1899,2024,213000,1,1,1,2,1,1,1
1900,2024,213000,1,1,1,1,1,1,1
1901,2024,312200,1,1,1,1,1,4,1
1902,2024,175800,1,1,1,1,1,4,1
1903,2024,75000,1,1,1,2,1,2,1
1904,2024,104000,1,1,1,1,1,2,1
1905,2024,147430,1,1,1,2,1,2,1
1906,2024,88275,1,1,1,2,1,2,1
1907,2024,109000,2,1,1,3,1,2,1
1908,2024,47000,2,1,1,3,1,2,1
1909,2024,278900,1,1,1,1,1,1,1
1910,2024,157000,1,1,1,1,1,1,1
1911,2024,122256,1,1,1,1,1,2,1
1912,2024,94300,1,1,1,1,1,2,1
1913,2024,178000,1,1,1,2,1,1,1
1914,2024,120000,1,1,1,2,1,2,1
1915,2024,285000,1,1,1,4,1,2,1
1916,2024,260000,1,1,1,4,1,2,1
1917,2024,208800,2,1,1,1,1,5,1
1918,2024,97100,2,1,1,1,1,5,1
1919,2024,294000,1,1,1,1,1,4,1
1920,2024,137600,1,1,1,1,1,4,1
1921,2024,184000,1,1,1,1,1,2,1
1922,2024,91800,1,1,1,2,1,2,1
1923,2024,380424,1,1,1,4,1,2,1
1924,2024,294780,1,1,1,4,1,2,1
1925,2024,169700,1,1,1,1,1,2,1
1926,2024,93300,1,1,1,1,1,2,1
1927,2024,250600,1,1,1,3,1,3,1
1928,2024,135400,1,1,1,3,1,3,1
1929,2024,188750,1,1,1,1,1,3,1
1930,2024,130100,1,1,1,1,1,3,1
1931,2024,250200,1,1,1,1,1,5,1
1932,2024,117200,1,1,1,1,1,5,1
1933,2024,208000,1,1,1,2,1,4,1
1934,2024,141340,1,1,1,2,1,4,1
1935,2024,187500,1,1,1,1,1,3,1
1936,2024,170502,1,1,1,1,1,2,1
1937,2024,98467,1,1,1,1,1,2,1
1938,2024,83366,2,1,1,3,1,2,1
1939,2024,57949,2,1,1,3,1,2,1
1940,2024,227000,1,1,1,1,1,2,1
1941,2024,246000,2,1,1,1,1,2,1
1942,2024,118000,2,1,1,1,1,2,1
1943,2024,198600,1,1,1,1,1,3,1
1944,2024,105800,1,1,1,1,1,3,1
1945,2024,200000,2,1,1,1,1,2,1
1946,2024,96000,2,1,1,1,1,2,1
1947,2024,129200,1,1,1,1,1,2,1
1948,2024,103360,1,1,1,1,1,2,1
1949,2024,123696,1,1,1,2,1,2,1
1950,2024,77760,1,1,1,2,1,2,1
1951,2024,194000,1,1,1,1,1,2,1
1952,2024,121400,2,1,1,1,1,1,1
1953,2024,89000,2,1,1,1,1,1,1
1954,2024,113600,1,1,1,1,1,2,1
1955,2024,75800,1,1,1,1,1,2,1
1956,2024,70000,1,1,1,2,1,2,1
1957,2024,146050,1,1,1,1,1,2,1
1958,2024,106950,1,1,1,3,1,2,1
1959,2024,63750,1,1,1,3,1,2,1
1960,2024,229000,1,1,1,1,1,1,1
1961,2024,65000,1,1,1,3,1,2,1
1962,2024,150260,1,1,1,3,1,4,1
1963,2024,100980,1,1,1,3,1,4,1
1964,2024,157740,1,1,1,2,1,4,1
1965,2024,105995,1,1,1,2,1,4,1
1966,2024,96000,1,1,1,1,1,1,1
1967,2024,134000,2,1,1,2,1,2,1
1968,2024,89000,2,1,1,2,1,2,1
1969,2024,135000,2,1,1,1,1,2,1
1970,2024,101000,1,1,1,3,1,2,1
1971,2024,123400,1,1,1,2,1,2,1
1972,2024,70500,1,1,1,2,1,2,1
1973,2024,194810,2,1,1,1,1,1,1
1974,2024,150535,2,1,1,1,1,1,1
1975,2024,182600,1,1,1,2,1,1,1
1976,2024,105800,1,1,1,2,1,1,1
1977,2024,99882,1,1,1,3,1,2,1
1978,2024,78874,1,1,1,3,1,2,1
1979,2024,109900,2,1,1,3,1,2,1
1980,2024,79900,2,1,1,3,1,2,1
1981,2024,196100,1,1,1,1,1,2,1
1982,2024,116700,1,1,1,1,1,2,1
1983,2024,227700,1,1,1,2,1,1,1
1984,2024,125700,1,1,1,2,1,1,1
1985,2024,425500,2,1,1,1,1,1,1
1986,2024,180000,2,1,1,1,1,1,1
1987,2024,231250,1,1,1,2,1,1,1
1988,2024,111000,1,1,1,2,1,1,1
1989,2024,237400,1,1,1,1,1,3,1
1990,2024,141300,1,1,1,1,1,3,1
1991,2024,220035,1,1,1,1,1,1,1
1992,2024,122242,1,1,1,1,1,1,1
1993,2024,253000,1,1,1,2,1,1,1
1994,2024,110400,2,1,1,1,1,2,1
1995,2024,68000,2,1,1,1,1,2,1
1996,2024,122100,1,1,1,3,1,2,1
1997,2024,70800,1,1,1,3,1,2,1
1998,2024,166320,2,1,1,2,1,4,1
1999,2024,104080,2,1,1,2,1,4,1
2000,2024,175400,1,1,1,2,1,2,1
2001,2024,106300,1,1,1,2,1,2,1
2002,2024,124700,1,1,1,3,1,2,1
2003,2024,75500,1,1,1,3,1,2,1
2004,2024,96600,1,1,1,1,1,3,1
2005,2024,227000,1,1,1,1,1,5,1
2006,2024,122200,1,1,1,1,1,5,1
2007,2024,85000,2,1,1,2,1,2,1
2008,2024,67000,2,1,1,2,1,2,1
2009,2024,185000,1,1,1,1,1,2,1
2010,2024,39900,1,1,1,1,1,2,1
2011,2024,130680,1,1,1,2,1,2,1
2012,2024,87120,1,1,1,2,1,2,1
2013,2024,220000,1,1,1,1,1,2,1
2014,2024,96600,1,1,1,1,1,2,1
2015,2024,160440,1,1,1,1,1,2,1
2016,2024,106960,1,1,1,1,1,2,1
2017,2024,102300,1,1,1,1,1,2,1
2018,2024,56200,1,1,1,1,1,2,1
2019,2024,172931,1,1,1,2,1,1,1
2020,2024,222480,1,1,1,1,1,3,1
2021,2024,111240,1,1,1,1,1,3,1
2022,2024,187268,2,1,1,2,1,3,1
2023,2024,79901,2,1,1,2,1,3,1
2024,2024,170000,2,1,1,1,1,3,1
2025,2024,100000,2,1,1,1,1,3,1
2026,2024,96600,1,1,1,1,1,4,1
2027,2024,143000,1,1,1,1,1,1,1
2028,2024,150000,1,1,1,2,1,3,1
2029,2024,120000,1,1,1,2,1,3,1
2030,2024,122200,1,1,1,2,1,2,1
2031,2024,67600,1,1,1,2,1,2,1
2032,2024,153925,1,1,1,2,1,1,1
2033,2024,85150,1,1,1,2,1,1,1
2034,2024,105120,1,1,1,1,1,2,1
2035,2024,70080,1,1,1,1,1,2,1
2036,2024,144082,2,1,1,1,1,2,1
2037,2024,96059,2,1,1,1,1,2,1
2038,2024,78900,1,1,1,1,1,2,1
2039,2024,239127,1,1,1,1,1,4,1
2040,2024,170805,1,1,1,1,1,4,1
2041,2024,281201,1,1,1,1,1,4,1
2042,2024,200858,1,1,1,1,1,4,1
2043,2024,230000,1,1,1,1,1,1,1
2044,2024,153000,1,1,1,1,1,1,1
2045,2024,130920,1,1,1,4,1,2,1
2046,2024,87280,1,1,1,4,1,2,1
2047,2024,137500,1,1,1,1,1,1,1
2048,2024,196500,1,1,1,3,1,2,1
2049,2024,97300,1,1,1,3,1,2,1
2050,2024,212800,1,2,1,1,1,2,1
2051,2024,129400,1,2,1,1,1,2,1
2052,2024,182750,1,1,1,1,1,3,1
2053,2024,129400,1,1,1,1,1,3,1
2054,2024,197300,1,1,1,1,1,1,1
2055,2024,124200,1,1,1,1,1,1,1
2056,2024,247600,1,2,1,1,1,2,1
2057,2024,143300,1,2,1,1,1,2,1
2058,2024,125500,1,2,1,2,1,2,1
2059,2024,132950,1,1,1,2,1,4,1
2060,2024,94000,1,1,1,2,1,4,1
2061,2024,225000,1,1,1,1,1,1,1
2062,2024,180000,2,1,1,1,1,2,1
2063,2024,128000,2,1,1,1,1,2,1
2064,2024,209000,2,1,1,1,1,2,1
2065,2024,167200,2,1,1,1,1,2,1
2066,2024,205000,1,1,1,2,1,6,1
2067,2024,123000,1,1,1,2,1,6,1
2068,2024,210000,2,1,1,1,1,4,1
2069,2024,165000,2,1,1,1,1,4,1
2070,2024,158000,1,1,1,2,1,3,1
2071,2024,245400,1,1,1,1,1,3,1
2072,2024,139000,1,1,1,1,1,3,1
2073,2024,195000,1,1,1,1,1,2,1
2074,2024,166500,1,1,1,1,1,2,1
2075,2024,147900,2,1,1,1,1,2,1
2076,2024,212800,1,1,1,2,1,2,1
2077,2024,125500,1,1,1,2,1,2,1
2078,2024,175250,1,1,1,1,1,1,1
2079,2024,127600,1,1,1,1,1,1,1
2080,2024,120000,2,1,1,2,3,2,1
2081,2024,100000,2,1,1,2,3,2,1
2082,2024,285600,1,1,1,1,1,2,1
2083,2024,178000,1,1,1,1,1,2,1
2084,2024,238625,1,1,1,1,1,2,1
2085,2024,158945,1,1,1,1,1,2,1
2086,2024,135600,2,1,1,2,1,2,1
2087,2024,90400,2,1,1,2,1,2,1
2088,2024,148000,2,1,1,2,1,4,1
2089,2024,100600,2,1,1,2,1,4,1
2090,2024,370000,1,1,1,1,1,1,1
2091,2024,287000,1,1,1,1,1,1,1
2092,2024,140000,2,1,1,2,1,4,1
2093,2024,90000,2,1,1,2,1,4,1
2094,2024,232500,1,1,1,4,1,1,1
2095,2024,186250,1,1,1,4,1,1,1
2096,2024,135000,1,1,1,1,1,1,1
2097,2024,240000,1,1,1,1,1,1,1
2098,2024,195500,2,1,1,2,1,1,1
2099,2024,240000,1,1,1,1,1,4,1
2100,2024,187000,1,1,1,1,1,4,1
2101,2024,73242,1,1,1,3,1,2,1
2102,2024,54863,1,1,1,3,1,2,1
2103,2024,168480,1,1,1,1,1,1,1
2104,2024,91520,1,1,1,1,1,1,1
2105,2024,199750,1,1,1,2,1,1,1
2106,2024,145200,1,1,1,2,1,1,1
2107,2024,180000,2,1,1,2,3,3,1
2108,2024,140000,2,1,1,2,3,3,1
2109,2024,151600,2,1,1,2,1,2,1
2110,2024,70500,2,1,1,2,1,2,1
2111,2024,252800,2,1,1,1,1,4,1
2112,2024,158200,2,1,1,1,1,4,1
2113,2024,98100,2,1,1,3,1,2,1
2114,2024,65500,2,1,1,3,1,2,1
2115,2024,228800,2,1,1,1,1,1,1
2116,2024,106400,2,1,1,1,1,1,1
2117,2024,281700,2,1,1,1,1,1,1
2118,2024,410000,1,1,1,1,1,4,1
2119,2024,194000,1,1,1,1,1,4,1
2120,2024,170500,1,1,1,2,1,2,1
2121,2024,128000,1,1,1,1,1,2,1
2122,2024,101250,2,1,1,1,1,2,1
2123,2024,63750,2,1,1,1,1,2,1
2124,2024,310500,1,1,1,1,1,1,1
2125,2024,158400,1,1,1,1,1,3,1
2126,2024,105600,1,1,1,1,1,3,1
2127,2024,260830,2,1,1,1,1,5,1
2128,2024,162950,2,1,1,1,1,5,1
2129,2024,286830,2,1,1,1,1,5,1
2130,2024,179310,2,1,1,1,1,5,1
2131,2024,419750,1,1,1,1,1,6,1
2132,2024,220000,1,1,1,1,1,6,1
2133,2024,207530,2,1,1,1,1,1,1
2134,2024,125760,2,1,1,1,1,1,1
2135,2024,144660,2,1,1,1,1,1,1
2136,2024,90480,2,1,1,1,1,1,1
2137,2024,221950,1,1,1,1,1,1,1
2138,2024,108800,1,1,1,1,1,1,1
2139,2024,210450,1,1,1,1,1,1,1
2140,2024,104550,1,1,1,1,1,1,1
2141,2024,186160,1,1,1,1,1,1,1
2142,2024,104000,1,1,1,1,1,1,1
2143,2024,244000,2,1,1,2,1,5,1
2144,2024,168000,2,1,1,2,1,5,1
2145,2024,123400,1,1,1,2,1,4,1
2146,2024,70500,1,1,1,2,1,4,1
2147,2024,168700,1,1,1,2,1,4,1
2148,2024,96400,1,1,1,2,1,4,1
2149,2024,471500,1,1,1,1,1,1,1
2150,2024,272000,1,1,1,1,1,1,1
2151,2024,195903,2,1,1,1,1,2,1
2152,2024,160284,2,1,1,1,1,2,1
2153,2024,162150,1,1,1,3,1,2,1
2154,2024,89700,1,1,1,3,1,2,1
2155,2024,70000,1,1,1,1,1,2,1
2156,2024,105000,1,1,1,2,1,2,1
2157,2024,117900,1,1,1,2,1,1,1
2158,2024,57500,1,1,1,2,1,1,1
2159,2024,172400,1,1,1,1,1,3,1
2160,2024,82100,1,1,1,1,1,3,1
2161,2024,223000,1,1,1,1,1,2,1
2162,2024,79000,1,1,1,1,1,2,1
2163,2024,102000,1,1,1,3,1,2,1
2164,2024,180200,1,1,1,2,1,2,1
2165,2024,85800,1,1,1,2,1,2,1
2166,2024,288400,1,1,1,1,1,3,1
2167,2024,144200,1,1,1,1,1,3,1
2168,2024,206300,1,1,1,1,1,1,1
2169,2024,113400,1,1,1,1,1,1,1
2170,2024,176520,1,1,1,1,1,1,1
2171,2024,105070,1,1,1,1,1,1,1
2172,2024,89000,1,1,1,2,1,2,1
2173,2024,59000,1,1,1,2,1,2,1
2174,2024,200200,1,1,1,1,1,1,1
2175,2024,111200,1,1,1,1,1,1,1
2176,2024,202800,1,1,1,4,1,2,1
2177,2024,135200,1,1,1,4,1,2,1
2178,2024,198072,1,1,1,2,1,4,1
2179,2024,141480,1,1,1,2,1,4,1
2180,2024,157959,1,1,1,1,1,3,1
2181,2024,90263,1,1,1,1,1,3,1
2182,2024,130920,1,1,1,1,1,2,1
2183,2024,87280,1,1,1,1,1,2,1
2184,2024,265080,1,1,1,1,1,5,1
2185,2024,176720,1,1,1,1,1,5,1
2186,2024,213480,1,1,1,1,1,4,1
2187,2024,142320,1,1,1,1,1,4,1
2188,2024,126000,1,1,1,1,1,2,1
2189,2024,91700,1,1,1,1,1,2,1
2190,2024,110670,1,1,1,1,1,2,1
2191,2024,130425,1,1,1,2,1,2,1
2192,2024,72150,1,1,1,2,1,2,1
2193,2024,227950,1,1,1,1,1,1,1
2194,2024,126100,1,1,1,1,1,1,1
2195,2024,66000,1,1,1,3,1,2,1
2196,2024,252000,1,1,1,2,1,1,1
2197,2024,185000,1,2,1,3,1,2,1
2198,2024,91200,1,2,1,3,1,2,1
2199,2024,89600,1,2,1,3,1,2,1
2200,2024,223600,1,2,1,1,1,4,1
2201,2024,129300,1,2,1,1,1,4,1
2202,2024,212800,1,2,1,2,1,1,1
2203,2024,136000,1,2,1,2,1,1,1
2204,2024,212200,1,2,1,3,1,1,1
2205,2024,104000,1,2,1,3,1,1,1
2206,2024,175000,2,1,1,1,1,3,1
2207,2024,122500,2,1,1,1,1,3,1
2208,2024,220000,2,1,1,1,1,3,1
2209,2024,165000,2,1,1,1,1,3,1
2210,2024,240000,1,1,1,1,1,3,1
2211,2024,125000,2,1,1,2,1,1,1
2212,2024,110000,2,1,1,1,1,2,1
2213,2024,245500,2,1,1,1,1,4,1
2214,2024,223000,2,1,1,1,1,4,1
2215,2024,289500,2,1,1,1,1,4,1
2216,2024,263000,2,1,1,1,1,4,1
2217,2024,210000,2,1,1,1,1,2,1
2218,2024,65000,1,1,1,2,1,2,1
2219,2024,55000,1,1,1,2,1,2,1
2220,2024,55000,1,1,1,3,1,2,1
2221,2024,53000,1,1,1,3,1,2,1
2222,2024,160000,2,1,1,1,1,2,1
2223,2024,79700,1,1,1,3,1,2,1
2224,2024,39500,1,1,1,3,1,2,1
2225,2024,150000,2,1,1,1,1,3,1
2226,2024,222200,1,1,1,2,1,2,1
2227,2024,136000,1,1,1,2,1,2,1
2228,2024,198000,2,1,1,1,1,2,1
2229,2024,162000,2,1,1,1,1,2,1
2230,2024,185000,1,1,1,2,1,2,1
2231,2024,91200,1,1,1,2,1,2,1
2232,2024,177300,1,1,1,2,1,2,1
2233,2024,247400,1,1,1,1,1,2,1
2234,2024,153300,1,1,1,1,1,2,1
2235,2024,324500,1,1,1,1,1,1,1
2236,2024,236000,1,1,1,1,1,1,1
2237,2024,235000,1,1,1,2,1,1,1
2238,2024,175000,1,1,1,2,1,1,1
2239,2024,181200,1,1,1,1,1,4,1
2240,2024,120800,1,1,1,1,1,4,1
2241,2024,258100,1,1,1,1,1,1,1
2242,2024,151900,1,1,1,1,1,1,1
2243,2024,126100,1,1,1,3,1,3,1
2244,2024,63000,1,1,1,3,1,3,1
2245,2024,79700,1,1,1,3,1,1,1
2246,2024,39500,1,1,1,3,1,1,1
2247,2024,79700,1,1,1,3,1,5,1
2248,2024,39500,1,1,1,3,1,5,1
2249,2024,187000,1,1,1,1,1,1,1
2250,2024,191250,1,1,1,1,1,1,1
2251,2024,106000,1,1,1,1,1,1,1
2252,2024,144000,2,1,1,1,1,4,1
2253,2024,155000,1,1,1,1,1,4,1
2254,2024,105000,1,1,1,2,1,4,1
2255,2024,210000,2,1,1,2,1,4,1
2256,2024,100000,2,1,1,2,1,4,1
2257,2024,145000,1,1,1,1,1,1,1
2258,2024,251600,1,1,1,2,1,1,1
2259,2024,107100,1,1,1,2,1,1,1
2260,2024,291400,1,1,1,1,1,5,1
2261,2024,55200,1,1,1,1,1,5,1
2262,2024,178100,1,1,1,1,1,4,1
2263,2024,79000,1,1,1,1,1,4,1
2264,2024,130000,2,1,1,2,1,2,1
2265,2024,120000,2,1,1,2,1,2,1
2266,2024,133900,1,1,1,3,1,2,1
2267,2024,99900,1,1,1,3,1,2,1
2268,2024,248000,1,1,1,1,1,2,1
2269,2024,148100,1,1,1,1,1,2,1
2270,2024,98500,2,1,1,1,1,2,1
2271,2024,71500,2,1,1,1,1,2,1
2272,2024,174100,1,1,1,2,1,2,1
2273,2024,136700,1,1,1,2,1,2,1
2274,2024,205563,1,1,1,1,1,2,1
2275,2024,149500,1,1,1,1,1,2,1
2276,2024,225300,1,1,1,1,1,2,1
2277,2024,155300,1,1,1,1,1,2,1
2278,2024,134600,1,1,1,2,1,1,1
2279,2024,95200,1,1,1,2,1,1,1
2280,2024,255000,2,1,1,1,1,4,1
2281,2024,217000,2,1,1,1,1,4,1
2282,2024,210000,1,1,1,2,1,1,1
2283,2024,250000,1,1,1,1,1,4,1
2284,2024,304000,1,1,1,2,1,2,1
2285,2024,226000,1,1,1,2,1,2,1
2286,2024,156100,2,1,1,1,1,3,1
2287,2024,84100,2,1,1,1,1,3,1
2288,2024,295000,2,1,1,1,1,2,1
2289,2024,165200,2,1,1,1,1,2,1
2290,2024,73230,1,1,1,2,1,2,1
2291,2024,284000,1,1,1,2,1,4,1
2292,2024,189000,1,1,1,2,1,4,1
2293,2024,134500,1,1,1,1,1,2,1
2294,2024,264200,1,1,1,1,1,2,1
2295,2024,117000,1,1,1,2,1,2,1
2296,2024,293000,1,1,1,1,1,4,1
2297,2024,213000,1,1,1,1,1,4,1
2298,2024,264200,1,1,1,1,1,1,1
2299,2024,143100,1,1,1,1,1,1,1
2300,2024,378700,1,1,1,1,1,3,1
2301,2024,207800,1,1,1,1,1,3,1
2302,2024,174000,1,1,1,1,1,5,1
2303,2024,118000,1,1,1,1,1,5,1
2304,2024,140000,1,1,1,2,1,2,1
2305,2024,78897,1,1,1,2,1,2,1
2306,2024,152000,2,1,1,4,1,2,1
2307,2024,99000,2,1,1,4,1,2,1
2308,2024,112455,1,1,1,1,1,3,1
2309,2024,77257,1,1,1,1,1,3,1
2310,2024,187000,1,1,1,1,1,3,1
2311,2024,127000,1,1,1,1,1,3,1
2312,2024,122000,1,1,1,1,1,1,1
2313,2024,199000,2,1,1,1,1,4,1
2314,2024,135000,2,1,1,1,1,4,1
2315,2024,196000,1,1,1,1,1,4,1
2316,2024,252000,1,1,1,1,1,4,1
2317,2024,168000,1,1,1,1,1,4,1
2318,2024,207000,1,1,1,1,1,4,1
2319,2024,138000,1,1,1,1,1,4,1
2320,2024,120700,2,1,1,1,1,2,1
2321,2024,67000,2,1,1,1,1,2,1
2322,2024,208800,1,1,1,2,1,1,1
2323,2024,98300,1,1,1,2,1,1,1
2324,2024,260570,1,1,1,2,1,1,1
2325,2024,167030,1,1,1,2,1,1,1
2326,2024,162800,1,1,1,1,1,5,1
2327,2024,97680,1,1,1,1,1,5,1
2328,2024,127600,1,1,1,3,1,5,1
2329,2024,76560,1,1,1,3,1,5,1
2330,2024,161788,2,1,1,1,1,1,1
2331,2024,108730,2,1,1,1,1,1,1
2332,2024,294000,1,1,1,1,1,3,1
2333,2024,137600,1,1,1,1,1,3,1
2334,2024,160800,1,1,1,1,1,4,1
2335,2024,220000,2,1,1,1,1,5,1
2336,2024,200000,2,1,1,1,1,5,1
2337,2024,169000,1,1,1,2,1,1,1
2338,2024,263500,2,1,1,1,1,4,1
2339,2024,147560,2,1,1,1,1,4,1
2340,2024,174500,1,1,1,1,1,1,1
2341,2024,128500,1,1,1,1,1,1,1
2342,2024,171450,2,1,1,1,1,1,1
2343,2024,137100,2,1,1,1,1,1,1
2344,2024,201300,1,1,1,3,1,2,1
2345,2024,193300,2,1,1,1,1,1,1
2346,2024,166900,2,1,1,1,1,1,1
2347,2024,180000,1,1,1,2,1,1,1
2348,2024,126500,2,1,1,1,1,2,1
2349,2024,78000,2,1,1,1,1,2,1
2350,2024,137000,1,1,1,2,1,2,1
2351,2024,60400,1,1,1,2,1,2,1
2352,2024,185000,2,1,1,1,1,4,1
2353,2024,160000,2,1,1,1,1,4,1
2354,2024,140000,1,1,1,2,1,4,1
2355,2024,190000,2,1,1,1,1,1,1
2356,2024,180000,1,1,1,2,1,2,1
2357,2024,202500,1,1,1,1,1,2,1
2358,2024,130425,1,1,1,1,1,2,1
2359,2024,72150,1,1,1,1,1,2,1
2360,2024,162150,1,1,1,1,1,2,1
2361,2024,89700,1,1,1,1,1,2,1
2362,2024,250000,1,1,1,2,1,4,1
2363,2024,175000,1,1,1,2,1,4,1
2364,2024,221900,1,1,1,1,1,3,1
2365,2024,138900,1,1,1,1,1,3,1
2366,2024,212300,1,1,1,1,1,1,1
2367,2024,154400,1,1,1,1,1,1,1
2368,2024,147000,1,1,1,1,1,2,1
2369,2024,211500,1,1,1,1,1,2,1
2370,2024,149966,1,1,1,1,1,2,1
2371,2024,224000,1,1,1,1,1,1,1
2372,2024,303000,1,1,1,1,1,1,1
2373,2024,172000,1,1,1,1,1,1,1
2374,2024,86000,1,1,1,2,1,2,1
2375,2024,52760,1,1,1,2,1,2,1
2376,2024,290004,1,1,1,2,1,2,1
2377,2024,49997,1,1,1,2,1,2,1
2378,2024,283780,1,1,1,1,1,1,1
2379,2024,233840,1,1,1,1,1,1,1
2380,2024,234700,1,1,1,1,1,2,1
2381,2024,140700,1,1,1,1,1,2,1
2382,2024,215000,1,1,1,2,1,2,1
2383,2024,104000,1,1,1,2,1,2,1
2384,2024,173000,1,1,1,2,1,1,1
2385,2024,112500,1,1,1,2,1,1,1
2386,2024,198450,1,1,1,1,1,2,1
2387,2024,136850,1,1,1,1,1,2,1
2388,2024,197000,1,1,1,2,1,2,1
2389,2024,57000,1,1,1,3,1,2,1
2390,2024,48000,1,1,1,3,1,2,1
2391,2024,110136,1,1,1,3,1,2,1
2392,2024,76068,1,1,1,3,1,2,1
2393,2024,131300,1,1,1,3,1,2,1
2394,2024,69300,1,1,1,2,1,1,1
2395,2024,108500,2,1,1,1,1,2,1
2396,2024,78800,2,1,1,1,1,2,1
2397,2024,296300,1,1,1,1,1,3,1
2398,2024,166600,1,1,1,1,1,3,1
2399,2024,164000,2,1,1,1,1,2,1
2400,2024,410000,1,1,1,2,1,3,1
2401,2024,194000,1,1,1,2,1,3,1
2402,2024,410000,1,1,1,1,1,3,1
2403,2024,224000,1,1,1,1,1,3,1
2404,2024,338500,1,1,1,2,1,2,1
2405,2024,161700,1,1,1,2,1,2,1
2406,2024,321800,1,1,1,1,1,3,1
2407,2024,157500,1,1,1,1,1,3,1
2408,2024,167000,1,1,1,2,1,1,1
2409,2024,410000,1,1,1,1,1,1,1
2410,2024,194000,1,1,1,1,1,1,1
2411,2024,293000,2,1,1,2,1,1,1
2412,2024,213000,2,1,1,2,1,1,1
2413,2024,119500,2,1,1,2,1,1,1
2414,2024,79900,2,1,1,2,1,1,1
2415,2024,199500,1,1,1,2,1,1,1
2416,2024,87600,1,1,1,2,1,1,1
2417,2024,215000,2,1,1,2,1,5,1
2418,2024,104000,2,1,1,2,1,5,1
2419,2024,79700,1,1,1,3,1,4,1
2420,2024,39500,1,1,1,3,1,4,1
2421,2024,195000,1,1,1,1,1,1,1
2422,2024,145400,1,1,1,1,1,1,1
2423,2024,143376,1,1,1,2,1,2,1
2424,2024,77500,1,1,1,2,1,2,1
2425,2024,54500,2,1,1,1,1,2,1
2426,2024,44000,2,1,1,1,1,2,1
2427,2024,130900,2,1,1,2,1,1,1
2428,2024,83100,2,1,1,2,1,1,1
2429,2024,204000,1,1,1,4,1,2,1
2430,2024,150000,1,1,1,4,1,2,1
2431,2024,206800,1,1,1,1,1,2,1
2432,2024,98500,1,1,1,1,1,2,1
2433,2024,92500,1,1,1,1,1,2,1
2434,2024,163800,1,1,1,3,1,2,1
2435,2024,241600,1,1,1,1,1,2,1
2436,2024,109800,1,1,1,1,1,2,1
2437,2024,182700,1,1,1,1,1,2,1
2438,2024,132500,1,1,1,1,1,2,1
2439,2024,193995,2,1,1,1,1,1,1
2440,2024,160000,2,1,1,1,1,1,1
2441,2024,155000,1,1,1,1,1,1,1
2442,2024,180200,1,1,1,2,1,1,1
2443,2024,85800,1,1,1,2,1,1,1
2444,2024,141000,1,1,1,1,1,4,1
2445,2024,234000,2,1,1,1,1,2,1
2446,2024,90000,2,1,1,1,1,2,1
2447,2024,233000,1,1,1,1,1,2,1
2448,2024,276400,1,1,1,1,1,2,1
2449,2024,145600,1,1,1,1,1,2,1
2450,2024,265200,1,1,1,1,1,2,1
2451,2024,176800,1,1,1,1,1,2,1
2452,2024,419750,1,1,1,1,1,4,1
2453,2024,245120,1,1,1,1,1,2,1
2454,2024,145900,1,1,1,1,1,2,1
2455,2024,81900,1,1,1,3,1,2,1
2456,2024,61200,1,1,1,3,1,2,1
2457,2024,193500,1,1,1,1,1,2,1
2458,2024,110400,1,1,1,1,1,2,1
2459,2024,120000,1,1,1,1,1,3,1
2460,2024,132540,2,1,1,2,1,4,1
2461,2024,82910,2,1,1,2,1,4,1
2462,2024,163800,2,1,1,1,1,1,1
2463,2024,94960,2,1,1,1,1,1,1
2464,2024,120000,1,1,1,2,1,4,1
2465,2024,91500,1,1,1,1,1,1,1
2466,2024,300000,1,1,1,1,1,3,1
2467,2024,178250,1,1,1,1,1,1,1
2468,2024,92000,1,1,1,1,1,1,1
2469,2024,284280,1,1,1,1,1,4,1
2470,2024,118450,1,1,1,1,1,4,1
2471,2024,141600,1,1,1,2,1,1,1
2472,2024,148355,1,1,1,2,1,1,1
2473,2024,92847,1,1,1,2,1,1,1
2474,2024,202000,1,1,1,2,1,1,1
2475,2024,104000,1,1,1,2,1,1,1
2476,2024,199800,1,1,1,1,1,2,1
2477,2024,125500,1,1,1,1,1,1,1
2478,2024,188640,1,1,1,4,1,4,1
2479,2024,125760,1,1,1,4,1,4,1
2480,2024,105000,1,1,1,3,1,2,1
2481,2024,87000,1,1,1,3,1,2,1
2482,2024,98450,1,1,1,3,1,2,1
2483,2024,67125,1,1,1,3,1,2,1
2484,2024,16000,1,1,1,1,1,3,1
2485,2024,165490,1,1,1,1,1,1,1
2486,2024,129800,1,1,1,1,1,1,1
2487,2024,218860,1,1,1,4,1,3,1
2488,2024,168350,1,1,1,4,1,3,1
2489,2024,190310,1,1,1,1,1,1,1
2490,2024,149260,1,1,1,1,1,1,1
2491,2024,185000,1,2,1,1,1,2,1
2492,2024,91200,1,2,1,1,1,2,1
2493,2024,160000,2,1,1,2,1,2,1
2494,2024,142000,2,1,1,2,1,2,1
2495,2024,277500,1,1,1,1,1,3,1
2496,2024,158500,1,1,1,1,1,3,1
2497,2024,147000,1,1,1,3,1,2,1
2498,2024,63000,1,1,1,3,1,2,1
2499,2024,130000,2,1,1,3,1,2,1
2500,2024,80000,2,1,1,3,1,2,1
2501,2024,165490,1,1,1,1,1,2,1
2502,2024,129800,1,1,1,1,1,2,1
2503,2024,335000,1,1,1,1,1,2,1
2504,2024,243000,1,1,1,1,1,2,1
2505,2024,143900,1,1,1,1,1,2,1
2506,2024,112860,1,1,1,1,1,2,1
2507,2024,210500,1,1,1,1,1,4,1
2508,2024,216000,2,1,1,1,1,2,1
2509,2024,191000,2,1,1,1,1,2,1
2510,2024,270000,2,1,1,1,1,3,1
2511,2024,184000,2,1,1,1,1,3,1
2512,2024,333913,1,1,1,1,1,1,1
2513,2024,222609,1,1,1,1,1,1,1
2514,2024,283800,1,1,1,1,1,3,1
2515,2024,232200,1,1,1,1,1,3,1
2516,2024,195540,1,1,1,2,1,3,1
2517,2024,136878,1,1,1,2,1,3,1
2518,2024,297000,1,1,1,2,1,3,1
2519,2024,168300,1,1,1,2,1,3,1
2520,2024,245400,1,1,1,1,1,2,1
2521,2024,139000,1,1,1,1,1,2,1
2522,2024,326800,1,1,1,2,1,2,1
2523,2024,217800,1,1,1,2,1,2,1
2524,2024,269200,1,1,1,2,1,4,1
2525,2024,150500,1,1,1,2,1,4,1
2526,2024,174000,2,1,1,2,1,2,1
2527,2024,250000,1,1,1,1,1,2,1
2528,2024,250000,1,1,1,2,1,2,1
2529,2024,257600,1,1,1,1,1,2,1
2530,2024,194688,1,1,1,1,1,4,1
2531,2024,118976,1,1,1,1,1,4,1
2532,2024,75554,1,1,1,3,1,2,1
2533,2024,68145,1,1,1,3,1,2,1
2534,2024,235464,1,1,1,1,1,2,1
2535,2024,125257,1,1,1,1,1,2,1
2536,2024,159869,1,1,1,1,1,2,1
2537,2024,95722,1,1,1,1,1,2,1
2538,2024,270000,1,1,1,1,1,2,1
2539,2024,133700,1,1,1,1,1,2,1
2540,2024,270000,2,1,1,1,1,2,1
2541,2024,153000,2,1,1,1,1,2,1
2542,2024,276760,2,1,1,1,1,1,1
2543,2024,201300,2,1,1,1,1,1,1
2544,2024,187200,1,1,1,1,1,4,1
2545,2024,114400,1,1,1,1,1,4,1
2546,2024,385000,1,1,1,2,1,4,1
2547,2024,310000,1,1,1,2,1,4,1
2548,2024,225000,2,1,1,2,1,1,1
2549,2024,359400,1,1,1,1,1,4,1
2550,2024,239600,1,1,1,1,1,4,1
2551,2024,223100,1,1,1,1,1,4,1
2552,2024,126400,1,1,1,1,1,4,1
2553,2024,145000,1,1,1,2,1,5,1
2554,2024,106000,1,1,1,2,1,5,1
2555,2024,185000,2,1,1,2,1,1,1
2556,2024,100000,2,1,1,2,1,1,1
2557,2024,51000,1,1,1,3,1,2,1
2558,2024,130000,1,1,1,3,1,1,1
2559,2024,95000,1,1,1,3,1,1,1
2560,2024,101844,1,1,1,1,1,2,1
2561,2024,78600,1,1,1,1,1,2,1
2562,2024,329600,1,1,1,2,1,1,1
2563,2024,190700,1,1,1,2,1,1,1
2564,2024,140000,1,1,1,2,1,6,1
2565,2024,119000,1,1,1,2,1,6,1
2566,2024,60000,1,1,1,2,1,1,1
2567,2024,195000,2,1,1,4,1,2,1
2568,2024,170000,2,1,1,4,1,2,1
2569,2024,232223,1,1,1,3,1,2,1
2570,2024,130134,1,1,1,3,1,2,1
2571,2024,101520,1,1,1,3,1,2,1
2572,2024,45864,1,1,1,3,1,2,1
2573,2024,85900,1,1,1,2,1,2,1
2574,2024,57300,1,1,1,2,1,2,1
2575,2024,108500,1,1,1,1,1,2,1
2576,2024,78800,1,1,1,1,1,2,1
2577,2024,264200,1,1,1,3,1,4,1
2578,2024,143100,1,1,1,3,1,4,1
2579,2024,93260,1,1,1,2,1,2,1
2580,2024,132500,1,1,1,2,1,2,1
2581,2024,99336,1,1,1,2,1,2,1
2582,2024,60070,1,1,1,2,1,1,1
2583,2024,43014,1,1,1,2,1,1,1
2584,2024,145000,1,1,1,2,1,1,1
2585,2024,355000,1,1,1,1,1,4,1
2586,2024,226158,1,1,1,1,1,4,1
2587,2024,144400,1,1,1,1,1,2,1
2588,2024,106434,1,1,1,1,1,2,1
2589,2024,296300,1,1,1,1,1,6,1
2590,2024,166600,1,1,1,1,1,6,1
2591,2024,75000,2,1,1,1,2,2,1
2592,2024,58313,2,1,1,1,2,2,1
2593,2024,223400,1,1,1,1,1,4,1
2594,2024,96800,1,1,1,1,1,4,1
2595,2024,209369,2,1,1,2,1,2,1
2596,2024,93329,2,1,1,2,1,2,1
2597,2024,231100,1,1,1,1,1,2,1
2598,2024,156550,1,1,1,1,1,2,1
2599,2024,163000,2,1,1,2,1,2,1
2600,2024,77000,2,1,1,2,1,2,1
2601,2024,242000,2,1,1,1,1,1,1
2602,2024,151000,2,1,1,1,1,1,1
2603,2024,119000,1,1,1,1,1,2,1
2604,2024,172000,1,1,1,3,1,2,1
2605,2024,75600,1,1,1,3,1,2,1
2606,2024,48000,1,1,1,2,1,2,1
2607,2024,165000,1,1,1,1,1,2,1
2608,2024,269525,2,1,1,1,1,1,1
2609,2024,161715,2,1,1,1,1,1,1
2610,2024,100050,1,1,1,2,1,2,1
2611,2024,73950,1,1,1,2,1,2,1
2612,2024,216200,1,1,1,1,1,2,1
2613,2024,102900,1,1,1,1,1,2,1
2614,2024,287470,1,1,1,2,1,1,1
2615,2024,132918,1,1,1,2,1,1,1
2616,2024,250000,1,1,1,1,1,5,1
2617,2024,110100,1,1,1,1,1,5,1
2618,2024,159100,1,1,1,2,1,1,1
2619,2024,96400,1,1,1,2,1,1,1
2620,2024,142500,1,1,1,1,1,2,1
2621,2024,210951,2,1,1,1,1,2,1
2622,2024,131841,2,1,1,1,1,2,1
2623,2024,56000,1,1,1,2,1,2,1
2624,2024,45000,1,1,1,2,1,2,1
2625,2024,200000,2,1,1,1,1,1,1
2626,2024,323400,1,1,1,1,1,4,1
2627,2024,151800,1,1,1,1,1,4,1
2628,2024,287500,1,1,1,2,1,1,1
2629,2024,145110,1,1,1,3,1,2,1
2630,2024,98155,1,1,1,3,1,2,1
2631,2024,117000,2,1,1,1,1,2,1
2632,2024,99875,1,1,1,3,1,2,1
2633,2024,55250,1,1,1,3,1,2,1
2634,2024,277000,1,1,1,1,1,2,1
2635,2024,173000,1,1,1,1,1,2,1
2636,2024,76690,1,1,1,2,1,2,1
2637,2024,188640,1,1,1,1,1,2,1
2638,2024,125760,1,1,1,1,1,2,1
2639,2024,188500,1,1,1,2,1,2,1
2640,2024,103000,1,1,1,2,1,2,1
2641,2024,110200,1,1,1,1,1,2,1
2642,2024,149820,1,1,1,2,1,2,1
2643,2024,89180,1,1,1,2,1,2,1
2644,2024,239900,2,1,1,1,1,1,1
2645,2024,112800,2,1,1,1,1,1,1
2646,2024,171100,1,1,1,1,1,2,1
2647,2024,120000,1,1,1,1,1,2,1
2648,2024,194805,1,1,1,1,1,4,1
2649,2024,129935,1,1,1,1,1,4,1
2650,2024,339250,1,1,1,2,1,4,1
2651,2024,220000,1,1,1,2,1,4,1
2652,2024,108000,1,1,1,3,2,4,1
2653,2024,40000,1,1,1,3,2,4,1
2654,2024,189750,1,1,1,2,1,4,1
2655,2024,104000,1,1,1,2,1,4,1
2656,2024,201250,1,1,1,3,1,1,1
2657,2024,108000,1,1,1,3,1,1,1
2658,2024,254900,1,1,1,1,1,2,1
2659,2024,122900,1,1,1,1,1,2,1
2660,2024,132000,1,1,1,1,1,4,1
2661,2024,310500,1,1,1,1,1,4,1
2662,2024,150000,1,1,1,3,1,2,1
2663,2024,88800,1,1,1,3,1,2,1
2664,2024,123000,1,1,1,1,1,1,1
2665,2024,200000,1,2,1,1,1,4,1
2666,2024,99500,1,2,1,1,1,4,1
2667,2024,185000,1,2,1,2,1,2,1
2668,2024,91200,1,2,1,2,1,2,1
2669,2024,205600,1,2,1,2,1,2,1
2670,2024,118900,1,2,1,2,1,2,1
2671,2024,169500,1,2,1,2,1,1,1
2672,2024,79300,1,2,1,2,1,1,1
2673,2024,212500,1,1,1,1,1,4,1
2674,2024,175000,1,1,1,1,1,4,1
2675,2024,128500,1,1,1,1,1,4,1
2676,2024,170000,2,1,1,1,1,4,1
2677,2024,265100,1,1,1,2,1,1,1
2678,2024,122400,1,1,1,2,1,1,1
2679,2024,203591,1,1,1,1,1,2,1
2680,2024,150809,1,1,1,1,1,2,1
2681,2024,225000,2,1,1,1,1,1,1
2682,2024,146000,2,1,1,1,1,1,1
2683,2024,169600,1,1,1,3,1,1,1
2684,2024,109400,1,1,1,3,1,1,1
2685,2024,209000,2,1,1,1,1,3,1
2686,2024,188000,2,1,1,1,1,3,1
2687,2024,223000,1,1,1,2,1,1,1
2688,2024,171600,1,1,1,2,1,1,1
2689,2024,104800,1,1,1,1,1,3,1
2690,2024,202000,1,1,1,1,1,1,1
2691,2024,153137,2,1,1,1,1,1,1
2692,2024,82918,2,1,1,1,1,1,1
2693,2024,96250,1,1,1,3,1,2,1
2694,2024,77000,1,1,1,3,1,2,1
2695,2024,70000,2,1,1,2,1,2,1
2696,2024,72000,1,1,1,3,1,2,1
2697,2024,128000,2,1,1,1,2,2,1
2698,2024,80000,2,1,1,1,2,2,1
2699,2024,188000,2,1,1,1,1,2,1
2700,2024,172200,2,1,1,2,1,2,1
2701,2024,131200,2,1,1,2,1,2,1
2702,2024,174300,1,1,1,2,1,2,1
2703,2024,80500,1,1,1,2,1,2,1
2704,2024,279000,1,1,1,1,1,1,1
2705,2024,191000,1,1,1,1,1,1,1
2706,2024,247000,1,1,1,1,1,1,1
2707,2024,235000,1,1,1,1,1,4,1
2708,2024,146000,1,1,1,1,1,4,1
2709,2024,146000,1,1,1,1,1,1,1
2710,2024,182000,1,1,1,1,1,4,1
2711,2024,170000,1,1,1,1,1,4,1
2712,2024,149000,1,1,1,1,1,4,1
2713,2024,170000,2,1,1,1,1,2,1
2714,2024,308000,2,1,1,1,1,4,1
2715,2024,252000,2,1,1,1,1,4,1
2716,2024,48000,2,1,1,2,1,4,1
2717,2024,28000,2,1,1,2,1,4,1
2718,2024,30000,2,1,1,2,1,4,1
2719,2024,38000,2,1,1,2,1,4,1
2720,2024,40000,2,1,1,2,1,4,1
2721,2024,54000,2,1,1,2,1,4,1
2722,2024,52000,2,1,1,2,1,4,1
2723,2024,26000,2,1,1,2,1,4,1
2724,2024,109000,1,1,1,1,1,4,1
2725,2024,106000,1,1,1,2,1,1,1
2726,2024,66000,1,1,1,2,1,1,1
2727,2024,68000,2,1,1,2,1,2,1
2728,2024,251000,1,1,1,1,1,1,1
2729,2024,177000,1,1,1,1,1,1,1
2730,2024,199500,1,1,1,1,1,2,1
2731,2024,97500,1,1,1,1,1,2,1
2732,2024,291800,1,1,1,2,1,2,1
2733,2024,139400,1,1,1,2,1,2,1
2734,2024,208800,1,1,1,3,1,2,1
2735,2024,98300,1,1,1,3,1,2,1
2736,2024,293000,2,1,1,1,1,4,1
2737,2024,106575,1,1,1,2,1,2,1
2738,2024,72400,1,1,1,2,1,2,1
2739,2024,87840,1,2,1,3,1,2,1
2740,2024,58560,1,2,1,3,1,2,1
2741,2024,121586,1,1,1,2,1,2,1
2742,2024,76115,1,1,1,2,1,2,1
2743,2024,220300,1,1,1,2,1,2,1
2744,2024,210600,1,1,1,1,1,2,1
2745,2024,108900,1,1,1,3,1,2,1
2746,2024,81700,1,1,1,3,1,2,1
2747,2024,84000,1,1,1,2,1,2,1
2748,2024,305000,1,1,1,1,1,1,1
2749,2024,214000,1,1,1,1,1,1,1
2750,2024,216000,2,1,1,1,1,1,1
2751,2024,134500,2,1,1,1,1,1,1
2752,2024,80000,2,1,1,2,1,1,1
2753,2024,65000,2,1,1,2,1,1,1
2754,2024,50000,1,1,1,2,1,1,1
2755,2024,42000,1,1,1,2,1,1,1
2756,2024,294000,1,1,1,1,1,6,1
2757,2024,117200,1,1,1,1,1,6,1
2758,2024,115000,1,1,1,2,1,4,1
2759,2024,96000,1,1,1,2,1,4,1
2760,2024,238000,1,1,1,2,1,1,1
2761,2024,171000,1,1,1,2,1,1,1
2762,2024,150000,1,1,1,2,1,4,1
2763,2024,193000,1,1,1,1,1,2,1
2764,2024,84600,1,1,1,1,1,2,1
2765,2024,137000,1,1,1,1,1,2,1
2766,2024,98940,1,1,1,1,1,2,1
2767,2024,166220,1,1,1,1,1,2,1
2768,2024,101180,1,1,1,1,1,2,1
2769,2024,193000,2,1,1,1,1,2,1
2770,2024,116000,2,1,1,1,1,2,1
2771,2024,138600,1,1,1,1,1,2,1
2772,2024,92400,1,1,1,1,1,2,1
2773,2024,109200,2,1,1,2,1,2,1
2774,2024,72800,2,1,1,2,1,2,1
2775,2024,172100,1,1,1,1,1,2,1
2776,2024,89100,1,1,1,1,1,2,1
2777,2024,159250,1,1,1,2,1,2,1
2778,2024,85750,1,1,1,2,1,2,1
2779,2024,257400,1,1,1,1,1,2,1
2780,2024,98100,2,1,1,3,2,2,1
2781,2024,65500,2,1,1,3,2,2,1
2782,2024,156750,1,1,1,1,1,2,1
2783,2024,121125,1,1,1,1,1,2,1
2784,2024,111300,2,1,1,1,1,2,1
2785,2024,79700,2,1,1,1,1,2,1
2786,2024,85134,1,1,1,2,1,2,1
2787,2024,56763,1,1,1,2,1,2,1
2788,2024,100000,1,1,1,1,1,1,1
2789,2024,137500,1,1,1,2,1,1,1
2790,2024,105000,1,1,1,2,1,1,1
2791,2024,67700,1,1,1,2,1,1,1
2792,2024,174050,1,1,1,1,1,1,1
2793,2024,139250,1,1,1,1,1,1,1
2794,2024,305414,1,1,1,1,1,1,1
2795,2024,174557,1,1,1,1,1,1,1
2796,2024,90000,1,1,1,1,1,1,1
2797,2024,111894,1,1,1,3,1,2,1
2798,2024,65820,1,1,1,3,1,2,1
2799,2024,243222,2,1,1,3,1,1,1
2800,2024,162082,2,1,1,3,1,1,1
2801,2024,129780,1,1,1,2,1,2,1
2802,2024,64890,1,1,1,2,1,2,1
2803,2024,167000,2,1,1,1,1,2,1
2804,2024,264000,1,1,1,1,1,2,1
2805,2024,124800,1,1,1,2,1,2,1
2806,2024,76128,1,1,1,2,1,2,1
2807,2024,147400,1,1,1,1,1,2,1
2808,2024,107200,1,1,1,1,1,2,1
2809,2024,195500,1,1,1,1,1,2,1
2810,2024,117300,1,1,1,1,1,2,1
2811,2024,46000,1,1,1,1,1,2,1
2812,2024,440000,1,1,1,4,1,2,1
2813,2024,340000,1,1,1,4,1,2,1
2814,2024,132362,1,1,1,1,1,2,1
2815,2024,108296,1,1,1,1,1,2,1
2816,2024,146400,1,1,1,2,1,2,1
2817,2024,97600,1,1,1,2,1,2,1
2818,2024,161800,1,1,1,1,1,2,1
2819,2024,97100,1,1,1,1,1,2,1
2820,2024,177900,1,1,1,1,1,2,1
2821,2024,106700,1,1,1,1,1,2,1
2822,2024,264000,1,1,1,1,1,4,1
2823,2024,207980,1,1,1,1,1,4,1
2824,2024,123810,1,1,1,1,1,4,1
2825,2024,110000,1,1,1,2,1,3,1
2826,2024,179604,1,1,1,1,1,2,1
2827,2024,132750,1,1,1,1,1,2,1
2828,2024,106840,1,1,1,1,1,4,1
2829,2024,76560,1,1,1,1,1,4,1
2830,2024,147000,2,1,1,3,1,2,1
2831,2024,89000,2,1,1,3,1,2,1
2832,2024,89000,1,1,1,3,1,2,1
2833,2024,228000,1,1,1,1,1,2,1
2834,2024,152000,1,1,1,1,1,2,1
2835,2024,188100,1,1,1,1,1,6,1
2836,2024,125400,1,1,1,1,1,6,1
2837,2024,340300,1,2,1,1,1,6,1
2838,2024,196900,1,2,1,1,1,6,1
2839,2024,106000,1,1,1,1,1,2,1
2840,2024,86000,1,1,1,1,1,2,1
2841,2024,260000,1,2,1,1,1,2,1
2842,2024,150400,1,2,1,1,1,2,1
2843,2024,222200,1,2,1,1,1,2,1
2844,2024,136000,1,2,1,1,1,2,1
2845,2024,165555,1,1,1,1,1,4,1
2846,2024,110435,1,1,1,1,1,4,1
2847,2024,260000,1,2,1,1,1,6,1
2848,2024,150400,1,2,1,1,1,6,1
2849,2024,185800,1,1,1,2,1,2,1
2850,2024,93400,1,1,1,2,1,2,1
2851,2024,143000,1,1,1,2,1,2,1
2852,2024,125000,1,1,1,3,1,2,1
2853,2024,175645,1,1,1,1,1,1,1
2854,2024,123318,1,1,1,1,1,1,1
2855,2024,255200,2,1,1,1,1,3,1
2856,2024,212200,2,1,1,1,1,3,1
2857,2024,134700,1,1,1,1,1,2,1
2858,2024,247300,1,1,1,1,1,2,1
2859,2024,139800,1,1,1,1,1,2,1
2860,2024,288700,1,1,1,1,1,2,1
2861,2024,192500,1,1,1,1,1,2,1
2862,2024,54000,2,1,1,2,1,1,1
2863,2024,44000,2,1,1,2,1,1,1
2864,2024,128400,1,1,1,2,1,1,1
2865,2024,80300,1,1,1,2,1,1,1
2866,2024,226400,2,1,1,1,1,2,1
2867,2024,181120,2,1,1,1,1,2,1
2868,2024,88200,1,1,1,1,1,2,1
2869,2024,173400,1,1,1,2,1,2,1
2870,2024,108400,1,1,1,2,1,2,1
2871,2024,332000,1,1,1,1,1,4,1
2872,2024,136000,1,1,1,1,1,1,1
2873,2024,205000,2,1,1,1,1,4,1
2874,2024,246000,1,1,1,1,1,4,1
2875,2024,196800,1,1,1,1,1,4,1
2876,2024,217000,1,1,1,2,1,2,1
2877,2024,192000,1,1,1,2,1,2,1
2878,2024,140000,2,1,1,3,1,2,1
2879,2024,100000,2,1,1,3,1,2,1
2880,2024,345000,1,1,1,1,1,5,1
2881,2024,280000,1,1,1,1,1,5,1
2882,2024,102400,2,1,1,2,1,1,1
2883,2024,76160,2,1,1,2,1,1,1
2884,2024,88000,2,1,1,1,1,2,1
2885,2024,450000,1,1,1,2,1,1,1
2886,2024,70000,2,1,1,1,1,3,1
2887,2024,290950,1,1,1,1,1,4,1
2888,2024,202300,1,1,1,1,1,4,1
2889,2024,258000,2,1,1,1,1,4,1
2890,2024,154800,2,1,1,1,1,4,1
2891,2024,188100,1,1,1,2,1,2,1
2892,2024,146830,1,1,1,2,1,2,1
2893,2024,146000,1,1,1,3,1,2,1
2894,2024,92000,1,1,1,3,1,2,1
2895,2024,312200,1,1,1,2,1,2,1
2896,2024,175800,1,1,1,2,1,2,1
2897,2024,209900,1,1,1,2,1,2,1
2898,2024,167946,1,1,1,2,1,2,1
2899,2024,132000,2,1,1,2,1,2,1
2900,2024,114000,2,1,1,2,1,2,1
2901,2024,183000,1,1,1,2,1,2,1
2902,2024,111000,1,1,1,2,1,2,1
2903,2024,248700,1,1,1,2,1,2,1
2904,2024,165500,1,1,1,2,1,2,1
2905,2024,296300,1,1,1,1,1,2,1
2906,2024,174500,2,1,1,1,1,2,1
2907,2024,126800,2,1,1,1,1,2,1
2908,2024,250600,1,1,1,3,1,1,1
2909,2024,135400,1,1,1,3,1,1,1
2910,2024,145000,2,1,1,1,1,5,1
2911,2024,135000,2,1,1,1,1,5,1
2912,2024,185000,1,1,1,4,1,1,1
2913,2024,110000,1,1,1,4,1,1,1
2914,2024,75000,1,1,1,1,1,1,1
2915,2024,248700,1,1,1,2,1,1,1
2916,2024,165500,1,1,1,2,1,1,1
2917,2024,116336,1,1,1,2,1,4,1
2918,2024,84608,1,1,1,2,1,4,1
2919,2024,122111,1,1,1,1,1,1,1
2920,2024,97689,1,1,1,1,1,1,1
2921,2024,214500,1,1,1,2,1,4,1
2922,2024,56281,1,1,1,2,1,2,1
2923,2024,140000,2,1,1,1,1,4,1
2924,2024,71727,1,1,1,2,1,1,1
2925,2024,259341,2,1,1,1,1,3,1
2926,2024,126851,2,1,1,1,1,3,1
2927,2024,175900,1,1,1,2,1,2,1
2928,2024,105500,1,1,1,2,1,2,1
2929,2024,242000,1,1,1,1,1,2,1
2930,2024,141500,2,1,1,1,1,2,1
2931,2024,84900,2,1,1,1,1,2,1
2932,2024,55000,2,1,1,3,1,2,1
2933,2024,42000,2,1,1,3,1,2,1
2934,2024,129300,1,1,1,1,1,1,1
2935,2024,61600,1,1,1,1,1,1,1
2936,2024,116000,2,1,1,3,1,4,1
2937,2024,105000,2,1,1,3,1,4,1
2938,2024,214500,1,1,1,4,1,4,1
2939,2024,157500,1,1,1,4,1,4,1
2940,2024,160500,1,1,1,1,1,1,1
2941,2024,94400,1,1,1,1,1,1,1
2942,2024,104000,1,1,1,3,1,1,1
2943,2024,186000,1,1,1,3,1,1,1
2944,2024,143200,1,1,1,3,1,1,1
2945,2024,174000,2,1,1,1,1,1,1
2946,2024,165000,2,1,1,1,1,1,1
2947,2024,95000,1,1,1,1,1,1,1
2948,2024,173000,1,1,1,4,1,2,1
2949,2024,120000,1,1,1,4,1,2,1
2950,2024,120000,1,1,1,2,1,5,1
2951,2024,86600,1,1,1,2,1,5,1
2952,2024,190900,1,1,1,1,1,1,1
2953,2024,95500,1,1,1,1,1,1,1
2954,2024,122250,2,1,1,2,1,2,1
2955,2024,227950,1,1,1,1,1,2,1
2956,2024,126100,1,1,1,1,1,2,1
2957,2024,151500,1,1,1,1,1,1,1
2958,2024,301200,1,1,1,1,1,1,1
2959,2024,162000,1,1,1,1,1,1,1
2960,2024,165500,1,1,1,2,1,6,1
2961,2024,95200,1,1,1,2,1,6,1
2962,2024,74670,1,1,1,4,1,2,1
2963,2024,59755,1,1,1,4,1,2,1
2964,2024,118267,1,1,1,1,1,2,1
2965,2024,108557,1,1,1,1,1,2,1
2966,2024,185952,1,1,1,2,1,1,1
2967,2024,123958,1,1,1,2,1,1,1
2968,2024,289700,1,1,1,1,1,1,1
2969,2024,160900,1,1,1,1,1,1,1
2970,2024,84500,1,1,1,3,1,1,1
2971,2024,67600,1,1,1,3,1,1,1
2972,2024,211180,2,1,1,1,1,1,1
2973,2024,127890,2,1,1,1,1,1,1
2974,2024,76800,1,1,1,1,1,4,1
2975,2024,345000,1,1,1,1,1,6,1
2976,2024,175000,1,1,1,1,1,6,1
2977,2024,300000,1,1,1,4,1,2,1
2978,2024,200000,1,1,1,4,1,2,1
2979,2024,60000,2,1,1,3,1,2,1
2980,2024,48000,2,1,1,3,1,2,1
2981,2024,213480,1,1,1,1,1,2,1
2982,2024,142320,1,1,1,1,1,2,1
2983,2024,179000,1,1,1,2,1,2,1
2984,2024,112000,1,1,1,2,1,2,1
2985,2024,105000,1,1,1,1,1,1,1
2986,2024,119000,1,1,1,1,1,4,1
2987,2024,117120,2,1,1,2,1,1,1
2988,2024,95825,2,1,1,2,1,1,1
2989,2024,317690,2,1,1,1,1,4,1
2990,2024,189100,2,1,1,1,1,4,1
2991,2024,80600,1,1,1,3,1,3,1
2992,2024,32000,1,1,1,3,1,3,1
2993,2024,133870,1,1,1,2,1,1,1
2994,2024,109530,1,1,1,2,1,1,1
2995,2024,332950,1,1,1,4,1,1,1
2996,2024,213000,1,1,1,4,1,1,1
2997,2024,200700,1,1,1,1,1,1,1
2998,2024,138500,1,1,1,1,1,1,1
2999,2024,261500,1,2,1,1,1,4,1
3000,2024,151300,1,2,1,1,1,4,1
3001,2024,238300,1,1,1,2,1,2,1
3002,2024,158900,1,1,1,2,1,2,1
3003,2024,231400,1,2,1,1,1,1,1
3004,2024,133900,1,2,1,1,1,1,1
3005,2024,172500,1,1,1,1,1,2,1
3006,2024,261500,1,2,1,1,1,6,1
3007,2024,151300,1,2,1,1,1,6,1
3008,2024,75065,1,1,1,3,1,2,1
3009,2024,42662,1,1,1,3,1,2,1
3010,2024,207000,1,1,1,3,1,4,1
3011,2024,150500,1,1,1,3,1,4,1
3012,2024,135000,2,1,1,3,1,1,1
3013,2024,100000,2,1,1,3,1,1,1
3014,2024,215000,1,1,1,1,1,4,1
3015,2024,114400,2,1,1,2,1,2,1
3016,2024,95700,2,1,1,2,1,2,1
3017,2024,235000,1,1,1,1,1,2,1
3018,2024,106345,2,1,1,2,1,2,1
3019,2024,57582,2,1,1,2,1,2,1
3020,2024,127614,2,1,1,2,1,2,1
3021,2024,69099,2,1,1,2,1,2,1
3022,2024,245000,2,1,1,1,1,4,1
3023,2024,166600,2,1,1,1,1,4,1
3024,2024,440000,1,1,1,1,1,4,1
3025,2024,360000,1,1,1,1,1,4,1
3026,2024,241000,1,1,1,1,1,2,1
3027,2024,260000,1,1,1,1,1,2,1
3028,2024,230000,1,1,1,2,1,2,1
3029,2024,175000,1,1,1,2,1,2,1
3030,2024,165000,2,1,1,1,1,2,1
3031,2024,183764,2,1,1,1,1,2,1
3032,2024,99502,2,1,1,1,1,2,1
3033,2024,200000,2,1,1,2,1,2,1
3034,2024,180000,2,1,1,1,3,2,1
3035,2024,160000,2,1,1,1,3,2,1
3036,2024,190814,1,1,1,2,1,1,1
3037,2024,101370,1,1,1,2,1,1,1
3038,2024,95000,1,1,1,3,1,4,1
3039,2024,75000,1,1,1,3,1,4,1
3040,2024,168480,2,1,1,1,1,1,1
3041,2024,91520,2,1,1,1,1,1,1
3042,2024,216750,1,1,1,1,1,1,1
3043,2024,120700,1,1,1,1,1,1,1
3044,2024,82000,1,1,1,2,1,1,1
3045,2024,51000,1,1,1,2,1,1,1
3046,2024,220000,1,1,1,1,1,5,1
3047,2024,99200,1,1,1,1,1,2,1
3048,2024,69400,1,1,1,1,1,2,1
3049,2024,52000,1,1,1,3,1,2,1
3050,2024,199320,1,1,1,1,1,1,1
3051,2024,154020,1,1,1,1,1,1,1
3052,2024,278900,1,1,1,2,1,2,1
3053,2024,185600,1,1,1,2,1,2,1
3054,2024,195200,1,1,1,2,1,2,1
3055,2024,129600,1,1,1,2,1,2,1
3056,2024,182400,1,1,1,1,1,2,1
3057,2024,104200,1,1,1,1,1,2,1
3058,2024,64900,1,1,1,2,1,2,1
3059,2024,41540,1,1,1,2,1,2,1
3060,2024,323000,1,1,1,1,1,1,1
3061,2024,189000,1,1,1,2,1,5,1
3062,2024,89000,1,1,1,2,1,5,1
3063,2024,150280,1,1,1,1,1,5,1
3064,2024,74880,1,1,1,1,1,5,1
3065,2024,144900,2,1,1,3,1,2,1
3066,2024,97300,2,1,1,3,1,2,1
3067,2024,82700,1,1,1,2,1,1,1
3068,2024,136500,1,1,1,2,1,2,1
3069,2024,108000,2,1,1,2,1,2,1
3070,2024,98000,2,1,1,2,1,2,1
3071,2024,96000,1,1,1,1,1,2,1
3072,2024,206350,1,1,1,2,1,2,1
3073,2024,103800,1,1,1,2,1,2,1
3074,2024,243400,1,1,1,1,1,4,1
3075,2024,157000,1,1,1,1,1,4,1
3076,2024,212750,1,1,1,1,1,1,1
3077,2024,186000,1,1,1,1,1,1,1
3078,2024,143200,1,1,1,1,1,1,1
3079,2024,69000,2,1,1,2,1,2,1
3080,2024,54496,2,1,1,2,1,2,1
3081,2024,260400,1,1,1,4,1,2,1
3082,2024,156200,1,1,1,4,1,2,1
3083,2024,161406,1,1,1,2,1,4,1
3084,2024,115290,1,1,1,2,1,4,1
3085,2024,155000,2,1,1,1,1,1,1
3086,2024,207800,1,1,1,1,1,1,1
3087,2024,164500,1,1,1,1,1,3,1
3088,2024,116500,1,1,1,1,1,3,1
3089,2024,233000,1,1,1,1,1,1,1
3090,2024,137000,1,1,1,1,1,1,1
3091,2024,205000,1,1,1,1,1,1,1
3092,2024,245000,1,1,1,1,1,4,1
3093,2024,166600,1,1,1,1,1,4,1
3094,2024,261000,2,1,1,1,1,4,1
3095,2024,174000,2,1,1,1,1,4,1
3096,2024,273000,1,1,1,1,1,1,1
3097,2024,162500,2,1,1,1,1,2,1
3098,2024,106200,2,1,1,1,1,2,1
3099,2024,100000,1,1,1,3,1,1,1
3100,2024,80000,1,1,1,3,1,1,1
3101,2024,250000,2,1,1,1,1,3,1
3102,2024,152000,1,1,1,3,1,4,1
3103,2024,116000,1,1,1,3,1,4,1
3104,2024,137000,1,1,1,3,1,4,1
3105,2024,89000,1,1,1,3,1,4,1
3106,2024,128000,1,1,1,1,1,3,1
3107,2024,115000,1,1,1,1,1,3,1
3108,2024,309000,1,1,1,3,1,3,1
3109,2024,159000,1,1,1,3,1,3,1
3110,2024,365100,2,1,1,1,1,3,1
3111,2024,260800,2,1,1,1,1,3,1
3112,2024,128000,1,1,1,2,1,2,1
3113,2024,96400,1,1,1,2,1,2,1
3114,2024,138000,2,1,1,3,1,2,1
3115,2024,86000,2,1,1,3,1,2,1
3116,2024,297000,1,1,1,1,1,4,1
3117,2024,151000,1,1,1,1,1,4,1
3118,2024,178500,2,1,1,1,1,2,1
3119,2024,128900,2,1,1,1,1,2,1
3120,2024,226700,1,1,1,3,1,2,1
3121,2024,50400,1,1,1,3,1,2,1
3122,2024,206250,1,1,1,1,1,5,1
3123,2024,55400,1,1,1,1,1,5,1
3124,2024,220000,2,1,1,1,1,4,1
3125,2024,175000,2,1,1,1,1,4,1
3126,2024,142800,1,1,1,1,1,4,1
3127,2024,204200,1,1,1,1,1,1,1
3128,2024,115400,1,1,1,1,1,1,1
3129,2024,109500,1,1,1,1,1,1,1
3130,2024,160000,2,1,1,2,1,5,1
3131,2024,120000,2,1,1,2,1,5,1
3132,2024,160000,2,1,1,1,1,3,1
3133,2024,130000,2,1,1,1,1,3,1
3134,2024,64985,1,1,1,2,1,1,1
3135,2024,52216,1,1,1,2,1,1,1
3136,2024,231000,1,1,1,1,1,5,1
3137,2024,261000,1,1,1,1,1,4,1
3138,2024,174000,1,1,1,1,1,4,1
3139,2024,195000,1,1,1,1,1,4,1
3140,2024,165000,1,1,1,1,1,4,1
3141,2024,270000,2,1,1,1,1,4,1
3142,2024,198000,2,1,1,1,1,4,1
3143,2024,246500,1,1,1,1,1,4,1
3144,2024,135000,1,1,1,1,1,4,1
3145,2024,265200,1,1,1,1,1,1,1
3146,2024,176800,1,1,1,1,1,1,1
3147,2024,172000,1,1,1,2,1,4,1
3148,2024,75600,1,1,1,2,1,4,1
3149,2024,272400,1,1,1,1,1,3,1
3150,2024,155600,1,1,1,1,1,3,1
3151,2024,202800,2,2,1,1,1,2,1
3152,2024,117300,2,2,1,1,1,2,1
3153,2024,88215,1,1,1,3,1,2,1
3154,2024,56051,1,1,1,3,1,2,1
3155,2024,195000,1,1,1,1,1,3,1
3156,2024,265000,1,1,1,1,1,4,1
3157,2024,212000,1,1,1,1,1,4,1
3158,2024,300000,2,1,1,2,1,1,1
3159,2024,200000,2,1,1,2,1,1,1
3160,2024,102000,1,1,1,2,1,1,1
3161,2024,196900,1,1,1,2,1,2,1
3162,2024,225750,1,1,1,1,1,2,1
3163,2024,202900,2,1,1,1,1,2,1
3164,2024,126300,2,1,1,1,1,2,1
3165,2024,79000,2,1,1,3,1,2,1
3166,2024,222586,1,1,1,1,1,4,1
3167,2024,312200,1,1,1,2,1,4,1
3168,2024,175800,1,1,1,2,1,4,1
3169,2024,154000,2,1,1,1,1,2,1
3170,2024,155000,2,1,1,1,1,2,1
3171,2024,355000,1,1,1,1,1,1,1
3172,2024,117000,1,1,1,2,1,1,1
3173,2024,178360,1,1,1,1,1,4,1
3174,2024,264200,1,1,1,2,1,1,1
3175,2024,162500,1,1,1,2,1,4,1
3176,2024,87500,1,1,1,2,1,4,1
3177,2024,81000,1,1,1,1,1,2,1
3178,2024,203350,1,1,1,2,1,4,1
3179,2024,218625,1,1,1,1,1,5,1
3180,2024,131175,1,1,1,1,1,5,1
3181,2024,163700,1,1,1,1,1,2,1
3182,2024,259000,1,1,1,1,1,3,1
3183,2024,139400,1,1,1,1,1,3,1
3184,2024,131000,1,1,1,1,1,2,1
3185,2024,298300,2,1,1,1,1,4,1
3186,2024,186700,2,1,1,1,1,4,1
3187,2024,133600,2,1,1,1,1,2,1
3188,2024,93500,2,1,1,1,1,2,1
3189,2024,99200,2,1,1,1,1,2,1
3190,2024,69400,2,1,1,1,1,2,1
3191,2024,183700,1,1,1,1,1,1,1
3192,2024,107250,1,1,1,1,1,1,1
3193,2024,220900,2,1,1,1,1,3,1
3194,2024,122200,2,1,1,1,1,3,1
3195,2024,131900,1,1,1,3,1,2,1
3196,2024,65900,1,1,1,3,1,2,1
3197,2024,129740,1,1,1,2,1,2,1
3198,2024,69860,1,1,1,2,1,2,1
3199,2024,157450,2,1,1,3,1,2,1
3200,2024,87100,2,1,1,3,1,2,1
3201,2024,127500,2,1,1,1,1,2,1
3202,2024,134561,2,1,1,2,1,2,1
3203,2024,79154,2,1,1,2,1,2,1
3204,2024,122000,1,1,1,3,1,3,1
3205,2024,90000,1,1,1,3,1,3,1
3206,2024,213554,1,1,1,1,1,2,1
3207,2024,114991,1,1,1,1,1,2,1
3208,2024,203000,1,1,1,1,1,2,1
3209,2024,123000,1,1,1,1,1,2,1
3210,2024,118765,2,1,1,2,1,2,1
3211,2024,69862,2,1,1,2,1,2,1
3212,2024,132502,1,1,1,1,1,2,1
3213,2024,88334,1,1,1,1,1,2,1
3214,2024,143706,2,1,1,2,1,2,1
3215,2024,84533,2,1,1,2,1,2,1
3216,2024,183300,2,1,1,1,1,1,1
3217,2024,101400,2,1,1,1,1,1,1
3218,2024,135000,2,1,1,1,1,3,1
3219,2024,208000,1,1,1,1,1,4,1
3220,2024,178000,1,1,1,1,1,4,1
3221,2024,144300,2,1,1,1,1,2,1
3222,2024,104800,2,1,1,1,1,2,1
3223,2024,195000,1,1,1,4,1,4,1
3224,2024,185000,1,1,1,4,1,4,1
3225,2024,236500,1,1,1,1,1,2,1
3226,2024,76000,1,1,1,1,1,2,1
3227,2024,140145,1,1,1,1,1,3,1
3228,2024,103586,1,1,1,1,1,3,1
3229,2024,265080,1,1,1,2,1,1,1
3230,2024,176720,1,1,1,2,1,1,1
3231,2024,220900,1,1,1,1,1,3,1
3232,2024,122200,1,1,1,1,1,3,1
3233,2024,312500,1,1,1,4,1,2,1
3234,2024,173600,1,1,1,4,1,2,1
3235,2024,114400,1,1,1,1,1,2,1
3236,2024,76800,1,1,1,1,1,2,1
3237,2024,99000,1,1,1,2,1,2,1
3238,2024,63000,1,1,1,2,1,2,1
3239,2024,159600,1,1,1,1,1,1,1
3240,2024,97500,1,1,1,1,1,1,1
3241,2024,208000,1,1,1,2,1,1,1
3242,2024,141340,1,1,1,2,1,1,1
3243,2024,251000,1,1,1,2,1,1,1
3244,2024,177000,1,1,1,2,1,1,1
3245,2024,174600,1,1,1,3,1,4,1
3246,2024,81900,1,1,1,3,1,4,1
3247,2024,225000,1,1,1,2,1,2,1
3248,2024,156000,1,1,1,2,1,2,1
3249,2024,114000,1,1,1,2,1,1,1
3250,2024,113000,1,1,1,2,1,1,1
3251,2024,92000,2,1,1,2,1,1,1
3252,2024,85000,2,1,1,2,1,1,1
3253,2024,172300,1,1,1,2,1,2,1
3254,2024,115800,1,1,1,2,1,2,1
3255,2024,171040,1,1,1,2,1,1,1
3256,2024,113300,1,1,1,2,1,1,1
3257,2024,176520,1,1,1,1,1,2,1
3258,2024,105070,1,1,1,1,1,2,1
3259,2024,125680,1,1,1,2,1,2,1
3260,2024,77100,1,1,1,2,1,2,1
3261,2024,112350,2,1,1,1,1,2,1
3262,2024,85600,2,1,1,1,1,2,1
3263,2024,193800,1,1,1,1,1,2,1
3264,2024,116300,1,1,1,1,1,2,1
3265,2024,72000,1,1,1,1,1,2,1
3266,2024,36000,1,1,1,1,1,2,1
3267,2024,64000,2,1,1,3,2,2,1
3268,2024,32000,2,1,1,3,2,2,1
3269,2024,159865,2,1,1,2,1,2,1
3270,2024,79933,2,1,1,2,1,2,1
3271,2024,228930,1,1,1,1,1,2,1
3272,2024,152620,1,1,1,1,1,2,1
3273,2024,231250,1,1,1,2,1,2,1
3274,2024,149820,1,1,1,3,1,2,1
3275,2024,89180,1,1,1,3,1,2,1
3276,2024,500000,1,1,1,1,1,2,1
3277,2024,96600,1,1,1,1,1,1,1
3278,2024,287000,1,1,1,1,1,2,1
3279,2024,77000,1,1,1,2,1,1,1
3280,2024,63000,1,1,1,3,1,1,1
3281,2024,252800,1,1,1,2,1,2,1
3282,2024,154800,1,1,1,2,1,2,1
3283,2024,152375,2,1,1,2,1,1,1
3284,2024,94000,2,1,1,2,1,1,1
3285,2024,137000,1,1,1,1,1,5,1
3286,2024,60300,1,1,1,1,1,5,1
3287,2024,144660,2,1,1,2,1,1,1
3288,2024,90480,2,1,1,2,1,1,1
3289,2024,231600,1,1,1,1,1,1,1
3290,2024,139000,1,1,1,1,1,1,1
3291,2024,91000,2,1,1,1,1,2,1
3292,2024,119900,1,1,1,1,1,2,1
3293,2024,101915,1,1,1,1,1,2,1
3294,2024,179494,1,1,1,2,1,1,1
3295,2024,149000,1,1,1,2,1,1,1
3296,2024,93000,1,1,1,2,1,1,1
3297,2024,132600,1,1,1,2,1,5,1
3298,2024,80845,1,1,1,2,1,5,1
3299,2024,187990,1,1,1,1,1,1,1
3300,2024,82500,1,1,1,1,1,1,1
3301,2024,90600,1,1,1,3,1,2,1
3302,2024,53100,1,1,1,3,1,2,1
3303,2024,83600,1,1,1,1,1,2,1
3304,2024,90600,1,1,1,2,1,2,1
3305,2024,53100,1,1,1,2,1,2,1
3306,2024,77250,1,1,1,3,1,2,1
3307,2024,61800,1,1,1,3,1,2,1
3308,2024,85500,1,1,1,1,1,2,1
3309,2024,86667,1,1,1,3,1,2,1
3310,2024,114400,1,1,1,2,1,2,1
3311,2024,69690,1,1,1,2,1,2,1
3312,2024,148000,1,1,1,3,1,2,1
3313,2024,134000,1,1,1,1,1,2,1
3314,2024,228600,1,1,1,1,1,3,1
3315,2024,120700,1,1,1,1,1,3,1
3316,2024,203940,1,1,1,1,1,2,1
3317,2024,101970,1,1,1,1,1,2,1
3318,2024,339250,2,1,1,1,1,4,1
3319,2024,97500,1,1,1,2,1,1,1
3320,2024,73125,1,1,1,2,1,1,1
3321,2024,273500,1,1,1,1,1,1,1
3322,2024,126600,1,1,1,1,1,1,1
3323,2024,177200,1,1,1,2,1,1,1
3324,2024,156000,1,1,1,2,1,1,1
3325,2024,135000,1,1,1,1,1,3,1
3326,2024,100000,1,1,1,1,1,3,1
3327,2024,276000,1,1,1,2,1,4,1
3328,2024,121000,2,1,1,1,1,2,1
3329,2024,73000,2,1,1,1,1,2,1
3330,2024,155880,1,1,1,4,1,1,1
3331,2024,103920,1,1,1,4,1,1,1
3332,2024,87552,1,1,1,3,1,2,1
3333,2024,57060,1,1,1,3,1,2,1
3334,2024,248000,1,1,1,1,1,1,1
3335,2024,116500,1,1,1,1,1,1,1
3336,2024,67000,2,1,1,3,1,2,1
3337,2024,171000,1,1,1,2,1,4,1
3338,2024,97000,1,1,1,2,1,4,1
3339,2024,121500,2,1,1,1,1,2,1
3340,2024,171000,2,1,1,1,1,2,1
3341,2024,144500,2,1,1,1,1,2,1
3342,2024,148719,2,1,1,1,1,4,1
3343,2024,123933,2,1,1,1,1,4,1
3344,2024,268400,1,1,1,2,1,2,1
3345,2024,165000,1,1,1,2,1,2,1
3346,2024,247600,1,2,1,1,1,1,1
3347,2024,143300,1,2,1,1,1,1,1
3348,2024,189110,1,1,1,1,1,1,1
3349,2024,42905,1,1,1,2,1,2,1
3350,2024,215000,2,1,1,1,1,1,1
3351,2024,175000,2,1,1,1,1,1,1
3352,2024,235000,1,1,1,1,1,3,1
3353,2024,190000,1,1,1,1,1,3,1
3354,2024,257500,1,1,1,1,1,4,1
3355,2024,175100,1,1,1,1,1,4,1
3356,2024,220800,1,1,1,1,1,2,1
3357,2024,124800,1,1,1,1,1,2,1
3358,2024,134000,1,1,1,2,1,3,1
3359,2024,88000,1,1,1,2,1,3,1
3360,2024,157600,1,1,1,2,1,1,1
3361,2024,98500,1,1,1,2,1,1,1
3362,2024,267100,2,1,1,1,1,4,1
3363,2024,190800,2,1,1,1,1,4,1
3364,2024,269200,2,1,1,2,1,4,1
3365,2024,179400,2,1,1,2,1,4,1
3366,2024,186000,1,1,1,1,1,2,1
3367,2024,171000,2,1,1,2,1,1,1
3368,2024,161200,2,1,1,1,1,2,1
3369,2024,237000,1,1,1,1,1,2,1
3370,2024,161200,1,1,1,1,1,2,1
3371,2024,110128,2,1,1,1,1,2,1
3372,2024,150280,1,1,1,2,1,2,1
3373,2024,74880,1,1,1,2,1,2,1
3374,2024,187200,1,1,1,1,1,2,1
3375,2024,93600,1,1,1,1,1,2,1
3376,2024,297500,1,1,1,1,1,6,1
3377,2024,202300,1,1,1,1,1,6,1
3378,2024,240000,2,1,1,1,1,2,1
3379,2024,125000,2,1,1,2,1,2,1
3380,2024,243000,2,1,1,1,1,2,1
3381,2024,192000,2,1,1,1,1,2,1
3382,2024,69000,1,1,1,2,1,1,1
3383,2024,110000,2,1,1,3,3,2,1
3384,2024,120000,1,1,1,3,3,2,1
3385,2024,110000,1,1,1,3,3,2,1
3386,2024,178440,1,1,1,1,1,4,1
3387,2024,178240,1,1,1,1,1,4,1
3388,2024,285200,1,1,1,1,1,3,1
3389,2024,199400,2,1,1,1,1,5,1
3390,2024,133000,2,1,1,1,1,5,1
3391,2024,200000,1,1,1,1,1,5,1
3392,2024,150000,1,1,1,1,1,5,1
3393,2024,275000,1,1,1,1,1,4,1
3394,2024,259000,2,1,1,1,1,4,1
3395,2024,204000,2,1,1,1,1,4,1
3396,2024,70600,1,1,1,2,1,2,1
3397,2024,174867,1,1,1,1,1,4,1
3398,2024,148637,1,1,1,1,1,4,1
3399,2024,186000,1,1,1,2,1,1,1
3400,2024,124000,1,1,1,2,1,1,1
3401,2024,145000,1,1,1,3,1,1,1
3402,2024,124000,1,1,1,3,1,1,1
3403,2024,231000,1,1,1,1,1,6,1
3404,2024,154000,1,1,1,1,1,6,1
3405,2024,139400,2,1,1,1,1,4,1
3406,2024,139400,1,1,1,1,1,4,1
3407,2024,122400,1,1,1,1,1,4,1
3408,2024,182500,1,1,1,1,1,1,1
3409,2024,161900,1,1,1,1,1,2,1
3410,2024,145000,2,1,1,2,1,1,1
3411,2024,115000,2,1,1,2,1,1,1
3412,2024,145000,1,1,1,1,1,5,1
3413,2024,143000,1,2,1,3,1,2,1
3414,2024,95000,1,2,1,3,1,2,1
3415,2024,251600,1,1,1,1,1,1,1
3416,2024,250200,1,1,1,2,1,2,1
3417,2024,117200,1,1,1,2,1,2,1
3418,2024,116000,1,1,1,1,1,2,1
3419,2024,229925,1,1,1,2,1,2,1
3420,2024,127900,1,1,1,2,1,2,1
3421,2024,163125,1,1,1,2,1,2,1
3422,2024,97875,1,1,1,2,1,2,1
3423,2024,84100,1,1,1,3,1,2,1
3424,2024,214500,1,1,1,1,1,3,1
3425,2024,297900,1,1,1,1,1,3,1
3426,2024,202900,1,1,1,1,1,3,1
3427,2024,250600,1,1,1,2,1,4,1
3428,2024,135400,1,1,1,2,1,4,1
3429,2024,223500,2,1,1,1,1,2,1
3430,2024,109100,2,1,1,1,1,2,1
3431,2024,250200,1,1,1,3,1,1,1
3432,2024,264200,1,1,1,4,1,1,1
3433,2024,143100,1,1,1,4,1,1,1
3434,2024,174500,1,1,1,1,1,4,1
3435,2024,156024,1,1,1,1,1,4,1
3436,2024,104016,1,1,1,1,1,4,1
3437,2024,176784,1,1,1,1,1,4,1
3438,2024,117864,1,1,1,1,1,4,1
3439,2024,260000,1,1,1,1,1,4,1
3440,2024,208000,2,1,1,1,1,1,1
3441,2024,147000,2,1,1,1,1,1,1
3442,2024,239000,1,1,1,1,1,1,1
3443,2024,219200,2,1,1,1,1,5,1
3444,2024,103800,2,1,1,1,1,5,1
3445,2024,136500,1,1,1,1,1,2,1
3446,2024,65000,1,1,1,1,1,2,1
3447,2024,195903,1,1,1,1,1,2,1
3448,2024,160284,1,1,1,1,1,2,1
3449,2024,170500,2,1,1,1,1,2,1
3450,2024,140275,2,1,1,1,1,2,1
3451,2024,154000,1,1,1,2,1,2,1
3452,2024,67700,1,1,1,2,1,2,1
3453,2024,60000,1,1,1,1,1,2,1
3454,2024,112717,1,1,1,3,1,2,1
3455,2024,75145,1,1,1,3,1,2,1
3456,2024,266600,1,1,1,1,1,2,1
3457,2024,248980,2,1,1,1,1,2,1
3458,2024,150960,2,1,1,1,1,2,1
3459,2024,246000,2,1,1,1,1,5,1
3460,2024,118000,2,1,1,1,1,5,1
3461,2024,160600,1,1,1,1,1,1,1
3462,2024,122600,1,1,1,1,1,1,1
3463,2024,299375,1,1,1,1,1,1,1
3464,2024,143625,1,1,1,1,1,1,1
3465,2024,175000,2,1,1,1,1,5,1
3466,2024,96000,1,1,1,1,1,4,1
3467,2024,163000,1,1,1,1,1,4,1
3468,2024,77000,1,1,1,1,1,4,1
3469,2024,192600,1,1,1,1,1,4,1
3470,2024,128400,1,1,1,1,1,4,1
3471,2024,174518,1,1,1,1,1,2,1
3472,2024,166000,2,1,1,1,1,2,1
3473,2024,323400,1,1,1,1,1,2,1
3474,2024,138034,1,1,1,1,1,2,1
3475,2024,74326,1,1,1,1,1,2,1
3476,2024,248900,1,1,1,1,1,2,1
3477,2024,134100,1,1,1,1,1,2,1
3478,2024,112655,1,1,1,1,1,2,1
3479,2024,183300,1,1,1,1,1,2,1
3480,2024,101400,1,1,1,1,1,2,1
3481,2024,95500,1,1,1,1,1,2,1
3482,2024,74900,1,1,1,1,1,2,1
3483,2024,102500,1,1,1,2,1,2,1
3484,2024,185000,1,1,1,4,1,2,1
3485,2024,110000,1,1,1,4,1,2,1
3486,2024,166860,1,1,1,1,1,2,1
3487,2024,83430,1,1,1,1,1,2,1
3488,2024,148320,1,1,1,3,1,2,1
3489,2024,74160,1,1,1,3,1,2,1
3490,2024,138911,1,1,1,1,1,2,1
3491,2024,151694,1,1,1,1,1,2,1
3492,2024,168110,1,1,1,1,1,2,1
3493,2024,191699,1,1,1,1,1,4,1
3494,2024,166000,1,1,1,3,1,4,1
3495,2024,63000,1,1,1,3,1,4,1
3496,2024,301200,1,1,1,2,1,1,1
3497,2024,162000,1,1,1,2,1,1,1
3498,2024,166000,2,1,1,1,1,1,1
3499,2024,83000,2,1,1,1,1,1,1
3500,2024,254000,1,1,1,1,1,4,1
3501,2024,234000,1,1,1,1,1,1,1
3502,2024,310500,2,1,1,2,1,4,1
3503,2024,200000,2,1,1,2,1,4,1
3504,2024,143750,1,1,1,2,1,2,1
3505,2024,106371,1,1,1,2,1,2,1
3506,2024,170760,1,1,1,4,1,2,1
3507,2024,113840,1,1,1,4,1,2,1
3508,2024,303000,1,1,1,2,1,2,1
3509,2024,303000,1,1,1,1,1,4,1
3510,2024,172000,1,1,1,1,1,4,1
3511,2024,252000,1,1,1,2,1,3,1
3512,2024,143000,1,1,1,2,1,3,1
3513,2024,188640,1,1,1,4,1,2,1
3514,2024,125760,1,1,1,4,1,2,1
3515,2024,176160,1,1,1,1,1,2,1
3516,2024,117440,1,1,1,1,1,2,1
3517,2024,105000,1,1,1,1,1,4,1
3518,2024,99380,1,1,1,2,1,2,1
3519,2024,71220,1,1,1,2,1,2,1
3520,2024,144600,1,1,1,1,1,2,1
3521,2024,96400,1,1,1,1,1,2,1
3522,2024,158900,1,2,1,2,1,1,1
3523,2024,71100,1,2,1,2,1,1,1
3524,2024,200700,2,1,1,1,1,2,1
3525,2024,167400,2,1,1,1,1,2,1
3526,2024,261000,2,1,1,1,1,6,1
3527,2024,174000,2,1,1,1,1,6,1
3528,2024,261000,1,1,1,1,1,1,1
3529,2024,174000,1,1,1,1,1,1,1
3530,2024,219000,2,1,1,1,1,4,1
3531,2024,146000,2,1,1,1,1,4,1
3532,2024,317880,2,1,1,1,1,4,1
3533,2024,211920,2,1,1,1,1,4,1
3534,2024,368640,2,1,1,1,1,4,1
3535,2024,245760,2,1,1,1,1,4,1
3536,2024,233040,1,1,1,1,1,1,1
3537,2024,155360,1,1,1,1,1,1,1
3538,2024,317880,1,1,1,2,1,1,1
3539,2024,211920,1,1,1,2,1,1,1
3540,2024,219000,1,1,1,1,1,4,1
3541,2024,178464,1,1,1,2,1,6,1
3542,2024,112924,1,1,1,2,1,6,1
3543,2024,342844,2,1,1,1,1,3,1
3544,2024,166694,2,1,1,1,1,3,1
3545,2024,176000,2,1,1,1,1,4,1
3546,2024,128000,2,1,1,1,1,4,1
3547,2024,187662,1,1,1,2,1,2,1
3548,2024,129239,1,1,1,2,1,2,1
3549,2024,160200,1,1,1,1,1,2,1
3550,2024,84900,1,1,1,1,1,2,1
3551,2024,140109,1,1,1,1,1,2,1
3552,2024,62000,1,1,1,3,1,2,1
3553,2024,106000,1,1,1,3,1,2,1
3554,2024,178100,1,1,1,1,1,2,1
3555,2024,87000,1,1,1,1,1,2,1
3556,2024,166250,1,1,1,2,1,1,1
3557,2024,99750,1,1,1,2,1,1,1
3558,2024,223000,1,1,1,1,1,4,1
3559,2024,251600,1,1,1,1,1,3,1
3560,2024,102200,1,1,1,1,1,3,1
3561,2024,201000,2,1,1,1,1,4,1
3562,2024,183000,2,1,1,1,1,4,1
3563,2024,270400,2,1,1,1,1,4,1
3564,2024,246000,2,1,1,1,1,4,1
3565,2024,247000,2,1,1,2,1,4,1
3566,2024,161925,2,1,1,2,1,4,1
3567,2024,158200,1,1,1,1,1,4,1
3568,2024,73700,1,1,1,1,1,4,1
3569,2024,158200,1,1,1,2,1,4,1
3570,2024,73700,1,1,1,2,1,4,1
3571,2024,203000,2,1,1,1,1,1,1
3572,2024,167000,2,1,1,1,1,1,1
3573,2024,177500,2,1,1,1,1,2,1
3574,2024,99000,2,1,1,3,1,2,1
3575,2024,207000,1,1,1,1,1,1,1
3576,2024,165600,1,1,1,1,1,1,1
3577,2024,205200,2,1,1,1,1,2,1
3578,2024,85500,2,1,1,1,1,2,1
3579,2024,162100,2,1,1,1,1,2,1
3580,2024,67500,2,1,1,1,1,2,1
3581,2024,191100,1,1,1,1,1,2,1
3582,2024,136100,1,1,1,1,1,2,1
3583,2024,84000,2,1,1,2,1,5,1
3584,2024,209404,1,2,1,1,1,2,1
3585,2024,139603,1,2,1,1,1,2,1
3586,2024,314400,1,1,1,1,1,2,1
3587,2024,161600,1,1,1,1,1,2,1
3588,2024,251600,1,1,1,1,1,2,1
3589,2024,120100,1,1,1,1,1,2,1
3590,2024,158200,1,1,1,1,1,2,1
3591,2024,79100,1,1,1,1,1,2,1
3592,2024,235400,1,1,1,1,1,2,1
3593,2024,209720,1,1,1,1,1,2,1
3594,2024,163695,2,1,1,1,1,2,1
3595,2024,109000,2,1,1,1,1,2,1
3596,2024,405000,1,1,1,3,1,1,1
3597,2024,235000,1,1,1,3,1,1,1
3598,2024,430000,1,1,1,3,1,1,1
3599,2024,250000,1,1,1,3,1,1,1
3600,2024,176762,1,1,1,1,1,2,1
3601,2024,203000,1,1,1,1,1,1,1
3602,2024,50000,1,1,1,2,1,2,1
3603,2024,238000,1,1,1,2,1,2,1
3604,2024,312500,1,1,1,4,1,4,1
3605,2024,173600,1,1,1,4,1,4,1
3606,2024,312200,1,1,1,2,1,1,1
3607,2024,175800,1,1,1,2,1,1,1
3608,2024,107957,1,1,1,2,1,1,1
3609,2024,143750,1,1,1,2,1,3,1
3610,2024,92000,1,1,1,2,1,3,1
3611,2024,197900,1,1,1,1,1,2,1
3612,2024,146600,1,1,1,1,1,2,1
3613,2024,173700,2,1,1,1,1,1,1
3614,2024,121600,2,1,1,1,1,1,1
3615,2024,73000,1,1,1,2,1,2,1
3616,2024,300000,2,1,1,4,1,2,1
3617,2024,250000,2,1,1,4,1,2,1
3618,2024,234500,2,1,1,2,1,1,1
3619,2024,142140,2,1,1,2,1,1,1
3620,2024,144660,2,1,1,1,1,4,1
3621,2024,90480,2,1,1,1,1,4,1
3622,2024,281700,1,1,1,2,1,1,1
3623,2024,137900,1,1,1,2,1,1,1
3624,2024,234500,2,1,1,2,1,4,1
3625,2024,142140,2,1,1,2,1,4,1
3626,2024,207530,2,1,1,2,1,4,1
3627,2024,125760,2,1,1,2,1,4,1
3628,2024,272000,1,1,1,2,1,3,1
3629,2024,272900,1,1,1,2,1,1,1
3630,2024,120500,1,1,1,2,1,1,1
3631,2024,113000,1,1,1,2,1,2,1
3632,2024,68600,1,1,1,2,1,2,1
3633,2024,250700,1,1,1,1,1,1,1
3634,2024,125300,1,1,1,1,1,1,1
3635,2024,98900,2,1,1,2,1,2,1
3636,2024,79760,2,1,1,2,1,2,1
3637,2024,145300,1,1,1,1,1,3,1
3638,2024,72700,1,1,1,1,1,3,1
3639,2024,58000,1,1,1,3,2,4,1
3640,2024,46000,1,1,1,3,2,4,1
3641,2024,178000,2,1,1,1,1,3,1
3642,2024,111000,2,1,1,1,1,3,1
3643,2024,425500,1,1,1,2,1,1,1
3644,2024,110000,2,1,1,3,1,2,1
3645,2024,76000,2,1,1,3,1,2,1
3646,2024,119700,1,1,1,1,1,2,1
3647,2024,62500,1,1,1,1,1,2,1
3648,2024,259425,1,1,1,1,1,2,1
3649,2024,162041,1,1,1,1,1,2,1
3650,2024,209000,1,1,1,1,1,1,1
3651,2024,133000,1,1,1,1,1,1,1
3652,2024,123750,1,1,1,2,1,4,1
3653,2024,51100,1,1,1,2,1,4,1
3654,2024,217400,1,1,1,1,1,2,1
3655,2024,86840,1,1,1,1,1,2,1
3656,2024,265200,1,1,1,2,1,4,1
3657,2024,125700,1,1,1,2,1,4,1
3658,2024,166400,1,1,1,1,1,1,1
3659,2024,110760,1,1,1,1,1,1,1
3660,2024,166500,1,1,1,1,1,1,1
3661,2024,99900,1,1,1,1,1,1,1
3662,2024,77280,1,1,1,2,1,2,1
3663,2024,58000,1,1,1,2,1,2,1
3664,2024,127900,1,1,1,1,1,2,1
3665,2024,75500,1,1,1,1,1,2,1
3666,2024,192900,1,1,1,1,1,1,1
3667,2024,77900,1,1,1,1,1,2,1
3668,2024,170800,1,1,1,1,1,2,1
3669,2024,92300,1,1,1,1,1,2,1
3670,2024,155376,2,1,1,1,1,2,1
3671,2024,95264,2,1,1,1,1,2,1
3672,2024,81075,2,1,1,3,1,1,1
3673,2024,44850,2,1,1,3,1,1,1
3674,2024,265200,1,1,1,1,1,4,1
3675,2024,165600,1,1,1,1,1,4,1
3676,2024,125700,1,1,1,1,1,4,1
3677,2024,220900,1,1,1,1,1,6,1
3678,2024,122200,1,1,1,1,1,6,1
3679,2024,87558,1,1,1,2,1,2,1
3680,2024,47586,1,1,1,2,1,2,1
3681,2024,150000,1,1,1,4,1,1,1
3682,2024,101000,1,1,1,4,1,1,1
3683,2024,194500,1,1,1,1,1,2,1
3684,2024,108800,1,1,1,1,1,2,1
3685,2024,162500,1,1,1,3,1,2,1
3686,2024,88500,1,1,1,3,1,2,1
3687,2024,222500,1,1,1,1,1,2,1
3688,2024,155750,1,1,1,1,1,2,1
3689,2024,134800,1,2,1,2,1,2,1
3690,2024,80700,1,2,1,2,1,2,1
3691,2024,190000,1,1,1,4,1,2,1
3692,2024,165000,1,1,1,4,1,2,1
3693,2024,192600,1,2,1,2,1,2,1
3694,2024,88400,1,2,1,2,1,2,1
3695,2024,204300,1,2,1,2,1,5,1
3696,2024,118200,1,2,1,2,1,5,1
3697,2024,190000,2,1,1,2,1,1,1
3698,2024,170000,2,1,1,2,1,1,1
3699,2024,129340,1,1,1,1,1,2,1
3700,2024,87400,1,1,1,1,1,2,1
3701,2024,142741,1,1,1,3,1,2,1
3702,2024,87841,1,1,1,3,1,2,1
3703,2024,267720,2,1,1,1,1,6,1
3704,2024,164900,2,1,1,1,1,6,1
3705,2024,170000,1,1,1,3,1,4,1
3706,2024,145000,1,1,1,3,1,4,1
3707,2024,331640,1,1,1,1,1,3,1
3708,2024,283780,1,1,1,1,1,3,1
3709,2024,210000,1,1,1,2,1,3,1
3710,2024,40000,1,1,1,2,1,1,1
3711,2024,105000,2,1,1,2,1,2,1
3712,2024,183500,1,1,1,2,1,2,1
3713,2024,115500,1,1,1,2,1,2,1
3714,2024,140300,2,1,1,1,1,2,1
3715,2024,116800,2,1,1,1,1,2,1
3716,2024,67500,1,1,1,1,1,2,1
3717,2024,192500,1,1,1,1,1,1,1
3718,2024,206000,2,1,1,1,1,1,1
3719,2024,148835,2,1,1,1,1,1,1
3720,2024,124880,2,1,1,2,1,1,1
3721,2024,92880,2,1,1,2,1,1,1
3722,2024,154300,1,1,1,2,1,4,1
3723,2024,115700,1,1,1,2,1,4,1
3724,2024,222000,2,1,1,1,1,4,1
3725,2024,160400,2,1,1,1,1,4,1
3726,2024,189600,2,1,1,1,1,2,1
3727,2024,118500,2,1,1,1,1,2,1
3728,2024,299000,2,1,1,1,1,5,1
3729,2024,169000,2,1,1,1,1,5,1
3730,2024,177000,2,1,1,1,1,2,1
3731,2024,150000,2,1,1,1,1,1,1
3732,2024,195000,1,1,1,2,1,1,1
3733,2024,167000,1,1,1,3,1,2,1
3734,2024,142000,1,1,1,3,1,2,1
3735,2024,241700,1,1,1,1,1,2,1
3736,2024,186102,1,1,1,1,1,2,1
3737,2024,288820,1,1,1,1,1,2,1
3738,2024,171910,1,1,1,1,1,2,1
3739,2024,174000,1,1,1,2,1,2,1
3740,2024,118000,1,1,1,2,1,2,1
3741,2024,239000,1,1,1,2,1,4,1
3742,2024,161000,1,1,1,2,1,4,1
3743,2024,238650,2,1,1,1,1,2,1
3744,2024,144660,2,1,1,1,1,2,1
3745,2024,202900,2,1,1,2,1,2,1
3746,2024,126300,2,1,1,2,1,2,1
3747,2024,148200,1,1,1,3,1,2,1
3748,2024,66900,1,1,1,3,1,2,1
3749,2024,183580,2,1,1,1,1,1,1
3750,2024,111260,2,1,1,1,1,1,1
3751,2024,168000,1,1,1,1,1,1,1
3752,2024,62100,1,1,1,2,1,4,1
3753,2024,292080,2,1,1,1,1,1,1
3754,2024,171860,2,1,1,1,1,1,1
3755,2024,445300,1,1,1,1,1,6,1
3756,2024,278400,1,1,1,1,1,6,1
3757,2024,129160,2,1,1,2,1,1,1
3758,2024,80770,2,1,1,2,1,1,1
3759,2024,148550,2,1,1,2,1,1,1
3760,2024,92860,2,1,1,2,1,1,1
3761,2024,75100,1,1,1,2,1,1,1
3762,2024,259600,1,1,1,1,1,3,1
3763,2024,107300,1,1,1,1,1,3,1
3764,2024,103000,2,1,1,1,1,2,1
3765,2024,156000,2,1,1,1,1,5,1
3766,2024,116500,2,1,1,1,1,5,1
3767,2024,181500,1,1,1,3,1,2,1
3768,2024,132000,1,1,1,3,1,2,1
3769,2024,158600,2,1,1,1,1,2,1
3770,2024,115300,2,1,1,1,1,2,1
3771,2024,124700,1,1,1,2,1,1,1
3772,2024,83200,1,1,1,2,1,1,1
3773,2024,149300,2,1,1,2,1,5,1
3774,2024,80400,2,1,1,2,1,5,1
3775,2024,229000,1,1,1,1,1,2,1
3776,2024,89500,2,1,1,2,1,2,1
3777,2024,65000,2,1,1,2,1,2,1
3778,2024,130948,1,1,1,1,1,2,1
3779,2024,108822,1,1,1,1,1,2,1
3780,2024,182400,1,1,1,1,1,4,1
3781,2024,104200,1,1,1,1,1,4,1
3782,2024,170760,1,1,1,1,1,4,1
3783,2024,113840,1,1,1,1,1,4,1
3784,2024,89000,1,1,1,2,1,4,1
3785,2024,251250,1,1,1,1,1,1,1
3786,2024,120750,1,1,1,1,1,1,1
3787,2024,130001,1,1,1,1,1,2,1
3788,2024,263600,1,1,1,1,1,4,1
3789,2024,119800,1,1,1,1,1,4,1
3790,2024,89600,1,1,1,1,1,2,1
3791,2024,146000,1,1,1,1,1,3,1
3792,2024,102000,1,1,1,1,1,3,1
3793,2024,75000,1,1,1,1,1,3,1
3794,2024,145538,1,1,1,1,1,2,1
3795,2024,184250,1,1,1,1,1,1,1
3796,2024,167500,1,1,1,1,1,1,1
3797,2024,249000,1,1,1,1,1,2,1
3798,2024,224000,1,1,1,1,1,2,1
3799,2024,181500,2,1,1,1,1,2,1
3800,2024,119213,2,1,1,1,1,2,1
3801,2024,96700,1,1,1,1,1,2,1
3802,2024,158880,2,1,1,1,1,5,1
3803,2024,105920,2,1,1,1,1,5,1
3804,2024,249800,1,1,1,1,1,1,1
3805,2024,142700,1,1,1,1,1,1,1
3806,2024,202750,1,1,1,1,1,1,1
3807,2024,139800,1,1,1,1,1,1,1
3808,2024,150400,1,1,1,3,1,3,1
3809,2024,86600,1,1,1,3,1,3,1
3810,2024,116000,2,1,1,2,1,2,1
3811,2024,97800,2,1,1,2,1,2,1
3812,2024,158620,1,1,1,2,1,2,1
3813,2024,72100,1,1,1,2,1,2,1
3814,2024,223000,2,1,1,1,1,6,1
3815,2024,163000,2,1,1,1,1,6,1
3816,2024,195000,2,1,1,1,1,2,1
3817,2024,147700,1,1,1,1,1,4,1
3818,2024,118200,1,1,1,1,1,4,1
3819,2024,223000,1,1,1,2,1,3,1
3820,2024,171600,1,1,1,2,1,3,1
3821,2024,303050,1,1,1,1,1,4,1
3822,2024,202350,1,1,1,1,1,4,1
3823,2024,182000,1,1,1,1,1,1,1
3824,2024,148719,2,1,1,1,1,2,1
3825,2024,123933,2,1,1,1,1,2,1
3826,2024,210000,1,1,1,2,1,2,1
3827,2024,138000,2,1,1,1,1,1,1
3828,2024,142600,1,1,1,1,1,1,1
3829,2024,84500,1,1,1,1,1,1,1
3830,2024,141250,1,1,1,1,1,4,1
3831,2024,100000,1,1,1,1,1,4,1
3832,2024,121000,2,1,1,2,1,1,1
3833,2024,96800,2,1,1,2,1,1,1
3834,2024,153000,1,1,1,1,1,4,1
3835,2024,155300,1,1,1,1,1,4,1
3836,2024,179000,1,1,1,1,1,1,1
3837,2024,112000,1,1,1,1,1,1,1
3838,2024,196600,2,1,1,1,1,4,1
3839,2024,122400,2,1,1,1,1,4,1
3840,2024,265800,2,1,1,1,1,3,1
3841,2024,165500,2,1,1,1,1,3,1
3842,2024,62393,1,1,1,3,1,2,1
3843,2024,73013,1,1,1,2,1,2,1
3844,2024,135148,1,1,1,2,1,3,1
3845,2024,94604,1,1,1,2,1,3,1
3846,2024,206000,1,1,1,1,1,3,1
3847,2024,150000,1,1,1,2,3,5,1
3848,2024,212800,2,2,1,2,1,1,1
3849,2024,136000,2,2,1,2,1,1,1
3850,2024,164500,1,1,1,2,1,2,1
3851,2024,115000,2,1,1,3,1,2,1
3852,2024,185000,1,2,1,2,1,1,1
3853,2024,89600,1,2,1,2,1,1,1
3854,2024,223600,1,2,1,2,1,4,1
3855,2024,129300,1,2,1,2,1,4,1
3856,2024,236925,1,1,1,1,1,1,1
3857,2024,153075,1,1,1,1,1,1,1
3858,2024,174800,1,1,1,1,1,2,1
3859,2024,111000,1,1,1,1,1,3,1
3860,2024,248640,1,1,1,2,1,1,1
3861,2024,214280,1,1,1,2,1,1,1
3862,2024,146100,1,1,1,2,1,1,1
3863,2024,245575,1,1,1,1,1,3,1
3864,2024,171903,1,1,1,1,1,3,1
3865,2024,163700,1,1,1,2,1,3,1
3866,2024,96300,1,1,1,2,1,3,1
3867,2024,212000,2,1,1,1,1,1,1
3868,2024,144200,2,1,1,1,1,1,1
3869,2024,141150,2,1,1,1,1,2,1
3870,2024,112900,2,1,1,1,1,2,1
3871,2024,176000,2,1,1,1,1,1,1
3872,2024,128000,2,1,1,1,1,1,1
3873,2024,202891,2,1,1,1,1,2,1
3874,2024,25000,2,1,1,1,1,2,1
3875,2024,61600,1,1,1,3,1,2,1
3876,2024,151000,1,1,1,2,1,1,1
3877,2024,100000,1,1,1,3,1,4,1
3878,2024,196075,1,1,1,1,1,4,1
3879,2024,125500,1,1,1,1,1,4,1
3880,2024,151424,1,1,1,2,1,1,1
3881,2024,86528,1,1,1,2,1,1,1
3882,2024,110000,1,1,1,1,1,6,1
3883,2024,306000,1,1,1,1,1,4,1
3884,2024,191000,1,1,1,1,1,4,1
3885,2024,145000,1,1,1,2,1,4,1
3886,2024,330146,2,1,1,2,1,1,1
3887,2024,160520,2,1,1,2,1,1,1
3888,2024,138000,1,1,1,2,1,3,1
3889,2024,86000,1,1,1,2,1,3,1
3890,2024,142500,1,1,1,2,1,4,1
3891,2024,87000,1,1,1,2,1,4,1
3892,2024,178090,2,1,1,1,1,2,1
3893,2024,81978,2,1,1,1,1,2,1
3894,2024,125000,1,1,1,1,1,5,1
3895,2024,110000,1,1,1,1,1,5,1
3896,2024,359170,1,1,1,1,1,2,1
3897,2024,295490,1,1,1,1,1,2,1
3898,2024,114000,1,1,1,1,1,2,1
3899,2024,214800,1,1,1,1,1,1,1
3900,2024,171800,1,1,1,1,1,1,1
3901,2024,181500,1,1,1,1,1,2,1
3902,2024,187000,1,2,1,1,1,5,1
3903,2024,124000,1,2,1,1,1,5,1
3904,2024,265000,1,1,1,1,1,1,1
3905,2024,65000,1,1,1,2,1,1,1
3906,2024,56331,1,1,1,2,1,1,1
3907,2024,142826,2,1,1,1,1,2,1
3908,2024,79348,2,1,1,1,1,2,1
3909,2024,173004,2,1,1,1,1,2,1
3910,2024,96113,2,1,1,1,1,2,1
3911,2024,234300,1,1,1,1,1,2,1
3912,2024,96900,1,1,1,1,1,2,1
3913,2024,147400,1,1,1,1,1,3,1
3914,2024,60900,1,1,1,1,1,3,1
3915,2024,95000,1,1,1,1,1,3,1
3916,2024,250900,1,1,1,1,1,2,1
3917,2024,135200,1,1,1,1,1,2,1
3918,2024,230500,1,1,1,1,1,3,1
3919,2024,179000,1,1,1,1,1,3,1
3920,2024,36000,1,1,1,2,1,1,1
3921,2024,152000,1,1,1,1,1,1,1
3922,2024,367000,1,1,1,4,1,2,1
3923,2024,184200,1,1,1,4,1,2,1
3924,2024,251000,1,1,1,2,1,4,1
3925,2024,177000,1,1,1,2,1,4,1
3926,2024,190000,2,1,1,1,1,5,1
3927,2024,150000,2,1,1,1,1,5,1
3928,2024,129570,1,1,1,2,1,2,1
3929,2024,94900,1,1,1,2,1,2,1
3930,2024,176800,1,1,1,3,1,2,1
3931,2024,74200,1,1,1,3,1,2,1
3932,2024,220600,1,1,1,1,1,3,1
3933,2024,146900,1,1,1,1,1,3,1
3934,2024,215050,1,1,1,1,1,3,1
3935,2024,156400,1,1,1,1,1,3,1
3936,2024,120000,1,1,1,3,1,4,1
3937,2024,84000,1,1,1,3,1,4,1
3938,2024,279000,1,1,1,1,1,4,1
3939,2024,315000,2,1,1,1,1,3,1
3940,2024,285000,2,1,1,1,1,3,1
3941,2024,70000,1,2,1,3,1,2,1
3942,2024,60000,1,2,1,3,1,2,1
3943,2024,142300,1,1,1,2,1,5,1
3944,2024,94900,1,1,1,2,1,5,1
3945,2024,136000,1,1,1,2,1,4,1
3946,2024,269800,1,1,1,1,1,2,1
3947,2024,149900,1,1,1,1,1,2,1
3948,2024,95000,2,1,1,2,1,2,1
3949,2024,55800,1,1,1,1,1,2,1
3950,2024,257000,1,1,1,1,1,5,1
3951,2024,171000,1,1,1,1,1,5,1
3952,2024,232000,1,1,1,1,1,2,1
3953,2024,113000,1,1,1,3,1,2,1
3954,2024,328000,1,1,1,1,1,1,1
3955,2024,257000,1,1,1,1,1,1,1
3956,2024,158200,1,1,1,1,1,3,1
3957,2024,79100,1,1,1,1,1,3,1
3958,2024,110000,2,1,1,2,1,1,1
3959,2024,222000,1,1,1,1,1,1,1
3960,2024,115400,1,1,1,2,1,1,1
3961,2024,228800,1,1,1,2,1,3,1
3962,2024,142500,1,1,1,2,1,3,1
3963,2024,289700,1,1,1,2,1,1,1
3964,2024,131700,1,1,1,2,1,1,1
3965,2024,120000,2,1,1,2,1,3,1
3966,2024,65000,2,1,1,2,1,3,1
3967,2024,96000,2,1,1,1,1,5,1
3968,2024,158920,2,1,1,2,1,2,1
3969,2024,53945,2,1,1,2,1,2,1
3970,2024,170038,2,1,1,2,1,2,1
3971,2024,66379,2,1,1,2,1,2,1
3972,2024,242000,2,1,1,1,1,2,1
3973,2024,151000,2,1,1,1,1,2,1
3974,2024,181100,2,1,1,2,1,1,1
3975,2024,110900,2,1,1,2,1,1,1
3976,2024,132300,2,1,1,1,1,2,1
3977,2024,69500,2,1,1,1,1,2,1
3978,2024,146875,1,1,1,2,1,2,1
3979,2024,81250,1,1,1,2,1,2,1
3980,2024,190900,1,1,1,1,1,2,1
3981,2024,183300,1,1,1,2,1,2,1
3982,2024,101400,1,1,1,2,1,2,1
3983,2024,237000,1,1,1,2,1,4,1
3984,2024,103400,1,1,1,2,1,4,1
3985,2024,230000,1,1,1,2,1,4,1
3986,2024,148000,1,1,1,2,1,4,1
3987,2024,270000,1,1,1,2,1,4,1
3988,2024,117500,1,1,1,2,1,4,1
3989,2024,172800,1,1,1,2,1,1,1
3990,2024,142000,1,1,1,3,1,4,1
3991,2024,36000,1,1,1,3,1,4,1
3992,2024,296400,1,1,1,1,1,4,1
3993,2024,204400,1,1,1,1,1,4,1
3994,2024,110000,1,1,1,1,1,4,1
3995,2024,275000,1,1,1,1,1,1,1
3996,2024,208202,1,1,1,1,1,1,1
3997,2024,213480,1,1,1,4,1,2,1
3998,2024,142320,1,1,1,4,1,2,1
3999,2024,147100,1,1,1,1,1,1,1
4000,2024,88300,1,1,1,1,1,1,1
4001,2024,231500,1,1,1,1,1,2,1
4002,2024,128500,1,1,1,1,1,2,1
4003,2024,325500,1,1,1,1,1,4,1
4004,2024,186000,1,1,1,1,1,4,1
4005,2024,242000,1,1,1,1,1,1,1
4006,2024,106100,2,1,1,1,1,1,1
4007,2024,74300,2,1,1,1,1,1,1
4008,2024,214900,2,1,1,2,1,2,1
4009,2024,143300,2,1,1,2,1,2,1
4010,2024,238000,2,1,1,1,1,1,1
4011,2024,171000,2,1,1,1,1,1,1
4012,2024,186200,1,1,1,1,1,2,1
4013,2024,138900,1,1,1,1,1,2,1
4014,2024,97000,1,1,1,1,1,2,1
4015,2024,203900,1,1,1,1,1,3,1
4016,2024,70000,1,1,1,3,1,1,1
4017,2024,54600,1,1,1,3,1,1,1
4018,2024,161300,1,1,1,2,1,4,1
4019,2024,120300,1,1,1,2,1,4,1
4020,2024,199000,1,1,1,1,1,6,1
4021,2024,137000,1,1,1,1,1,6,1
4022,2024,218000,2,1,1,2,1,1,1
4023,2024,198000,2,1,1,2,1,1,1
4024,2024,251600,1,1,1,1,1,4,1
4025,2024,137510,1,1,1,1,1,1,1
4026,2024,97097,1,1,1,2,1,1,1
4027,2024,119574,1,1,1,1,1,1,1
4028,2024,97097,1,1,1,2,1,4,1
4029,2024,107957,1,1,1,2,1,4,1
4030,2024,120000,1,1,1,3,1,2,1
4031,2024,100367,2,1,1,1,1,2,1
4032,2024,192840,2,1,1,1,1,2,1
4033,2024,115704,2,1,1,1,1,2,1
4034,2024,109262,1,1,1,3,1,2,1
4035,2024,75941,1,1,1,3,1,2,1
4036,2024,179428,1,1,1,1,1,2,1
4037,2024,107657,1,1,1,1,1,2,1
4038,2024,163116,1,1,1,1,1,2,1
4039,2024,97870,1,1,1,1,1,2,1
4040,2024,116706,1,1,1,3,1,2,1
4041,2024,70024,1,1,1,3,1,2,1
4042,2024,235264,1,1,1,1,1,2,1
4043,2024,141158,1,1,1,1,1,2,1
4044,2024,79269,2,1,1,1,1,2,1
4045,2024,60300,1,1,1,2,1,2,1
4046,2024,201066,2,1,1,1,1,2,1
4047,2024,148614,2,1,1,1,1,2,1
4048,2024,140000,1,1,1,2,1,5,1
4049,2024,123000,1,1,1,2,1,5,1
4050,2024,54000,1,1,1,2,1,5,1
4051,2024,250800,1,1,1,2,1,1,1
4052,2024,156750,1,1,1,2,1,1,1
4053,2024,249950,1,1,1,1,1,4,1
4054,2024,176600,1,1,1,1,1,4,1
4055,2024,54000,1,1,1,1,1,2,1
4056,2024,103635,1,1,1,3,1,2,1
4057,2024,75371,1,1,1,3,1,2,1
4058,2024,93800,1,1,1,2,1,3,1
4059,2024,193000,1,1,1,2,1,4,1
4060,2024,84600,1,1,1,2,1,4,1
4061,2024,249600,1,1,1,2,1,2,1
4062,2024,166400,1,1,1,2,1,2,1
4063,2024,111000,2,1,1,1,1,2,1
4064,2024,136400,1,1,1,2,1,4,1
4065,2024,85700,1,1,1,2,1,4,1
4066,2024,34000,1,1,1,3,1,2,1
4067,2024,189750,2,1,1,1,1,5,1
4068,2024,120000,2,1,1,1,1,5,1
4069,2024,81500,1,1,1,2,1,2,1
4070,2024,56200,1,1,1,2,1,2,1
4071,2024,137436,1,1,1,3,1,2,1
4072,2024,91500,1,1,1,3,1,2,1
4073,2024,96800,1,1,1,3,1,2,1
4074,2024,114700,1,1,1,2,1,4,1
4075,2024,57300,1,1,1,2,1,4,1
4076,2024,164000,1,1,1,2,1,1,1
4077,2024,109300,1,1,1,2,1,1,1
4078,2024,102960,1,1,1,1,1,2,1
4079,2024,68640,1,1,1,1,1,2,1
4080,2024,102600,1,1,1,2,1,2,1
4081,2024,61000,1,1,1,2,1,2,1
4082,2024,174342,1,1,1,2,1,2,1
4083,2024,116228,1,1,1,2,1,2,1
4084,2024,149000,1,1,1,1,1,2,1
4085,2024,260000,1,2,1,3,1,2,1
4086,2024,150400,1,2,1,3,1,2,1
4087,2024,146800,2,1,1,1,1,1,1
4088,2024,117400,2,1,1,1,1,1,1
4089,2024,187000,2,1,1,2,1,2,1
4090,2024,50000,2,1,1,3,1,1,1
4091,2024,34000,2,1,1,3,1,1,1
4092,2024,213580,1,1,1,1,1,2,1
4093,2024,192222,1,1,1,1,1,2,1
4094,2024,96782,1,1,1,2,1,2,1
4095,2024,80642,1,1,1,2,1,2,1
4096,2024,252000,1,1,1,1,1,3,1
4097,2024,168000,1,1,1,1,1,3,1
4098,2024,342650,1,1,1,4,1,4,1
4099,2024,233600,1,1,1,4,1,4,1
4100,2024,270000,2,1,1,1,1,1,1
4101,2024,220400,1,1,1,1,1,2,1
4102,2024,209748,1,1,1,1,1,2,1
4103,2024,159832,1,1,1,1,1,2,1
4104,2024,210800,1,1,1,2,1,2,1
4105,2024,167200,1,1,1,2,1,2,1
4106,2024,469000,1,1,1,2,1,2,1
4107,2024,212000,1,1,1,2,1,2,1
4108,2024,192000,1,1,1,1,1,2,1
4109,2024,600000,1,1,1,1,1,3,1
4110,2024,600000,1,1,1,2,1,3,1
4111,2024,160000,1,1,1,3,1,1,1
4112,2024,150000,1,1,1,3,1,1,1
4113,2024,194688,2,1,1,1,1,4,1
4114,2024,118976,2,1,1,1,1,4,1
4115,2024,184900,1,1,1,1,1,2,1
4116,2024,238518,1,1,1,2,1,2,1
4117,2024,126713,1,1,1,2,1,2,1
4118,2024,284000,1,1,1,2,1,1,1
4119,2024,93500,1,1,1,2,1,1,1
4120,2024,560000,1,1,1,2,1,4,1
4121,2024,192000,1,1,1,2,1,1,1
4122,2024,279010,1,1,1,1,1,1,1
4123,2024,223856,1,1,1,1,1,4,1
4124,2024,155904,1,1,1,1,1,4,1
4125,2024,204000,1,1,1,1,1,4,1
4126,2024,210000,2,1,1,1,1,5,1
4127,2024,157000,2,1,1,1,1,5,1
4128,2024,235000,2,1,1,1,1,4,1
4129,2024,145000,2,1,1,1,1,4,1
4130,2024,156000,1,1,1,2,1,4,1
4131,2024,93600,1,1,1,2,1,4,1
4132,2024,250000,1,1,1,1,1,6,1
4133,2024,214200,1,1,1,1,1,4,1
4134,2024,171400,1,1,1,1,1,4,1
4135,2024,190400,1,1,1,1,1,2,1
4136,2024,120578,1,2,1,3,1,2,1
4137,2024,104160,1,2,1,3,1,2,1
4138,2024,262300,1,1,1,1,1,2,1
4139,2024,216000,1,1,1,1,1,2,1
4140,2024,126000,1,1,1,1,1,1,1
4141,2024,246400,1,1,1,1,1,3,1
4142,2024,167700,1,1,1,1,1,3,1
4143,2024,186200,1,1,1,1,1,3,1
4144,2024,139300,1,1,1,1,1,1,1
4145,2024,136852,1,1,1,1,1,1,1
4146,2024,95797,1,1,1,1,1,1,1
4147,2024,95000,1,1,1,3,1,5,1
4148,2024,85000,1,1,1,3,1,5,1
4149,2024,399000,1,1,1,1,1,1,1
4150,2024,278000,1,1,1,1,1,1,1
4151,2024,182670,1,1,1,2,1,2,1
4152,2024,119780,1,1,1,2,1,2,1
4153,2024,150400,1,1,1,1,1,1,1
4154,2024,105600,1,1,1,1,1,1,1
4155,2024,127000,1,1,1,1,1,1,1
4156,2024,118000,2,1,1,2,1,5,1
4157,2024,82800,2,1,1,2,1,5,1
4158,2024,300000,2,1,1,1,1,1,1
4159,2024,193600,1,1,1,3,1,2,1
4160,2024,116300,1,1,1,3,1,2,1
4161,2024,108557,2,1,1,2,1,2,1
4162,2024,60303,2,1,1,2,1,2,1
4163,2024,87800,1,1,1,1,1,2,1
4164,2024,110100,1,1,1,2,1,2,1
4165,2024,62900,1,1,1,2,1,2,1
4166,2024,163700,1,1,1,1,1,1,1
4167,2024,109100,1,1,1,1,1,1,1
4168,2024,128600,1,1,1,2,1,2,1
4169,2024,62800,1,1,1,2,1,2,1
4170,2024,160500,1,1,1,2,1,4,1
4171,2024,94400,1,1,1,2,1,4,1
4172,2024,197000,1,1,1,1,1,1,1
4173,2024,115900,1,1,1,1,1,1,1
4174,2024,130500,2,1,1,2,1,1,1
4175,2024,130700,1,1,1,2,1,2,1
4176,2024,87100,1,1,1,2,1,2,1
4177,2024,340000,1,1,1,4,1,4,1
4178,2024,183000,1,1,1,4,1,4,1
4179,2024,266875,1,1,1,1,1,1,1
4180,2024,128250,1,1,1,1,1,1,1
4181,2024,95500,2,1,1,2,1,1,1
4182,2024,72000,1,1,1,1,1,1,1
4183,2024,50000,1,1,1,1,1,1,1
4184,2024,139000,1,1,1,2,1,2,1
4185,2024,83400,1,1,1,2,1,2,1
4186,2024,162240,1,1,1,3,1,1,1
4187,2024,47840,1,1,1,3,1,1,1
4188,2024,93575,1,1,1,3,1,2,1
4189,2024,204600,1,1,1,2,1,4,1
4190,2024,84500,1,1,1,2,1,4,1
4191,2024,50000,2,1,1,3,1,2,1
4192,2024,337500,1,1,1,4,1,2,1
4193,2024,225000,1,1,1,4,1,2,1
4194,2024,276000,2,1,1,1,1,5,1
4195,2024,227700,1,1,1,1,1,6,1
4196,2024,175950,1,1,1,1,1,6,1
4197,2024,357900,1,1,1,1,1,3,1
4198,2024,189400,1,1,1,1,1,3,1
4199,2024,321600,1,1,1,1,1,1,1
4200,2024,172500,1,1,1,1,1,1,1
4201,2024,135000,1,1,1,2,1,4,1
4202,2024,88000,1,1,1,2,1,4,1
4203,2024,161500,1,1,1,1,1,1,1
4204,2024,216040,1,1,1,2,1,1,1
4205,2024,99300,1,1,1,2,1,1,1
4206,2024,258750,1,1,1,2,1,1,1
4207,2024,128000,1,1,1,2,1,1,1
4208,2024,100650,1,1,1,2,1,1,1
4209,2024,73200,1,1,1,2,1,1,1
4210,2024,112200,1,1,1,1,1,2,1
4211,2024,46988,1,1,1,1,1,2,1
4212,2024,85000,1,1,1,1,1,4,1
4213,2024,192900,1,1,1,1,1,4,1
4214,2024,163680,1,1,1,1,1,2,1
4215,2024,109120,1,1,1,1,1,2,1
4216,2024,137500,1,1,1,1,1,2,1
4217,2024,120000,2,1,1,1,1,4,1
4218,2024,209000,2,1,1,1,1,6,1
4219,2024,142500,2,1,1,1,1,6,1
4220,2024,145440,1,1,1,1,1,2,1
4221,2024,96960,1,1,1,1,1,2,1
4222,2024,277000,1,1,1,1,1,3,1
4223,2024,173000,1,1,1,1,1,3,1
4224,2024,137500,1,1,1,1,1,3,1
4225,2024,265080,1,1,1,1,1,2,1
4226,2024,176720,1,1,1,1,1,2,1
4227,2024,96000,1,1,1,2,1,1,1
4228,2024,123300,1,1,1,2,1,1,1
4229,2024,104800,1,1,1,2,1,1,1
4230,2024,158010,1,1,1,1,1,2,1
4231,2024,93432,1,1,1,1,1,2,1
4232,2024,94000,1,1,1,3,1,2,1
4233,2024,87350,1,1,1,2,1,2,1
4234,2024,69900,1,1,1,2,1,2,1
4235,2024,89600,1,2,1,2,1,2,1
4236,2024,500000,1,1,1,1,1,1,1
4237,2024,264000,1,1,1,1,1,1,1
4238,2024,163200,1,1,1,1,1,1,1
4239,2024,207600,1,1,1,2,1,3,1
4240,2024,169800,1,1,1,2,1,3,1
4241,2024,234550,1,1,1,2,1,3,1
4242,2024,163950,1,1,1,2,1,3,1
4243,2024,52300,1,1,1,3,1,2,1
4244,2024,216000,1,1,1,1,1,6,1
4245,2024,135000,1,1,1,1,1,6,1
4246,2024,40000,1,1,1,2,1,2,1
4247,2024,221000,1,1,1,2,1,2,1
4248,2024,46000,1,1,1,2,1,2,1
4249,2024,273000,1,1,1,1,1,2,1
4250,2024,169000,1,1,1,1,1,2,1
4251,2024,210700,1,1,1,2,1,4,1
4252,2024,110900,1,1,1,2,1,4,1
4253,2024,252900,1,1,1,1,1,4,1
4254,2024,133100,1,1,1,1,1,4,1
4255,2024,70000,2,1,1,2,1,1,1
4256,2024,50000,2,1,1,2,1,1,1
4257,2024,204200,1,1,1,1,1,3,1
4258,2024,115400,1,1,1,1,1,3,1
4259,2024,182000,1,1,1,1,1,3,1
4260,2024,125000,1,1,1,1,1,3,1
4261,2024,231100,1,1,1,1,1,3,1
4262,2024,149000,1,1,1,1,1,3,1
4263,2024,140200,1,1,1,1,1,2,1
4264,2024,104600,1,1,1,1,1,2,1
4265,2024,213900,1,1,1,1,1,2,1
4266,2024,88000,1,1,1,2,1,1,1
4267,2024,197400,1,1,1,1,1,3,1
4268,2024,94000,1,1,1,1,1,3,1
4269,2024,225607,1,1,1,4,1,2,1
4270,2024,150405,1,1,1,4,1,2,1
4271,2024,116000,1,1,1,2,1,2,1
4272,2024,263600,1,1,1,1,1,2,1
4273,2024,119800,1,1,1,1,1,2,1
4274,2024,124000,2,1,1,1,1,2,1
4275,2024,203065,1,1,1,2,1,2,1
4276,2024,135376,1,1,1,2,1,2,1
4277,2024,299000,1,1,1,1,1,1,1
4278,2024,188000,1,1,1,1,1,1,1
4279,2024,52030,1,1,1,3,1,2,1
4280,2024,41990,1,1,1,3,1,2,1
4281,2024,180583,1,1,1,2,1,4,1
4282,2024,82800,2,1,1,1,1,2,1
4283,2024,258750,1,1,1,2,1,4,1
4284,2024,164000,1,1,1,2,1,4,1
4285,2024,195200,1,1,1,3,1,2,1
4286,2024,96600,1,1,1,3,1,2,1
4287,2024,220900,1,1,1,2,1,2,1
4288,2024,153000,1,1,1,2,1,2,1
4289,2024,107200,1,1,1,2,1,2,1
4290,2024,46000,1,1,1,3,1,2,1
4291,2024,235200,1,2,1,1,1,1,1
4292,2024,136100,1,2,1,1,1,1,1
4293,2024,223000,2,1,1,1,1,3,1
4294,2024,185000,2,1,1,1,1,3,1
4295,2024,258000,2,1,1,1,1,3,1
4296,2024,205000,1,1,1,1,1,3,1
4297,2024,170000,2,1,1,2,1,3,1
4298,2024,130000,2,1,1,2,1,3,1
4299,2024,195000,2,1,1,2,1,3,1
4300,2024,146000,2,1,1,2,1,3,1
4301,2024,245575,1,1,1,2,1,3,1
4302,2024,171903,1,1,1,2,1,3,1
4303,2024,203100,1,1,1,2,1,4,1
4304,2024,146600,1,1,1,2,1,4,1
4305,2024,205700,1,1,1,2,1,1,1
4306,2024,131000,1,1,1,2,1,1,1
4307,2024,114200,2,1,1,1,1,2,1
4308,2024,183000,1,1,1,1,1,2,1
4309,2024,112300,2,1,1,2,1,2,1
4310,2024,93700,2,1,1,2,1,2,1
4311,2024,132100,2,1,1,2,1,2,1
4312,2024,299000,1,1,1,1,1,2,1
4313,2024,145000,2,1,1,3,1,1,1
4314,2024,94000,2,1,1,3,1,1,1
4315,2024,205200,1,1,1,1,1,1,1
4316,2024,121600,1,1,1,1,1,1,1
4317,2024,178500,1,1,1,1,1,4,1
4318,2024,134400,1,1,1,1,1,4,1
4319,2024,215000,2,1,1,1,1,4,1
4320,2024,179300,2,1,1,1,1,4,1
4321,2024,305000,1,1,1,2,1,1,1
4322,2024,405000,1,1,1,1,1,4,1
4323,2024,89200,1,1,1,1,1,1,1
4324,2024,45700,1,1,1,1,1,1,1
4325,2024,127000,1,1,1,2,1,1,1
4326,2024,83600,1,1,1,2,1,1,1
4327,2024,255000,1,1,1,1,1,1,1
4328,2024,204000,1,1,1,1,1,1,1
4329,2024,155000,1,1,1,2,1,4,1
4330,2024,192300,1,1,1,3,1,2,1
4331,2024,120200,1,1,1,3,1,2,1
4332,2024,196000,2,1,1,1,1,1,1
4333,2024,95200,2,1,1,1,1,1,1
4334,2024,124800,2,1,1,2,1,2,1
4335,2024,76128,2,1,1,2,1,2,1
4336,2024,170000,2,1,1,2,1,4,1
4337,2024,410000,2,1,1,1,1,2,1
4338,2024,300000,2,1,1,1,1,2,1
4339,2024,258000,1,1,1,2,1,4,1
4340,2024,119700,1,1,1,2,1,4,1
4341,2024,268500,1,1,1,1,1,1,1
4342,2024,147000,1,1,1,2,1,1,1
4343,2024,259000,1,1,1,1,1,2,1
4344,2024,124300,1,1,1,1,1,2,1
4345,2024,105800,1,1,1,1,1,2,1
4346,2024,192050,1,1,1,1,1,2,1
4347,2024,355400,1,1,1,1,1,1,1
4348,2024,136900,1,1,1,1,1,1,1
4349,2024,259000,1,1,1,2,1,1,1
4350,2024,124300,1,1,1,2,1,1,1
4351,2024,93000,1,1,1,2,1,2,1
4352,2024,100802,1,1,1,2,1,2,1
4353,2024,70561,1,1,1,2,1,2,1
4354,2024,141200,1,1,1,1,1,2,1
4355,2024,75400,1,1,1,1,1,2,1
4356,2024,92500,2,1,1,2,1,2,1
4357,2024,53500,2,1,1,2,1,2,1
4358,2024,437500,1,1,1,2,1,2,1
4359,2024,351500,2,1,1,1,1,3,1
4360,2024,218800,2,1,1,1,1,3,1
4361,2024,259000,1,1,1,2,1,3,1
4362,2024,124300,1,1,1,2,1,3,1
4363,2024,224087,1,1,1,2,1,4,1
4364,2024,170200,1,1,1,2,1,4,1
4365,2024,370300,1,1,1,1,1,1,1
4366,2024,190000,2,1,1,2,1,4,1
4367,2024,115000,2,1,1,2,1,4,1
4368,2024,458000,1,1,1,1,1,3,1
4369,2024,176500,1,1,1,1,1,3,1
4370,2024,214500,1,1,1,1,1,4,1
4371,2024,121900,1,1,1,1,1,4,1
4372,2024,314400,1,1,1,1,1,4,1
4373,2024,161600,1,1,1,1,1,4,1
4374,2024,173000,1,1,1,2,1,4,1
4375,2024,212000,1,2,1,1,1,4,1
4376,2024,141000,1,2,1,1,1,4,1
4377,2024,188856,1,1,1,2,1,2,1
4378,2024,75000,2,1,1,2,1,3,1
4379,2024,212000,1,2,1,2,1,4,1
4380,2024,141000,1,2,1,2,1,4,1
4381,2024,145200,1,1,1,1,1,2,1
4382,2024,118800,1,1,1,1,1,2,1
4383,2024,195500,1,1,1,3,1,2,1
4384,2024,89250,1,1,1,3,1,2,1
4385,2024,142000,1,1,1,1,1,2,1
4386,2024,140000,2,1,1,2,1,3,1
4387,2024,100000,2,1,1,2,1,3,1
4388,2024,160160,2,1,1,1,1,4,1
4389,2024,131040,2,1,1,1,1,4,1
4390,2024,163000,1,1,1,1,1,1,1
4391,2024,77000,1,1,1,1,1,1,1
4392,2024,75600,1,1,1,1,1,1,1
4393,2024,287000,2,1,1,2,1,2,1
4394,2024,143000,2,1,1,2,1,2,1
4395,2024,102500,1,1,1,3,1,2,1
4396,2024,81075,2,1,1,3,2,3,1
4397,2024,44850,2,1,1,3,2,3,1
4398,2024,385250,1,1,1,1,1,1,1
4399,2024,142100,1,1,1,2,1,2,1
4400,2024,85200,1,1,1,2,1,2,1
4401,2024,110975,1,1,1,2,1,2,1
4402,2024,82025,1,1,1,2,1,2,1
4403,2024,97525,1,1,1,3,1,4,1
4404,2024,53950,1,1,1,3,1,4,1
4405,2024,192390,2,1,1,1,1,1,1
4406,2024,116640,2,1,1,1,1,1,1
4407,2024,147400,1,1,1,2,1,4,1
4408,2024,60900,1,1,1,2,1,4,1
4409,2024,136850,1,1,1,1,1,4,1
4410,2024,114750,1,1,1,2,1,4,1
4411,2024,170300,2,1,1,1,1,2,1
4412,2024,94700,2,1,1,1,1,2,1
4413,2024,74000,2,1,1,3,1,2,1
4414,2024,158300,2,1,1,2,1,1,1
4415,2024,82400,2,1,1,2,1,1,1
4416,2024,80600,2,1,1,3,1,3,1
4417,2024,32000,2,1,1,3,1,3,1
4418,2024,325200,1,1,1,1,1,3,1
4419,2024,170900,1,1,1,1,1,3,1
4420,2024,86500,1,1,1,2,1,2,1
4421,2024,80600,1,1,1,3,1,2,1
4422,2024,32000,1,1,1,3,1,2,1
4423,2024,128000,1,1,1,3,1,2,1
4424,2024,267500,1,1,1,2,1,4,1
4425,2024,165000,1,1,1,2,1,4,1
4426,2024,117400,1,1,1,2,1,2,1
4427,2024,62620,1,1,1,2,1,2,1
4428,2024,131200,2,1,1,1,1,2,1
4429,2024,95300,2,1,1,1,1,2,1
4430,2024,68800,1,1,1,1,1,2,1
4431,2024,48000,1,1,1,1,1,2,1
4432,2024,264200,1,1,1,3,1,2,1
4433,2024,143100,1,1,1,3,1,2,1
4434,2024,360200,1,1,1,1,1,1,1
4435,2024,208300,1,1,1,1,1,1,1
4436,2024,136300,1,1,1,2,1,1,1
4437,2024,44900,1,1,1,1,1,1,1
4438,2024,146800,1,1,1,2,1,1,1
4439,2024,104600,1,1,1,2,1,1,1
4440,2024,162000,1,2,1,1,1,3,1
4441,2024,107000,1,2,1,1,1,3,1
4442,2024,112900,1,1,1,2,1,2,1
4443,2024,50000,1,1,1,3,1,2,1
4444,2024,38000,1,1,1,3,1,2,1
4445,2024,313000,1,1,1,1,1,1,1
4446,2024,181000,1,1,1,1,1,1,1
4447,2024,56000,1,1,1,1,1,1,1
4448,2024,152000,2,1,1,1,1,2,1
4449,2024,111720,2,1,1,1,1,2,1
4450,2024,250200,1,1,1,3,1,2,1
4451,2024,117200,1,1,1,3,1,2,1
4452,2024,99000,2,1,1,2,1,2,1
4453,2024,72500,2,1,1,2,1,2,1
4454,2024,194480,1,1,1,2,1,1,1
4455,2024,173264,1,1,1,2,1,1,1
4456,2024,200200,1,1,1,2,1,1,1
4457,2024,178360,1,1,1,2,1,1,1
4458,2024,62100,1,1,1,1,1,4,1
4459,2024,186200,1,1,1,1,1,4,1
4460,2024,138900,1,1,1,1,1,4,1
4461,2024,142250,1,1,1,4,1,1,1
4462,2024,100000,1,1,1,4,1,1,1
4463,2024,84000,1,1,1,1,1,2,1
4464,2024,65500,1,1,1,1,1,2,1
4465,2024,182608,1,1,1,1,1,4,1
4466,2024,90000,2,1,1,2,1,1,1
4467,2024,100100,1,1,1,2,1,2,1
4468,2024,77350,1,1,1,2,1,2,1
4469,2024,181200,1,1,1,2,1,3,1
4470,2024,78700,1,1,1,2,1,3,1
4471,2024,282600,1,1,1,4,1,2,1
4472,2024,145600,1,1,1,4,1,2,1
4473,2024,212000,2,1,1,1,1,5,1
4474,2024,127200,2,1,1,1,1,5,1
4475,2024,110100,1,1,1,1,1,2,1
4476,2024,87000,2,1,1,2,1,2,1
4477,2024,62954,2,1,1,2,1,2,1
4478,2024,205600,1,1,1,1,1,2,1
4479,2024,123400,1,1,1,1,1,2,1
4480,2024,130000,1,1,1,3,1,2,1
4481,2024,90000,2,1,1,1,1,3,1
4482,2024,193000,1,1,1,2,1,6,1
4483,2024,84600,1,1,1,2,1,6,1
4484,2024,158600,1,1,1,1,1,2,1
4485,2024,95200,1,1,1,1,1,2,1
4486,2024,64000,1,1,1,2,1,1,1
4487,2024,117500,1,1,1,2,1,1,1
4488,2024,223900,1,1,1,1,1,2,1
4489,2024,135700,1,1,1,1,1,2,1
4490,2024,192300,1,1,1,2,1,2,1
4491,2024,107900,1,1,1,2,1,2,1
4492,2024,100493,1,1,1,2,1,2,1
4493,2024,54616,1,1,1,2,1,2,1
4494,2024,184320,1,1,1,2,1,2,1
4495,2024,122880,1,1,1,2,1,2,1
4496,2024,116050,1,1,1,1,1,2,1
4497,2024,84400,1,1,1,1,1,2,1
4498,2024,212300,1,1,1,1,1,2,1
4499,2024,154400,1,1,1,1,1,2,1
4500,2024,111300,1,1,1,3,1,1,1
4501,2024,81000,1,1,1,3,1,1,1
4502,2024,100000,1,1,1,2,1,6,1
4503,2024,95000,1,1,1,2,1,6,1
4504,2024,248700,1,1,1,1,1,5,1
4505,2024,155700,1,1,1,1,1,5,1
4506,2024,245700,1,1,1,1,1,3,1
4507,2024,132300,1,1,1,1,1,3,1
4508,2024,142800,1,1,1,2,1,1,1
4509,2024,166200,1,1,1,3,1,4,1
4510,2024,92100,1,1,1,3,1,4,1
4511,2024,115920,1,1,1,1,1,2,1
4512,2024,77280,1,1,1,1,1,2,1
4513,2024,116334,1,1,1,1,1,2,1
4514,2024,175600,1,1,1,1,1,1,1
4515,2024,196000,1,1,1,1,1,2,1
4516,2024,133000,1,1,1,1,1,2,1
4517,2024,142600,1,1,1,2,1,2,1
4518,2024,114080,1,1,1,2,1,2,1
4519,2024,259000,2,1,1,2,1,2,1
4520,2024,204000,2,1,1,2,1,2,1
4521,2024,181000,2,1,1,1,1,1,1
4522,2024,140000,2,1,1,1,1,1,1
4523,2024,98592,1,1,1,3,1,1,1
4524,2024,68640,1,1,1,3,1,1,1
4525,2024,255000,1,1,1,4,1,2,1
4526,2024,213000,1,1,1,4,1,2,1
4527,2024,245200,1,1,1,1,1,3,1
4528,2024,165600,1,1,1,1,1,2,1
4529,2024,132480,1,1,1,1,1,2,1
4530,2024,137900,2,1,1,2,1,2,1
4531,2024,95100,2,1,1,2,1,2,1
4532,2024,87100,2,1,1,2,1,2,1
4533,2024,137900,1,1,1,2,1,2,1
4534,2024,95100,1,1,1,2,1,2,1
4535,2024,126300,1,1,1,2,1,2,1
4536,2024,260000,2,1,1,1,1,2,1
4537,2024,137275,2,1,1,1,1,2,1
4538,2024,368000,2,1,1,1,1,3,1
4539,2024,280000,1,1,1,1,1,4,1
4540,2024,58100,1,1,1,2,1,1,1
4541,2024,137900,2,1,1,3,1,2,1
4542,2024,95100,2,1,1,3,1,2,1
4543,2024,126300,2,1,1,3,1,2,1
4544,2024,137900,1,1,1,3,1,2,1
4545,2024,95100,1,1,1,3,1,2,1
4546,2024,126300,1,1,1,3,1,2,1
4547,2024,87100,1,1,1,3,1,2,1
4548,2024,138000,1,1,1,3,1,2,1
4549,2024,85500,1,1,1,3,1,2,1
4550,2024,156250,2,1,1,1,1,2,1
4551,2024,240000,2,1,1,4,1,1,1
4552,2024,200000,2,1,1,4,1,1,1
4553,2024,126500,2,1,1,2,1,1,1
4554,2024,116000,1,1,1,1,1,4,1
4555,2024,189110,1,1,1,1,1,4,1
4556,2024,191000,1,1,1,2,1,2,1
4557,2024,135000,2,1,1,1,1,1,1
4558,2024,200000,2,1,1,1,1,4,1
4559,2024,110000,2,1,1,1,1,4,1
4560,2024,141300,1,1,1,2,1,1,1
4561,2024,67000,1,1,1,2,1,1,1
4562,2024,281000,2,1,1,1,1,4,1
4563,2024,155000,2,1,1,1,1,4,1
4564,2024,130000,2,1,1,1,1,4,1
4565,2024,96800,1,1,1,1,1,2,1
4566,2024,154000,1,1,1,1,1,4,1
4567,2024,155000,2,1,1,2,1,5,1
4568,2024,137000,2,1,1,2,1,5,1
4569,2024,320000,1,1,1,1,1,1,1
4570,2024,314800,2,1,1,1,1,5,1
4571,2024,119200,2,1,1,1,1,5,1
4572,2024,114000,1,1,1,2,1,4,1
4573,2024,154330,1,1,1,2,1,1,1
4574,2024,86700,1,1,1,2,1,1,1
4575,2024,208000,1,1,1,3,1,1,1
4576,2024,147000,1,1,1,3,1,1,1
4577,2024,135000,1,1,1,3,1,2,1
4578,2024,165000,1,1,1,3,1,4,1
4579,2024,130000,1,1,1,3,1,4,1
4580,2024,183000,1,1,1,3,1,2,1
4581,2024,176490,2,1,1,1,1,2,1
4582,2024,107430,2,1,1,1,1,2,1
4583,2024,163492,1,1,1,1,1,2,1
4584,2024,102183,1,1,1,1,1,2,1
4585,2024,200000,2,1,1,4,1,2,1
4586,2024,90000,2,1,1,4,1,2,1
4587,2024,105000,1,1,1,1,1,2,1
4588,2024,78000,1,1,1,3,2,2,1
4589,2024,46800,1,1,1,3,2,2,1
4590,2024,115000,1,1,1,3,1,4,1
4591,2024,176571,1,1,1,2,1,1,1
4592,2024,240240,1,1,1,1,1,1,1
4593,2024,203350,1,1,1,1,1,1,1
4594,2024,111662,1,1,1,2,1,4,1
4595,2024,150900,1,1,1,1,1,4,1
4596,2024,157697,1,1,1,2,1,2,1
4597,2024,93890,1,1,1,2,1,2,1
4598,2024,214280,1,1,1,1,1,1,1
4599,2024,165580,1,1,1,1,1,1,1
4600,2024,142800,2,1,1,1,1,2,1
4601,2024,142800,2,1,1,2,1,2,1
4602,2024,85600,2,1,1,2,1,2,1
4603,2024,152375,2,1,1,1,1,2,1
4604,2024,94000,2,1,1,1,1,2,1
4605,2024,87600,1,1,1,3,1,2,1
4606,2024,58500,1,1,1,3,1,2,1
4607,2024,113800,1,1,1,2,1,2,1
4608,2024,79700,1,1,1,2,1,2,1
4609,2024,111500,2,1,1,2,1,2,1
4610,2024,79700,2,1,1,2,1,2,1
4611,2024,322300,2,1,1,1,1,1,1
4612,2024,201700,2,1,1,1,1,1,1
4613,2024,78000,1,1,1,1,1,1,1
4614,2024,237500,1,1,1,4,1,4,1
4615,2024,142500,1,1,1,4,1,4,1
4616,2024,161800,1,1,1,1,1,4,1
4617,2024,97100,1,1,1,1,1,4,1
4618,2024,159100,1,1,1,2,1,4,1
4619,2024,80600,2,1,1,3,1,2,1
4620,2024,32000,2,1,1,3,1,2,1
4621,2024,197100,1,1,1,2,1,2,1
4622,2024,202600,1,1,1,1,1,2,1
4623,2024,93800,1,1,1,1,1,2,1
4624,2024,79310,1,1,1,2,1,2,1
4625,2024,246300,1,1,1,1,1,1,1
4626,2024,195500,1,1,1,1,1,4,1
4627,2024,117300,1,1,1,1,1,4,1
4628,2024,92700,1,1,1,1,1,3,1
4629,2024,96000,2,1,1,3,1,2,1
4630,2024,61046,1,1,1,2,1,1,1
4631,2024,323000,1,1,1,1,1,4,1
4632,2024,104000,2,1,1,2,1,2,1
4633,2024,137436,1,1,1,3,1,1,1
4634,2024,91500,1,1,1,3,1,1,1
4635,2024,107968,2,1,1,3,1,2,1
4636,2024,63511,2,1,1,3,1,2,1
4637,2024,148440,1,1,1,1,1,2,1
4638,2024,98960,1,1,1,1,1,2,1
4639,2024,208080,1,1,1,1,1,2,1
4640,2024,138720,1,1,1,1,1,2,1
4641,2024,131500,1,1,1,2,1,3,1
4642,2024,195500,1,1,1,1,1,1,1
4643,2024,105500,1,1,1,1,1,1,1
4644,2024,131250,1,1,1,1,1,2,1
4645,2024,97000,1,1,1,2,1,2,1
4646,2024,74700,1,2,1,2,1,2,1
4647,2024,47700,1,2,1,2,1,2,1
4648,2024,200000,1,2,1,2,1,4,1
4649,2024,99500,1,2,1,2,1,4,1
4650,2024,180650,1,1,1,1,1,4,1
4651,2024,124700,1,1,1,1,1,4,1
4652,2024,160580,1,1,1,1,1,2,1
4653,2024,99740,1,1,1,1,1,2,1
4654,2024,93750,1,1,1,2,1,2,1
4655,2024,96200,1,1,1,2,1,2,1
4656,2024,57400,1,1,1,2,1,2,1
4657,2024,177750,2,1,1,1,1,2,1
4658,2024,200740,1,1,1,3,1,2,1
4659,2024,207900,2,1,1,1,1,2,1
4660,2024,158400,2,1,1,1,1,2,1
4661,2024,168000,1,1,1,2,1,1,1
4662,2024,168000,1,1,1,2,1,3,1
4663,2024,230000,1,1,1,2,1,3,1
4664,2024,134500,1,1,1,1,1,4,1
4665,2024,245000,1,1,1,1,1,1,1
4666,2024,51000,1,1,1,2,1,2,1
4667,2024,153000,1,1,1,2,1,4,1
4668,2024,285000,1,1,1,1,1,1,1
4669,2024,321000,1,1,1,1,1,1,1
4670,2024,181050,1,1,1,2,1,1,1
4671,2024,120700,1,1,1,2,1,1,1
4672,2024,331640,1,1,1,2,1,1,1
4673,2024,238780,1,1,1,2,1,1,1
4674,2024,365000,1,1,1,2,1,1,1
4675,2024,290000,1,1,1,2,1,1,1
4676,2024,235400,1,1,1,2,1,2,1
4677,2024,190120,1,1,1,2,1,2,1
4678,2024,142000,2,1,1,1,1,2,1
4679,2024,61933,1,1,1,2,1,2,1
4680,2024,96200,1,1,1,1,1,2,1
4681,2024,69800,1,1,1,1,1,2,1
4682,2024,171835,1,2,1,2,1,4,1
4683,2024,114557,1,2,1,2,1,4,1
4684,2024,140000,2,1,1,2,3,2,1
4685,2024,105750,1,1,1,2,1,2,1
4686,2024,65428,1,1,1,2,1,2,1
4687,2024,60730,1,1,1,2,1,2,1
4688,2024,329333,1,1,1,2,1,2,1
4689,2024,144000,1,1,1,2,1,2,1
4690,2024,204000,1,1,1,4,1,4,1
4691,2024,115700,1,1,1,4,1,4,1
4692,2024,176000,2,1,1,3,1,2,1
4693,2024,124000,2,1,1,3,1,2,1
4694,2024,142166,1,1,1,1,1,2,1
4695,2024,88854,1,1,1,1,1,2,1
4696,2024,98000,1,1,1,3,1,2,1
4697,2024,133260,2,1,1,2,1,2,1
4698,2024,81120,2,1,1,2,1,2,1
4699,2024,116760,1,1,1,1,1,4,1
4700,2024,100080,1,1,1,1,1,4,1
4701,2024,176760,1,2,1,2,1,5,1
4702,2024,117840,1,2,1,2,1,5,1
4703,2024,211000,1,1,1,1,1,5,1
4704,2024,142000,1,1,1,1,1,5,1
4705,2024,174500,2,1,1,2,1,2,1
4706,2024,126800,2,1,1,2,1,2,1
4707,2024,182700,1,1,1,1,1,1,1
4708,2024,98200,1,1,1,1,1,1,1
4709,2024,130000,2,1,1,2,1,4,1
4710,2024,105000,2,1,1,2,1,4,1
4711,2024,154000,1,1,1,2,1,4,1
4712,2024,67700,1,1,1,2,1,4,1
4713,2024,84600,1,1,1,1,1,4,1
4714,2024,119317,1,1,1,1,1,2,1
4715,2024,89488,1,1,1,1,1,2,1
4716,2024,210554,1,1,1,2,1,1,1
4717,2024,108182,1,1,1,2,1,1,1
4718,2024,287470,1,1,1,1,1,4,1
4719,2024,132918,1,1,1,1,1,4,1
4720,2024,172400,1,1,1,2,1,4,1
4721,2024,82100,1,1,1,2,1,4,1
4722,2024,96700,1,1,1,2,1,1,1
4723,2024,227700,1,1,1,2,1,2,1
4724,2024,151800,1,1,1,2,1,2,1
4725,2024,138000,1,1,1,2,1,1,1
4726,2024,151100,1,1,1,1,1,2,1
4727,2024,127000,1,1,1,1,1,2,1
4728,2024,155376,1,1,1,1,1,2,1
4729,2024,95264,1,1,1,1,1,2,1
4730,2024,203940,1,1,1,2,1,3,1
4731,2024,101970,1,1,1,2,1,3,1
4732,2024,339250,2,1,1,1,1,5,1
4733,2024,180000,2,1,1,1,1,5,1
4734,2024,84000,1,1,1,1,1,1,1
4735,2024,138100,1,1,1,1,1,1,1
4736,2024,81400,1,1,1,1,1,1,1
4737,2024,171000,1,1,1,1,1,1,1
4738,2024,107000,1,1,1,1,1,1,1
4739,2024,137500,1,1,1,2,1,2,1
4740,2024,350000,1,1,1,4,1,2,1
4741,2024,170500,1,1,1,4,1,2,1
4742,2024,201250,1,1,1,1,1,2,1
4743,2024,148750,1,1,1,1,1,2,1
4744,2024,204600,1,1,1,1,1,3,1
4745,2024,84500,1,1,1,1,1,3,1
4746,2024,260850,1,1,1,1,1,5,1
4747,2024,144300,1,1,1,1,1,5,1
4748,2024,179615,1,1,1,2,1,2,1
4749,2024,132759,1,1,1,2,1,2,1
4750,2024,156500,1,1,1,3,1,2,1
4751,2024,211500,1,1,1,1,1,4,1
4752,2024,101000,1,1,1,2,1,2,1
4753,2024,67000,1,1,1,2,1,2,1
4754,2024,234200,1,1,1,1,1,1,1
4755,2024,245100,1,1,1,2,1,2,1
4756,2024,176490,1,1,1,2,1,2,1
4757,2024,260000,1,1,1,2,1,1,1
4758,2024,277500,1,1,1,1,1,1,1
4759,2024,132600,1,1,1,1,1,1,1
4760,2024,176000,2,1,1,1,1,3,1
4761,2024,128000,2,1,1,1,1,3,1
4762,2024,309000,1,1,1,1,1,3,1
4763,2024,142000,1,1,1,1,1,3,1
4764,2024,160000,1,1,1,2,1,3,1
4765,2024,152000,1,1,1,2,1,3,1
4766,2024,350000,1,1,1,1,1,4,1
4767,2024,259000,1,1,1,1,1,4,1
4768,2024,184250,1,1,1,1,1,2,1
4769,2024,126000,1,1,1,2,1,2,1
4770,2024,100900,1,1,1,2,1,2,1
4771,2024,143000,2,1,1,1,1,4,1
4772,2024,145000,2,1,1,2,1,4,1
4773,2024,145600,1,1,1,1,1,1,1
4774,2024,83000,2,1,1,3,1,2,1
4775,2024,80000,2,1,1,2,1,4,1
4776,2024,61000,2,1,1,2,1,4,1
4777,2024,78000,1,1,1,2,1,1,1
4778,2024,181050,1,1,1,1,1,1,1
4779,2024,230000,1,1,1,2,1,6,1
4780,2024,160000,1,1,1,2,1,6,1
4781,2024,185350,1,1,1,1,1,4,1
4782,2024,134800,1,1,1,1,1,4,1
4783,2024,178000,1,1,1,1,1,3,1
4784,2024,97000,1,1,1,1,1,3,1
4785,2024,97000,1,1,1,1,1,1,1
4786,2024,368230,1,1,1,1,1,1,1
4787,2024,318090,1,1,1,1,1,1,1
4788,2024,223300,1,1,1,1,1,1,1
4789,2024,154000,1,1,1,1,1,1,1
4790,2024,228300,1,1,1,1,1,3,1
4791,2024,105200,1,1,1,1,1,3,1
4792,2024,207800,1,1,1,1,1,4,1
4793,2024,88400,1,1,1,2,1,2,1
4794,2024,178700,1,1,1,1,1,4,1
4795,2024,109200,1,1,1,1,1,4,1
4796,2024,151400,1,1,1,1,1,4,1
4797,2024,92500,1,1,1,1,1,4,1
4798,2024,69127,1,1,1,2,1,2,1
4799,2024,59850,1,1,1,2,1,2,1
4800,2024,85000,2,1,1,1,1,4,1
4801,2024,312200,1,1,1,1,1,6,1
4802,2024,175800,1,1,1,1,1,6,1
4803,2024,88750,1,1,1,2,1,2,1
4804,2024,67500,1,1,1,2,1,2,1
4805,2024,170500,1,1,1,3,1,4,1
4806,2024,124000,1,1,1,3,1,4,1
4807,2024,83000,1,1,1,2,1,4,1
4808,2024,224765,1,1,1,1,1,4,1
4809,2024,134597,1,1,1,1,1,4,1
4810,2024,91000,1,1,1,1,1,1,1
4811,2024,100500,1,1,1,2,1,2,1
4812,2024,130800,1,1,1,2,1,2,1
4813,2024,244400,1,1,1,2,1,2,1
4814,2024,148100,1,1,1,2,1,2,1
4815,2024,67824,1,1,1,3,1,2,1
4816,2024,42516,1,1,1,3,1,2,1
4817,2024,79200,1,1,1,2,1,2,1
4818,2024,63750,1,1,1,2,1,2,1
4819,2024,101484,1,1,1,1,1,2,1
4820,2024,60890,1,1,1,1,1,2,1
4821,2024,108900,1,1,1,1,1,2,1
4822,2024,114000,1,1,1,2,1,2,1
4823,2024,216200,1,1,1,1,1,1,1
4824,2024,102900,1,1,1,1,1,1,1
4825,2024,64000,2,1,1,1,1,2,1
4826,2024,257600,1,1,1,1,1,1,1
4827,2024,177650,1,1,1,1,1,1,1
4828,2024,95000,1,1,1,1,1,2,1
4829,2024,73000,1,1,1,1,1,2,1
4830,2024,59000,1,1,1,3,1,2,1
4831,2024,143706,2,1,1,1,1,2,1
4832,2024,84533,2,1,1,1,1,2,1
4833,2024,129800,1,1,1,2,1,3,1
4834,2024,72100,1,1,1,2,1,3,1
4835,2024,106260,1,1,1,1,1,2,1
4836,2024,135392,1,1,1,1,1,2,1
4837,2024,79643,1,1,1,1,1,2,1
4838,2024,116800,1,1,1,1,1,2,1
4839,2024,77800,1,1,1,1,1,2,1
4840,2024,124800,2,1,1,1,1,2,1
4841,2024,76128,2,1,1,1,1,2,1
4842,2024,188885,1,1,1,1,1,2,1
4843,2024,142896,1,1,1,2,1,2,1
4844,2024,95264,1,1,1,2,1,2,1
4845,2024,183456,1,1,1,1,1,2,1
4846,2024,122304,1,1,1,1,1,2,1
4847,2024,276000,2,1,1,1,1,1,1
4848,2024,148000,2,1,1,1,1,1,1
4849,2024,161500,1,1,1,1,1,5,1
4850,2024,138200,1,1,1,1,1,5,1
4851,2024,123760,2,1,1,3,1,2,1
4852,2024,85280,2,1,1,3,1,2,1
4853,2024,76128,1,1,1,1,1,2,1
4854,2024,75000,1,1,1,2,1,1,1
4855,2024,258750,2,1,1,1,1,1,1
4856,2024,210000,2,1,1,1,1,1,1
4857,2024,211900,1,1,1,3,1,1,1
4858,2024,113700,1,1,1,3,1,1,1
4859,2024,169813,1,1,1,2,1,1,1
4860,2024,123500,1,1,1,2,1,1,1
4861,2024,196070,2,1,1,1,1,1,1
4862,2024,118840,2,1,1,1,1,1,1
4863,2024,103500,2,1,1,1,1,2,1
4864,2024,60000,2,1,1,1,1,2,1
4865,2024,74000,1,1,1,2,1,2,1
4866,2024,161000,2,1,1,2,1,2,1
4867,2024,119000,2,1,1,2,1,2,1
4868,2024,135000,1,1,1,3,1,4,1
4869,2024,144400,1,1,1,2,1,2,1
4870,2024,87400,1,1,1,2,1,2,1
4871,2024,145440,1,1,1,4,1,2,1
4872,2024,96960,1,1,1,4,1,2,1
4873,2024,87000,1,1,1,2,1,1,1
4874,2024,103400,2,1,1,1,1,2,1
4875,2024,62000,2,1,1,1,1,2,1
4876,2024,273260,2,1,1,2,1,1,1
4877,2024,147140,2,1,1,2,1,1,1
4878,2024,99996,1,1,1,2,1,1,1
4879,2024,69996,1,1,1,2,1,1,1
4880,2024,165600,1,2,1,2,1,1,1
4881,2024,74100,1,2,1,2,1,1,1
4882,2024,260000,2,1,1,1,1,3,1
4883,2024,235000,2,1,1,1,1,3,1
4884,2024,285000,2,1,1,2,1,1,1
4885,2024,235000,2,1,1,2,1,1,1
4886,2024,144000,1,1,1,1,1,1,1
4887,2024,178700,2,1,1,1,1,5,1
4888,2024,90300,2,1,1,1,1,5,1
4889,2024,184900,1,1,1,2,1,2,1
4890,2024,98500,1,1,1,2,1,2,1
4891,2024,307000,1,1,1,1,1,4,1
4892,2024,209000,2,1,1,3,1,2,1
4893,2024,280000,2,1,1,4,1,2,1
4894,2024,136000,2,1,1,1,1,2,1
4895,2024,94500,1,1,1,1,1,2,1
4896,2024,197000,2,1,1,1,1,2,1
4897,2024,149000,2,1,1,1,1,2,1
4898,2024,253430,1,1,1,1,1,2,1
4899,2024,200740,1,1,1,1,1,2,1
4900,2024,154825,1,1,1,2,1,2,1
4901,2024,61600,1,1,1,2,1,2,1
4902,2024,60675,1,1,1,2,1,2,1
4903,2024,120500,1,1,1,3,1,2,1
4904,2024,90400,1,1,1,3,1,2,1
4905,2024,281000,2,1,1,1,1,1,1
4906,2024,204000,2,1,1,1,1,1,1
4907,2024,191100,2,1,1,1,1,1,1
4908,2024,136500,2,1,1,1,1,1,1
4909,2024,184100,1,1,1,1,1,1,1
4910,2024,182000,1,1,1,1,1,2,1
4911,2024,71100,1,1,1,2,1,1,1
4912,2024,196800,1,1,1,2,1,1,1
4913,2024,162000,1,1,1,1,1,4,1
4914,2024,254024,2,1,1,1,1,1,1
4915,2024,123470,2,1,1,1,1,1,1
4916,2024,201500,1,1,1,1,1,2,1
4917,2024,188000,2,1,1,2,1,2,1
4918,2024,173000,2,1,1,2,1,2,1
4919,2024,266000,1,1,1,1,1,2,1
4920,2024,229000,2,1,1,1,1,2,1
4921,2024,107000,2,1,1,1,1,2,1
4922,2024,83028,1,1,1,2,1,2,1
4923,2024,142250,1,1,1,4,1,2,1
4924,2024,141700,1,1,1,2,1,3,1
4925,2024,99200,1,1,1,2,1,3,1
4926,2024,246400,1,1,1,2,1,1,1
4927,2024,167700,1,1,1,2,1,1,1
4928,2024,105800,2,1,1,2,1,1,1
4929,2024,76800,2,1,1,2,1,1,1
4930,2024,203900,1,1,1,1,1,4,1
4931,2024,93000,2,1,1,1,1,1,1
4932,2024,60000,2,1,1,2,1,2,1
4933,2024,154960,1,1,1,2,1,1,1
4934,2024,86320,1,1,1,2,1,1,1
4935,2024,213800,1,1,1,1,1,2,1
4936,2024,127700,1,1,1,1,1,2,1
4937,2024,122000,1,1,1,3,1,2,1
4938,2024,108150,1,1,1,2,1,2,1
4939,2024,91928,1,1,1,2,1,2,1
4940,2024,136900,1,1,1,1,1,4,1
4941,2024,95800,1,1,1,1,1,4,1
4942,2024,72600,2,1,1,3,2,2,1
4943,2024,36300,2,1,1,3,2,2,1
4944,2024,188400,1,1,1,1,1,5,1
4945,2024,125600,1,1,1,1,1,5,1
4946,2024,126500,1,1,1,1,1,2,1
4947,2024,93500,1,1,1,1,1,2,1
4948,2024,223080,1,1,1,4,1,2,1
4949,2024,148720,1,1,1,4,1,2,1
4950,2024,125700,1,1,1,2,1,2,1
4951,2024,206000,1,2,1,1,1,1,1
4952,2024,124500,1,2,1,1,1,1,1
4953,2024,277500,1,1,1,1,1,2,1
4954,2024,158500,1,1,1,1,1,2,1
4955,2024,152500,1,1,1,1,1,2,1
4956,2024,98358,1,1,1,1,1,2,1
4957,2024,63591,1,1,1,3,1,2,1
4958,2024,269200,1,1,1,2,1,2,1
4959,2024,150500,1,1,1,2,1,2,1
4960,2024,167812,2,1,1,2,1,2,1
4961,2024,95348,2,1,1,2,1,2,1
4962,2024,550000,1,1,1,2,1,3,1
4963,2024,310000,1,1,1,2,1,3,1
4964,2024,90400,1,1,1,2,1,2,1
4965,2024,244700,2,1,1,2,1,4,1
4966,2024,136800,2,1,1,2,1,4,1
4967,2024,220060,1,1,1,1,1,1,1
4968,2024,121260,1,1,1,1,1,1,1
4969,2024,380900,1,1,1,2,1,3,1
4970,2024,253900,1,1,1,2,1,3,1
4971,2024,96250,2,1,1,2,1,3,1
4972,2024,61600,2,1,1,2,1,3,1
4973,2024,130500,1,1,1,2,1,2,1
4974,2024,156000,2,1,1,3,1,2,1
4975,2024,88000,2,1,1,3,1,2,1
4976,2024,256000,1,1,1,2,1,4,1
4977,2024,293400,2,1,1,1,1,4,1
4978,2024,195600,2,1,1,1,1,4,1
4979,2024,293400,1,1,1,1,1,4,1
4980,2024,195600,1,1,1,1,1,4,1
4981,2024,170200,1,1,1,2,1,1,1
4982,2024,83900,1,1,1,2,1,1,1
4983,2024,115000,2,1,1,2,1,5,1
4984,2024,100000,2,1,1,2,1,5,1
4985,2024,157250,2,1,1,1,1,1,1
4986,2024,83000,1,1,1,2,1,2,1
4987,2024,329600,1,1,1,2,1,3,1
4988,2024,190700,1,1,1,2,1,3,1
4989,2024,190000,1,1,1,1,1,5,1
4990,2024,288000,1,1,1,1,1,2,1
4991,2024,209500,1,1,1,1,1,2,1
4992,2024,190000,1,1,1,2,1,3,1
4993,2024,275000,1,1,1,2,1,3,1
4994,2024,175000,1,1,1,2,1,3,1
4995,2024,255000,1,1,1,1,1,4,1
4996,2024,169000,1,1,1,1,1,4,1
4997,2024,228000,1,1,1,1,1,4,1
4998,2024,152000,1,1,1,1,1,4,1
4999,2024,176000,1,2,1,2,1,1,1
5000,2024,116000,1,2,1,2,1,1,1
5001,2024,219200,1,1,1,1,1,2,1
5002,2024,103800,1,1,1,1,1,2,1
5003,2024,202730,2,1,1,1,1,2,1
5004,2024,92118,2,1,1,1,1,2,1
5005,2024,68000,1,1,1,1,1,2,1
5006,2024,234700,1,1,1,2,1,1,1
5007,2024,140700,1,1,1,2,1,1,1
5008,2024,151500,1,1,1,1,1,2,1
5009,2024,90400,1,1,1,1,1,2,1
5010,2024,150000,1,1,1,1,3,2,1
5011,2024,162300,1,1,1,2,1,3,1
5012,2024,97300,1,1,1,2,1,3,1
5013,2024,135120,1,1,1,1,1,2,1
5014,2024,90080,1,1,1,1,1,2,1
5015,2024,97097,1,1,1,2,1,2,1
5016,2024,169100,2,1,1,1,1,2,1
5017,2024,105900,2,1,1,1,1,2,1
5018,2024,200500,1,1,1,1,1,1,1
5019,2024,94600,1,1,1,1,1,1,1
5020,2024,207000,1,1,1,2,1,4,1
5021,2024,107000,1,1,1,3,1,2,1
5022,2024,52500,1,1,1,3,1,2,1
5023,2024,115000,2,1,1,2,1,2,1
5024,2024,120000,1,1,1,3,1,1,1
5025,2024,105000,1,1,1,3,1,1,1
5026,2024,250000,1,1,1,3,1,2,1
5027,2024,193000,1,1,1,2,1,1,1
5028,2024,84600,1,1,1,2,1,1,1
5029,2024,112500,1,1,1,1,1,1,1
5030,2024,385250,1,1,1,1,1,4,1
5031,2024,157450,1,1,1,3,1,2,1
5032,2024,157450,1,1,1,1,1,2,1
5033,2024,87100,1,1,1,1,1,2,1
5034,2024,249600,1,1,1,4,1,2,1
5035,2024,166400,1,1,1,4,1,2,1
5036,2024,183300,2,1,1,1,1,3,1
5037,2024,101400,2,1,1,1,1,3,1
5038,2024,229300,1,1,1,1,1,2,1
5039,2024,127300,1,1,1,1,1,2,1
5040,2024,164314,2,1,1,2,1,2,1
5041,2024,68405,2,1,1,2,1,2,1
5042,2024,124800,1,1,1,3,1,2,1
5043,2024,76128,1,1,1,3,1,2,1
5044,2024,368000,1,1,1,4,1,2,1
5045,2024,221900,1,1,1,1,1,2,1
5046,2024,138200,1,1,1,1,1,2,1
5047,2024,76600,1,1,1,1,1,2,1
5048,2024,176800,1,1,1,1,1,4,1
5049,2024,146875,1,1,1,2,1,4,1
5050,2024,81250,1,1,1,2,1,4,1
5051,2024,123840,2,1,1,1,1,1,1
5052,2024,82560,2,1,1,1,1,1,1
5053,2024,279500,2,1,1,1,1,1,1
5054,2024,126500,2,1,1,1,1,1,1
5055,2024,195000,1,1,1,4,1,2,1
5056,2024,180000,1,1,1,4,1,2,1
5057,2024,155400,1,1,1,1,1,2,1
5058,2024,199300,1,1,1,1,1,2,1
5059,2024,158000,2,1,1,1,1,2,1
5060,2024,62900,1,1,1,1,1,2,1
5061,2024,131300,1,1,1,2,1,2,1
5062,2024,135000,1,1,1,2,1,3,1
5063,2024,301400,1,1,1,2,1,1,1
5064,2024,200400,1,1,1,2,1,1,1
5065,2024,346100,1,1,1,1,1,4,1
5066,2024,246400,1,1,1,1,1,4,1
5067,2024,530000,1,1,1,2,1,1,1
5068,2024,74650,1,1,1,2,1,1,1
5069,2024,54701,1,1,1,2,1,1,1
5070,2024,206650,2,1,1,1,1,2,1
5071,2024,121600,2,1,1,1,1,2,1
5072,2024,196100,1,1,1,1,1,4,1
5073,2024,116700,1,1,1,1,1,4,1
5074,2024,96600,1,1,1,2,1,1,1
5075,2024,60000,1,1,1,1,1,3,1
5076,2024,158950,1,1,1,1,1,5,1
5077,2024,109600,1,1,1,1,1,5,1
5078,2024,175300,2,1,1,1,1,4,1
5079,2024,111400,2,1,1,1,1,4,1
5080,2024,50440,1,1,1,3,1,1,1
5081,2024,66000,1,1,1,1,1,2,1
5082,2024,241900,1,1,1,1,1,1,1
5083,2024,148300,1,1,1,1,1,1,1
5084,2024,176500,1,1,1,2,1,2,1
5085,2024,219500,1,1,1,2,1,2,1
5086,2024,154500,1,1,1,2,1,2,1
5087,2024,144840,2,1,1,1,1,2,1
5088,2024,96560,2,1,1,1,1,2,1
5089,2024,173040,2,1,1,2,1,2,1
5090,2024,64890,2,1,1,2,1,2,1
5091,2024,96750,1,1,1,2,1,2,1
5092,2024,258750,1,1,1,1,1,2,1
5093,2024,92700,1,1,1,1,1,2,1
5094,2024,206690,1,1,1,2,1,3,1
5095,2024,119800,1,1,1,2,1,3,1
5096,2024,280000,1,1,1,4,1,3,1
5097,2024,220000,1,1,1,4,1,3,1
5098,2024,241900,1,1,1,4,1,2,1
5099,2024,161450,1,1,1,4,1,2,1
5100,2024,132000,1,1,1,1,1,3,1
5101,2024,85000,1,1,1,2,1,6,1
5102,2024,142800,1,1,1,2,1,6,1
5103,2024,58000,1,1,1,2,1,1,1
5104,2024,43919,1,1,1,2,1,1,1
5105,2024,106000,1,1,1,3,1,1,1
5106,2024,51600,1,1,1,3,1,1,1
5107,2024,259600,1,1,1,1,1,1,1
5108,2024,107300,1,1,1,1,1,1,1
5109,2024,136510,1,1,1,3,1,2,1
5110,2024,52800,1,1,1,3,1,2,1
5111,2024,178750,1,1,1,1,1,2,1
5112,2024,133458,1,1,1,2,1,2,1
5113,2024,97060,1,1,1,2,1,2,1
5114,2024,244145,1,1,1,1,1,2,1
5115,2024,177560,1,1,1,1,1,2,1
5116,2024,220900,1,1,1,1,1,1,1
5117,2024,122200,1,1,1,1,1,1,1
5118,2024,146050,2,1,1,2,1,2,1
5119,2024,107950,2,1,1,2,1,2,1
5120,2024,41500,1,1,1,1,1,1,1
5121,2024,353500,1,1,1,4,1,2,1
5122,2024,221000,1,1,1,4,1,2,1
5123,2024,170800,1,1,1,2,1,1,1
5124,2024,92300,1,1,1,2,1,1,1
5125,2024,78000,1,1,1,2,1,2,1
5126,2024,173800,1,1,1,2,1,1,1
5127,2024,104494,1,1,1,2,1,1,1
5128,2024,205000,2,1,1,1,1,2,1
5129,2024,148500,2,1,1,2,1,2,1
5130,2024,97538,2,1,1,2,1,2,1
5131,2024,304496,2,1,1,1,1,2,1
5132,2024,148049,2,1,1,1,1,2,1
5133,2024,141700,2,1,1,1,1,1,1
5134,2024,147000,2,1,1,2,1,3,1
5135,2024,104200,2,1,1,2,1,3,1
5136,2024,231000,1,1,1,2,1,2,1
5137,2024,209000,1,1,1,2,1,2,1
5138,2024,333300,1,1,1,1,1,3,1
5139,2024,272700,1,1,1,1,1,3,1
5140,2024,200000,1,1,1,2,3,2,1
5141,2024,160000,1,1,1,2,3,2,1
5142,2024,178700,1,1,1,1,1,1,1
5143,2024,88200,1,1,1,1,1,1,1
5144,2024,207993,2,1,1,1,1,4,1
5145,2024,137871,2,1,1,1,1,4,1
5146,2024,158000,1,1,1,1,1,2,1
5147,2024,72682,1,1,1,1,1,2,1
5148,2024,54525,1,1,1,1,1,2,1
5149,2024,205000,1,1,1,2,1,1,1
5150,2024,148000,1,1,1,2,1,1,1
5151,2024,267100,2,1,1,1,1,2,1
5152,2024,190800,2,1,1,1,1,2,1
5153,2024,280000,1,1,1,1,1,6,1
5154,2024,155000,1,1,1,1,1,6,1
5155,2024,174900,2,1,1,1,1,1,1
5156,2024,238300,1,1,1,1,1,1,1
5157,2024,158900,1,1,1,1,1,1,1
5158,2024,160470,1,1,1,2,1,1,1
5159,2024,102690,1,1,1,2,1,1,1
5160,2024,500000,1,1,1,1,1,5,1
5161,2024,164000,1,1,1,1,1,5,1
5162,2024,219200,1,1,1,1,1,1,1
5163,2024,93600,1,1,1,2,1,2,1
5164,2024,86700,1,1,1,2,1,2,1
5165,2024,121900,1,1,1,2,1,3,1
5166,2024,296300,1,1,1,2,1,4,1
5167,2024,166600,1,1,1,2,1,4,1
5168,2024,156100,2,1,1,2,1,3,1
5169,2024,84100,2,1,1,2,1,3,1
5170,2024,164700,2,1,1,1,1,2,1
5171,2024,90300,2,1,1,1,1,2,1
5172,2024,120400,1,1,1,1,1,2,1
5173,2024,147000,1,1,1,1,1,3,1
5174,2024,180000,2,1,1,2,1,2,1
5175,2024,178200,1,1,1,1,1,5,1
5176,2024,129600,1,1,1,1,1,5,1
5177,2024,270700,1,1,1,1,1,1,1
5178,2024,184300,1,1,1,1,1,1,1
5179,2024,126000,1,1,1,2,1,1,1
5180,2024,216900,1,1,1,3,1,1,1
5181,2024,115100,1,1,1,3,1,1,1
5182,2024,329600,1,1,1,1,1,1,1
5183,2024,190700,1,1,1,1,1,1,1
5184,2024,172300,1,1,1,1,1,2,1
5185,2024,125553,1,1,1,1,1,1,1
5186,2024,102500,2,1,1,2,1,2,1
5187,2024,62400,2,1,1,2,1,2,1
5188,2024,249000,1,1,1,1,1,1,1
5189,2024,118000,2,1,1,2,1,1,1
5190,2024,108000,2,1,1,2,1,1,1
5191,2024,112500,1,1,1,2,1,4,1
5192,2024,251000,1,1,1,1,1,4,1
5193,2024,177000,1,1,1,1,1,4,1
5194,2024,60300,1,1,1,3,1,2,1
5195,2024,163000,1,1,1,1,1,2,1
5196,2024,77000,1,1,1,1,1,2,1
5197,2024,180100,1,1,1,1,1,2,1
5198,2024,79500,1,1,1,1,1,2,1
5199,2024,88500,1,1,1,2,1,3,1
5200,2024,292000,1,2,1,1,1,1,1
5201,2024,194000,1,2,1,1,1,1,1
5202,2024,132000,2,1,1,2,1,4,1
5203,2024,84000,2,1,1,2,1,4,1
5204,2024,239200,2,1,1,2,1,2,1
5205,2024,151900,2,1,1,2,1,2,1
5206,2024,185600,1,1,1,1,1,4,1
5207,2024,115800,1,1,1,1,1,4,1
5208,2024,287470,1,1,1,1,1,1,1
5209,2024,132918,1,1,1,1,1,1,1
5210,2024,149183,1,1,1,2,1,1,1
5211,2024,108497,1,1,1,2,1,1,1
5212,2024,95105,1,1,1,1,1,2,1
5213,2024,220700,1,1,1,2,1,2,1
5214,2024,81400,1,1,1,2,1,2,1
5215,2024,266482,1,1,1,1,1,1,1
5216,2024,166551,1,1,1,1,1,1,1
5217,2024,188000,1,1,1,1,1,3,1
5218,2024,144000,1,1,1,1,1,3,1
5219,2024,280000,2,1,1,4,1,3,1
5220,2024,220000,2,1,1,4,1,3,1
5221,2024,126651,2,1,1,1,1,2,1
5222,2024,81411,2,1,1,1,1,2,1
5223,2024,145300,1,1,1,1,1,4,1
5224,2024,193500,1,1,1,1,1,1,1
5225,2024,110400,1,1,1,1,1,1,1
5226,2024,139360,1,1,1,2,1,1,1
5227,2024,86840,1,1,1,2,1,1,1
5228,2024,142500,1,1,1,4,1,2,1
5229,2024,90000,1,1,1,4,1,2,1
5230,2024,228000,1,1,1,2,1,4,1
5231,2024,129000,1,1,1,2,1,4,1
5232,2024,109800,1,1,1,2,1,2,1
5233,2024,155934,1,1,1,2,1,2,1
5234,2024,115256,1,1,1,2,1,2,1
5235,2024,106840,1,1,1,3,1,2,1
5236,2024,76560,1,1,1,3,1,2,1
5237,2024,145440,1,1,1,3,1,2,1
5238,2024,96960,1,1,1,3,1,2,1
5239,2024,212750,1,1,1,1,1,2,1
5240,2024,157250,1,1,1,1,1,2,1
5241,2024,228790,2,1,1,1,1,2,1
5242,2024,136190,2,1,1,1,1,2,1
5243,2024,205850,1,1,1,1,1,2,1
5244,2024,152150,1,1,1,1,1,2,1
5245,2024,117500,2,1,1,2,1,4,1
5246,2024,65000,2,1,1,2,1,4,1
5247,2024,197000,1,1,1,2,1,4,1
5248,2024,92500,1,1,1,2,1,4,1
5249,2024,52760,1,1,1,3,1,2,1
5250,2024,130000,1,1,1,2,1,4,1
5251,2024,80000,1,1,1,1,1,4,1
5252,2024,67400,1,1,1,1,1,2,1
5253,2024,111000,1,1,1,1,1,2,1
5254,2024,127600,1,2,1,2,1,2,1
5255,2024,76400,1,2,1,2,1,2,1
5256,2024,284300,1,2,1,1,1,5,1
5257,2024,164500,1,2,1,1,1,5,1
5258,2024,253950,1,1,1,4,1,2,1
5259,2024,175100,1,1,1,4,1,2,1
5260,2024,396900,1,1,1,2,1,2,1
5261,2024,204900,1,1,1,2,1,2,1
5262,2024,211000,2,1,1,1,1,1,1
5263,2024,271000,1,1,1,1,1,6,1
5264,2024,243900,1,1,1,1,1,6,1
5265,2024,304496,1,1,1,2,1,3,1
5266,2024,174175,1,1,1,2,1,3,1
5267,2024,176000,1,1,1,1,1,3,1
5268,2024,230000,2,1,1,1,1,2,1
5269,2024,178000,1,1,1,2,1,2,1
5270,2024,161000,1,1,1,1,1,2,1
5271,2024,145620,2,1,1,1,1,2,1
5272,2024,82600,2,1,1,1,1,2,1
5273,2024,223700,2,1,1,1,1,2,1
5274,2024,149100,2,1,1,1,1,2,1
5275,2024,147000,2,1,1,1,1,4,1
5276,2024,133600,1,1,1,1,1,2,1
5277,2024,225000,2,1,1,4,1,2,1
5278,2024,81081,1,1,1,3,1,2,1
5279,2024,74971,1,1,1,3,1,2,1
5280,2024,119000,1,1,1,3,1,2,1
5281,2024,74000,1,1,1,3,1,2,1
5282,2024,270000,1,1,1,4,1,1,1
5283,2024,303000,1,1,1,2,1,1,1
5284,2024,125000,1,1,1,2,1,4,1
5285,2024,231000,1,1,1,1,1,1,1
5286,2024,124000,1,1,1,1,1,1,1
5287,2024,125000,1,1,1,2,1,1,1
5288,2024,282000,1,1,1,2,1,1,1
5289,2024,299000,1,1,1,1,1,5,1
5290,2024,169000,1,1,1,1,1,5,1
5291,2024,69300,1,1,1,1,1,2,1
5292,2024,96250,2,1,1,2,1,4,1
5293,2024,61600,2,1,1,2,1,4,1
5294,2024,227000,1,1,1,1,1,4,1
5295,2024,60000,1,1,1,1,1,4,1
5296,2024,91050,1,1,1,2,1,1,1
5297,2024,63900,1,1,1,2,1,1,1
5298,2024,25000,1,1,1,2,1,1,1
5299,2024,184900,1,1,1,1,1,1,1
5300,2024,103000,1,1,1,3,1,2,1
5301,2024,75289,1,1,1,3,1,2,1
5302,2024,146600,2,1,1,1,1,4,1
5303,2024,175307,2,1,1,1,1,2,1
5304,2024,127496,2,1,1,1,1,2,1
5305,2024,281700,1,1,1,1,1,1,1
5306,2024,151700,1,1,1,1,1,1,1
5307,2024,350400,1,1,1,1,1,3,1
5308,2024,188700,1,1,1,1,1,3,1
5309,2024,204000,1,1,1,2,1,3,1
5310,2024,136100,1,1,1,2,1,3,1
5311,2024,118000,1,1,1,2,1,3,1
5312,2024,143000,1,2,1,3,1,3,1
5313,2024,95000,1,2,1,3,1,3,1
5314,2024,208800,1,1,1,1,1,1,1
5315,2024,98300,1,1,1,1,1,1,1
5316,2024,198000,1,1,1,1,1,1,1
5317,2024,141000,1,1,1,1,1,1,1
5318,2024,166000,1,1,1,2,1,1,1
5319,2024,290180,1,1,1,2,1,1,1
5320,2024,277837,1,1,1,2,1,1,1
5321,2024,278900,1,1,1,2,1,1,1
5322,2024,157000,1,1,1,2,1,1,1
5323,2024,76000,1,1,1,2,1,2,1
5324,2024,60000,2,1,1,3,2,2,1
5325,2024,40000,2,1,1,3,2,2,1
5326,2024,152300,1,1,1,1,1,2,1
5327,2024,91400,1,1,1,1,1,2,1
5328,2024,147500,1,1,1,2,1,2,1
5329,2024,110900,1,1,1,1,1,4,1
5330,2024,117900,1,1,1,2,1,4,1
5331,2024,57500,1,1,1,2,1,4,1
5332,2024,215800,1,1,1,1,1,4,1
5333,2024,102900,1,1,1,3,1,2,1
5334,2024,106000,2,1,1,2,1,2,1
5335,2024,205400,1,1,1,1,1,4,1
5336,2024,110600,1,1,1,1,1,4,1
5337,2024,155600,1,1,1,1,1,1,1
5338,2024,78000,2,1,1,2,1,1,1
5339,2024,75600,1,1,1,1,1,4,1
5340,2024,175400,1,1,1,2,1,1,1
5341,2024,106300,1,1,1,2,1,1,1
5342,2024,323400,1,1,1,1,1,1,1
5343,2024,204400,1,1,1,1,1,1,1
5344,2024,150400,1,1,1,1,1,2,1
5345,2024,86850,1,1,1,1,1,2,1
5346,2024,98750,2,1,1,2,1,2,1
5347,2024,71800,2,1,1,2,1,2,1
5348,2024,117300,1,1,1,1,1,1,1
5349,2024,153216,1,1,1,2,1,2,1
5350,2024,79800,1,1,1,2,1,2,1
5351,2024,250000,1,1,1,4,1,2,1
5352,2024,220000,1,1,1,4,1,2,1
5353,2024,250900,1,1,1,1,1,3,1
5354,2024,135200,1,1,1,1,1,3,1
5355,2024,372900,1,1,1,1,1,3,1
5356,2024,224100,1,1,1,1,1,3,1
5357,2024,287500,1,1,1,1,1,1,1
5358,2024,112320,1,1,1,1,1,2,1
5359,2024,94000,1,1,1,2,1,1,1
5360,2024,197011,2,1,1,1,1,1,1
5361,2024,115889,2,1,1,1,1,1,1
5362,2024,188640,1,1,1,1,1,3,1
5363,2024,125760,1,1,1,1,1,3,1
5364,2024,220900,2,1,1,1,1,5,1
5365,2024,122200,2,1,1,1,1,5,1
5366,2024,333000,1,1,1,1,1,4,1
5367,2024,89230,2,1,1,1,1,2,1
5368,2024,52488,2,1,1,1,1,2,1
5369,2024,220900,2,1,1,1,1,2,1
5370,2024,122200,2,1,1,1,1,2,1
5371,2024,155880,1,1,1,1,1,2,1
5372,2024,103920,1,1,1,1,1,2,1
5373,2024,300500,1,1,1,1,1,1,1
5374,2024,155900,1,1,1,2,1,4,1
5375,2024,84200,1,1,1,2,1,4,1
5376,2024,305000,2,1,1,4,1,2,1
5377,2024,152600,2,1,1,4,1,2,1
5378,2024,179982,1,1,1,1,1,4,1
5379,2024,155900,1,1,1,1,1,1,1
5380,2024,84200,1,1,1,1,1,1,1
5381,2024,229000,1,1,1,4,1,2,1
5382,2024,182000,1,1,1,4,1,2,1
5383,2024,290200,1,1,1,1,1,3,1
5384,2024,165800,1,1,1,1,1,3,1
5385,2024,123300,1,1,1,3,1,2,1
5386,2024,102800,1,1,1,3,1,2,1
5387,2024,306500,1,1,1,1,1,2,1
5388,2024,192300,1,2,1,3,1,4,1
5389,2024,95680,1,2,1,3,1,4,1
5390,2024,185200,1,2,1,3,1,5,1
5391,2024,85000,1,2,1,3,1,5,1
5392,2024,103785,1,1,1,3,1,2,1
5393,2024,144300,1,1,1,3,1,2,1
5394,2024,122655,1,1,1,3,1,2,1
5395,2024,72864,1,1,1,3,1,2,1
5396,2024,46368,1,1,1,3,1,2,1
5397,2024,186500,2,1,1,2,1,2,1
5398,2024,124300,2,1,1,2,1,2,1
5399,2024,215000,1,1,1,1,1,3,1
5400,2024,201100,1,1,1,1,1,2,1
5401,2024,122800,1,1,1,1,1,2,1
5402,2024,205000,1,1,1,2,1,2,1
5403,2024,199407,1,1,1,1,1,2,1
5404,2024,133007,1,1,1,1,1,2,1
5405,2024,265000,1,1,1,4,1,2,1
5406,2024,230000,1,1,1,4,1,2,1
5407,2024,134400,1,1,1,2,1,2,1
5408,2024,274000,1,1,1,1,1,3,1
5409,2024,162000,1,1,1,1,1,3,1
5410,2024,249000,1,1,1,1,1,3,1
5411,2024,58905,1,1,1,2,1,2,1
5412,2024,342000,1,1,1,4,1,1,1
5413,2024,228000,1,1,1,4,1,1,1
5414,2024,263335,1,1,1,1,1,1,1
5415,2024,112924,1,1,1,1,1,1,1
5416,2024,144400,2,1,1,3,1,2,1
5417,2024,82500,2,1,1,3,1,2,1
5418,2024,263000,2,1,1,1,1,5,1
5419,2024,164000,2,1,1,1,1,5,1
5420,2024,291000,2,1,1,1,1,5,1
5421,2024,182000,2,1,1,1,1,5,1
5422,2024,85000,3,2,1,3,1,2,1
5423,2024,172300,1,1,1,1,1,3,1
5424,2024,219300,1,1,1,1,1,3,1
5425,2024,158000,1,1,1,3,1,2,1
5426,2024,108000,1,1,1,3,1,2,1
5427,2024,207800,1,1,1,2,1,2,1
5428,2024,378700,1,1,1,1,1,2,1
5429,2024,207800,1,1,1,1,1,2,1
5430,2024,126000,1,1,1,1,1,4,1
5431,2024,105700,1,1,1,2,1,2,1
5432,2024,184600,1,1,1,2,1,1,1
5433,2024,122300,1,1,1,2,1,1,1
5434,2024,283500,1,1,1,1,1,4,1
5435,2024,227600,1,1,1,2,1,1,1
5436,2024,151200,1,1,1,2,1,1,1
5437,2024,72862,1,1,1,3,1,1,1
5438,2024,43638,1,1,1,3,1,1,1
5439,2024,72862,1,1,1,3,1,2,1
5440,2024,43638,1,1,1,3,1,2,1
5441,2024,83028,1,1,1,2,1,1,1
5442,2024,219230,1,1,1,1,1,4,1
5443,2024,149240,1,1,1,1,1,4,1
5444,2024,45000,1,1,1,3,2,1,1
5445,2024,32760,1,1,1,3,2,1,1
5446,2024,176264,2,1,1,1,1,4,1
5447,2024,128192,2,1,1,1,1,4,1
5448,2024,267000,2,1,1,2,1,1,1
5449,2024,195000,2,1,1,2,1,1,1
5450,2024,160500,1,1,1,1,1,3,1
5451,2024,94400,1,1,1,1,1,3,1
5452,2024,107000,1,1,1,3,1,4,1
5453,2024,52500,1,1,1,3,1,4,1
5454,2024,236800,1,1,1,1,1,1,1
5455,2024,110800,1,1,1,1,1,1,1
5456,2024,65200,1,1,1,1,1,1,1
5457,2024,148600,1,1,1,1,1,1,1
5458,2024,87400,1,1,1,1,1,1,1
5459,2024,102000,1,1,1,2,2,2,1
5460,2024,54000,1,1,1,2,2,2,1
5461,2024,218000,1,1,1,2,1,4,1
5462,2024,195000,1,1,1,2,1,4,1
5463,2024,148600,1,1,1,2,1,4,1
5464,2024,87400,1,1,1,2,1,4,1
5465,2024,91200,1,1,1,2,1,4,1
5466,2024,62500,1,1,1,1,1,1,1
5467,2024,213400,2,1,1,1,1,4,1
5468,2024,135500,2,1,1,1,1,4,1
5469,2024,82100,1,1,1,3,1,2,1
5470,2024,65680,1,1,1,3,1,2,1
5471,2024,51824,1,1,1,2,1,2,1
5472,2024,113500,2,1,1,1,1,2,1
5473,2024,68800,2,1,1,1,1,2,1
5474,2024,189750,1,1,1,2,1,1,1
5475,2024,308200,1,1,1,1,1,3,1
5476,2024,150200,1,1,1,1,1,3,1
5477,2024,309927,1,1,1,1,1,1,1
5478,2024,171968,1,1,1,1,1,1,1
5479,2024,284400,1,1,1,1,1,3,1
5480,2024,150700,1,1,1,1,1,3,1
5481,2024,321600,1,1,1,2,1,1,1
5482,2024,172500,1,1,1,2,1,1,1
5483,2024,163300,2,1,1,2,1,2,1
5484,2024,115850,1,1,1,3,1,2,1
5485,2024,58300,1,1,1,3,1,2,1
5486,2024,168397,1,1,1,2,1,1,1
5487,2024,195500,1,1,1,1,1,3,1
5488,2024,276000,1,1,1,1,1,6,1
5489,2024,148000,1,1,1,1,1,6,1
5490,2024,220900,1,1,1,2,1,4,1
5491,2024,188000,1,1,1,1,1,4,1
5492,2024,319050,1,1,1,4,1,2,1
5493,2024,204200,1,1,1,4,1,2,1
5494,2024,312350,1,1,1,4,1,2,1
5495,2024,215200,1,1,1,4,1,2,1
5496,2024,207000,1,1,1,1,1,3,1
5497,2024,290200,1,1,1,1,1,1,1
5498,2024,165800,1,1,1,1,1,1,1
5499,2024,172600,1,1,1,2,1,1,1
5500,2024,119100,1,1,1,2,1,1,1
5501,2024,149800,1,2,1,3,1,4,1
5502,2024,89700,1,2,1,3,1,4,1
5503,2024,200000,1,2,1,3,1,4,1
5504,2024,99500,1,2,1,3,1,4,1
5505,2024,166800,1,1,1,2,1,4,1
5506,2024,139000,1,1,1,2,1,4,1
5507,2024,93200,1,1,1,2,1,1,1
5508,2024,134200,1,1,1,2,1,2,1
5509,2024,103200,1,1,1,2,1,2,1
5510,2024,118000,1,1,1,1,3,2,1
5511,2024,110000,1,1,1,1,3,2,1
5512,2024,233000,1,1,1,1,1,4,1
5513,2024,137000,1,1,1,1,1,4,1
5514,2024,205000,2,1,1,1,1,1,1
5515,2024,265000,1,1,1,2,1,2,1
5516,2024,214000,1,1,1,1,1,2,1
5517,2024,81000,1,1,1,2,1,2,1
5518,2024,211300,1,1,1,1,1,2,1
5519,2024,245000,1,1,1,2,1,1,1
5520,2024,260000,1,1,1,2,1,4,1
5521,2024,213500,1,1,1,1,1,2,1
5522,2024,129792,1,1,1,2,1,4,1
5523,2024,75712,1,1,1,2,1,4,1
5524,2024,183000,1,1,1,1,1,4,1
5525,2024,166000,1,1,1,1,1,4,1
5526,2024,451000,1,1,1,1,1,3,1
5527,2024,296000,1,1,1,1,1,3,1
5528,2024,180000,2,1,1,2,1,1,1
5529,2024,104000,2,1,1,1,3,2,1
5530,2024,141000,1,1,1,2,1,2,1
5531,2024,241393,2,1,1,1,1,2,1
5532,2024,160943,2,1,1,1,1,2,1
5533,2024,163128,1,1,1,1,1,2,1
5534,2024,84240,1,1,1,1,1,2,1
5535,2024,176358,1,1,1,2,1,1,1
5536,2024,100300,1,1,1,2,1,1,1
5537,2024,70000,1,1,1,1,1,1,1
5538,2024,317000,1,1,1,2,1,1,1
5539,2024,239010,1,1,1,1,1,1,1
5540,2024,179340,1,1,1,1,1,1,1
5541,2024,500000,1,1,1,1,1,4,1
5542,2024,230000,2,1,1,4,1,1,1
5543,2024,180000,2,1,1,4,1,1,1
5544,2024,149000,1,1,1,2,1,4,1
5545,2024,119650,1,1,1,2,1,4,1
5546,2024,203000,1,1,1,1,1,4,1
5547,2024,280000,1,1,1,4,1,1,1
5548,2024,215000,1,1,1,4,1,1,1
5549,2024,244700,2,1,1,2,1,1,1
5550,2024,163100,2,1,1,2,1,1,1
5551,2024,48250,1,1,1,2,1,1,1
5552,2024,246800,2,1,1,1,1,4,1
5553,2024,209800,2,1,1,1,1,4,1
5554,2024,81500,2,1,1,3,1,2,1
5555,2024,59100,2,1,1,3,1,2,1
5556,2024,378700,1,1,1,1,1,4,1
5557,2024,266875,1,1,1,1,1,4,1
5558,2024,128250,1,1,1,1,1,4,1
5559,2024,59100,1,1,1,2,1,2,1
5560,2024,90000,1,1,1,2,1,4,1
5561,2024,144050,1,1,1,3,1,2,1
5562,2024,150549,2,1,1,2,1,1,1
5563,2024,126000,2,1,1,2,1,1,1
5564,2024,201000,1,1,1,2,1,2,1
5565,2024,121000,1,1,1,2,1,2,1
5566,2024,210600,1,1,1,2,1,2,1
5567,2024,273250,2,1,1,1,1,4,1
5568,2024,187200,1,1,1,1,1,1,1
5569,2024,156000,1,1,1,1,1,1,1
5570,2024,231300,1,1,1,1,1,5,1
5571,2024,138800,1,1,1,1,1,5,1
5572,2024,170400,2,1,1,1,1,1,1
5573,2024,123800,2,1,1,1,1,1,1
5574,2024,110000,1,1,1,1,1,3,1
5575,2024,104000,1,1,1,3,1,2,1
5576,2024,119000,1,1,1,1,1,1,1
5577,2024,144000,1,1,1,1,1,4,1
5578,2024,243136,1,1,1,1,1,1,1
5579,2024,156400,1,1,1,1,1,1,1
5580,2024,225000,1,1,1,2,1,4,1
5581,2024,150200,1,1,1,1,1,4,1
5582,2024,181800,1,1,1,1,1,1,1
5583,2024,118050,1,1,1,1,1,1,1
5584,2024,184920,1,1,1,1,1,2,1
5585,2024,123280,1,1,1,1,1,2,1
5586,2024,246400,1,1,1,1,1,2,1
5587,2024,126800,1,1,1,1,1,2,1
5588,2024,296400,1,1,1,1,1,3,1
5589,2024,219800,1,1,1,1,1,1,1
5590,2024,122100,1,1,1,1,1,1,1
5591,2024,235750,1,1,1,1,1,1,1
5592,2024,158400,1,1,1,1,1,2,1
5593,2024,105600,1,1,1,1,1,2,1
5594,2024,165500,1,1,1,3,1,2,1
5595,2024,95200,1,1,1,3,1,2,1
5596,2024,222000,1,1,1,2,1,4,1
5597,2024,88000,1,1,1,1,1,2,1
5598,2024,180000,1,1,1,3,3,2,1
5599,2024,140000,1,1,1,3,3,2,1
5600,2024,207000,1,1,1,1,1,5,1
5601,2024,126000,1,1,1,1,1,5,1
5602,2024,178250,1,1,1,2,1,2,1
5603,2024,210000,2,1,1,1,1,3,1
5604,2024,189553,1,1,1,2,1,3,1
5605,2024,161120,1,1,1,2,1,3,1
5606,2024,303400,1,1,1,1,1,4,1
5607,2024,229702,1,1,1,1,1,4,1
5608,2024,262650,1,1,1,1,1,4,1
5609,2024,261160,1,1,1,1,1,1,1
5610,2024,215600,1,1,1,1,1,1,1
5611,2024,221500,1,1,1,2,1,2,1
5612,2024,161500,1,1,1,2,1,2,1
5613,2024,68640,1,1,1,2,1,2,1
5614,2024,222000,2,1,1,1,1,1,1
5615,2024,160400,2,1,1,1,1,1,1
5616,2024,254000,1,1,1,2,1,1,1
5617,2024,102000,1,1,1,1,1,1,1
5618,2024,161100,1,1,1,1,1,2,1
5619,2024,206661,1,1,1,1,1,4,1
5620,2024,175662,1,1,1,1,1,4,1
5621,2024,192300,1,1,1,2,1,1,1
5622,2024,120200,1,1,1,2,1,1,1
5623,2024,100000,2,1,1,2,2,2,1
5624,2024,195200,1,2,1,2,1,1,1
5625,2024,113000,1,2,1,2,1,1,1
5626,2024,114900,1,1,1,2,1,4,1
5627,2024,220000,2,1,1,2,1,3,1
5628,2024,195000,1,1,1,2,1,2,1
5629,2024,266000,1,1,1,1,1,1,1
5630,2024,142500,1,1,1,1,1,4,1
5631,2024,87000,1,1,1,1,1,4,1
5632,2024,169233,1,1,1,1,1,2,1
5633,2024,264200,1,1,1,2,1,2,1
5634,2024,143100,1,1,1,2,1,2,1
5635,2024,191000,1,1,1,1,1,3,1
5636,2024,129000,1,1,1,1,1,3,1
5637,2024,248000,1,1,1,4,1,1,1
5638,2024,148100,1,1,1,4,1,1,1
5639,2024,183500,1,1,1,1,1,2,1
5640,2024,115500,1,1,1,1,1,2,1
5641,2024,314000,1,1,1,1,1,3,1
5642,2024,221000,1,1,1,1,1,3,1
5643,2024,149800,2,1,1,1,1,2,1
5644,2024,288000,1,1,1,2,1,1,1
5645,2024,132000,1,1,1,2,1,1,1
5646,2024,305700,2,1,1,1,1,3,1
5647,2024,190300,2,1,1,1,1,3,1
5648,2024,124000,2,1,1,2,1,3,1
5649,2024,200500,1,1,1,1,1,3,1
5650,2024,94600,1,1,1,1,1,3,1
5651,2024,176000,1,1,1,3,1,2,1
5652,2024,124000,1,1,1,3,1,2,1
5653,2024,98040,1,1,1,3,1,2,1
5654,2024,68436,1,1,1,3,1,2,1
5655,2024,97400,1,1,1,1,1,2,1
5656,2024,194850,1,1,1,2,1,4,1
5657,2024,114400,1,1,1,2,1,1,1
5658,2024,111862,1,1,1,2,1,1,1
5659,2024,66380,2,1,1,2,1,2,1
5660,2024,112302,2,1,1,2,1,1,1
5661,2024,83187,2,1,1,2,1,1,1
5662,2024,199534,1,1,1,2,1,4,1
5663,2024,237500,1,1,1,2,1,1,1
5664,2024,150987,1,1,1,2,1,1,1
5665,2024,230750,1,1,1,1,1,2,1
5666,2024,188000,1,1,1,1,1,2,1
5667,2024,414000,1,1,1,1,1,1,1
5668,2024,237500,1,1,1,2,1,4,1
5669,2024,137750,1,1,1,2,1,4,1
5670,2024,101257,1,1,1,2,1,2,1
5671,2024,67504,1,1,1,2,1,2,1
5672,2024,63150,1,1,1,3,1,2,1
5673,2024,45900,1,1,1,3,1,2,1
5674,2024,43900,1,1,1,3,1,2,1
5675,2024,78300,2,1,1,1,1,2,1
5676,2024,104000,1,1,1,1,1,4,1
5677,2024,223900,1,1,1,4,1,4,1
5678,2024,135700,1,1,1,4,1,4,1
5679,2024,179700,2,1,1,1,1,1,1
5680,2024,100100,2,1,1,1,1,1,1
5681,2024,262172,1,1,1,1,1,1,1
5682,2024,187266,1,1,1,1,1,1,1
5683,2024,269000,1,1,1,2,1,1,1
5684,2024,207000,1,1,1,2,1,1,1
5685,2024,203550,1,1,1,1,1,1,1
5686,2024,150450,1,1,1,1,1,1,1
5687,2024,189615,1,1,1,1,1,2,1
5688,2024,150385,1,1,1,1,1,2,1
5689,2024,158076,2,1,1,1,1,2,1
5690,2024,92986,2,1,1,1,1,2,1
5691,2024,87900,1,1,1,3,1,2,1
5692,2024,71025,1,1,1,3,1,2,1
5693,2024,118765,2,1,1,3,1,4,1
5694,2024,69862,2,1,1,3,1,4,1
5695,2024,143706,2,1,1,2,1,4,1
5696,2024,84533,2,1,1,2,1,4,1
5697,2024,97525,2,1,1,3,1,2,1
5698,2024,53950,2,1,1,3,1,2,1
5699,2024,145000,1,1,1,3,1,2,1
5700,2024,317690,1,1,1,1,1,3,1
5701,2024,189100,1,1,1,1,1,3,1
5702,2024,253194,1,1,1,1,1,2,1
5703,2024,187145,1,1,1,1,1,2,1
5704,2024,156500,1,1,1,1,1,2,1
5705,2024,222000,2,1,1,1,1,2,1
5706,2024,98000,2,1,1,1,1,2,1
5707,2024,296300,1,1,1,1,1,4,1
5708,2024,70900,1,1,1,2,1,2,1
5709,2024,49000,1,1,1,2,1,2,1
5710,2024,235700,1,1,1,2,1,1,1
5711,2024,163200,1,1,1,1,1,2,1
5712,2024,99000,1,1,1,1,1,2,1
5713,2024,78998,1,1,1,3,1,2,1
5714,2024,56260,1,1,1,3,1,2,1
5715,2024,109500,1,1,1,2,1,2,1
5716,2024,79500,1,1,1,2,1,2,1
5717,2024,337250,1,1,1,2,1,4,1
5718,2024,184300,1,1,1,2,1,4,1
5719,2024,250200,1,1,1,2,1,1,1
5720,2024,117200,1,1,1,2,1,1,1
5721,2024,103000,1,1,1,2,1,1,1
5722,2024,136200,1,1,1,2,1,1,1
5723,2024,63700,1,1,1,3,1,1,1
5724,2024,40800,1,1,1,3,1,1,1
5725,2024,109000,1,1,1,3,1,1,1
5726,2024,67000,1,1,1,3,1,1,1
5727,2024,296300,1,1,1,1,1,1,1
5728,2024,166600,1,1,1,1,1,1,1
5729,2024,178700,1,1,1,1,1,6,1
5730,2024,109200,1,1,1,1,1,6,1
5731,2024,200750,1,1,1,1,1,2,1
5732,2024,130350,1,1,1,1,1,2,1
5733,2024,142500,1,1,1,1,1,6,1
5734,2024,87000,1,1,1,1,1,6,1
5735,2024,378700,1,1,1,2,1,1,1
5736,2024,219300,1,1,1,2,1,1,1
5737,2024,133100,1,1,1,3,1,2,1
5738,2024,301248,1,1,1,1,1,5,1
5739,2024,200832,1,1,1,1,1,5,1
5740,2024,62500,1,1,1,2,1,2,1
5741,2024,96600,1,1,1,2,1,4,1
5742,2024,69100,1,1,1,2,1,2,1
5743,2024,82100,1,1,1,1,1,2,1
5744,2024,230230,1,1,1,2,1,2,1
5745,2024,177905,1,1,1,2,1,2,1
5746,2024,79800,1,1,1,1,1,1,1
5747,2024,142509,1,1,1,2,1,2,1
5748,2024,76736,1,1,1,2,1,2,1
5749,2024,229000,1,1,1,1,1,4,1
5750,2024,107000,1,1,1,1,1,4,1
5751,2024,328821,1,1,1,1,1,1,1
5752,2024,197292,1,1,1,1,1,1,1
5753,2024,82000,1,1,1,3,1,1,1
5754,2024,37000,1,1,1,3,1,1,1
5755,2024,64000,1,1,1,1,1,1,1
5756,2024,136700,1,1,1,1,1,1,1
5757,2024,180200,1,1,1,3,1,2,1
5758,2024,85800,1,1,1,3,1,2,1
5759,2024,204600,1,1,1,1,1,2,1
5760,2024,287100,1,1,1,2,1,2,1
5761,2024,211536,1,1,1,2,1,2,1
5762,2024,278800,1,1,1,1,1,4,1
5763,2024,227400,1,1,1,4,1,4,1
5764,2024,151600,1,1,1,4,1,4,1
5765,2024,268200,1,1,1,2,1,2,1
5766,2024,97800,1,1,1,2,1,2,1
5767,2024,256900,2,1,1,2,1,3,1
5768,2024,125200,2,1,1,2,1,3,1
5769,2024,144900,1,1,1,2,1,2,1
5770,2024,296400,2,1,1,1,1,2,1
5771,2024,176800,2,1,1,1,1,2,1
5772,2024,162240,2,1,1,3,1,2,1
5773,2024,47840,2,1,1,3,1,2,1
5774,2024,91200,2,1,1,2,1,2,1
5775,2024,57800,2,1,1,2,1,2,1
5776,2024,154600,1,1,1,4,1,2,1
5777,2024,138200,1,1,1,4,1,2,1
5778,2024,145700,2,1,1,2,1,1,1
5779,2024,76700,2,1,1,2,1,1,1
5780,2024,117900,1,1,1,2,1,2,1
5781,2024,82200,1,1,1,2,1,2,1
5782,2024,284400,1,1,1,1,1,4,1
5783,2024,150700,1,1,1,1,1,4,1
5784,2024,249840,1,1,1,1,1,4,1
5785,2024,166560,1,1,1,1,1,4,1
5786,2024,110400,1,1,1,2,1,1,1
5787,2024,100650,1,1,1,1,1,1,1
5788,2024,73200,1,1,1,1,1,1,1
5789,2024,116050,1,1,1,1,1,4,1
5790,2024,84400,1,1,1,1,1,4,1
5791,2024,137314,1,1,1,1,1,2,1
5792,2024,87728,1,1,1,1,1,2,1
5793,2024,174200,1,1,1,1,1,2,1
5794,2024,168084,1,1,1,2,1,6,1
5795,2024,120060,1,1,1,2,1,6,1
5796,2024,146875,2,1,1,2,1,4,1
5797,2024,81250,2,1,1,2,1,4,1
5798,2024,174000,1,1,1,2,1,4,1
5799,2024,97300,1,1,1,2,1,4,1
5800,2024,182400,1,1,1,1,1,3,1
5801,2024,136100,1,1,1,1,1,3,1
5802,2024,234500,1,1,1,1,1,2,1
5803,2024,146500,1,1,1,1,1,2,1
5804,2024,195500,1,1,1,2,1,2,1
5805,2024,94722,1,1,1,2,1,1,1
5806,2024,212800,1,1,1,1,1,3,1
5807,2024,177300,1,1,1,1,1,3,1
5808,2024,320000,1,1,1,2,1,2,1
5809,2024,89600,1,2,1,1,1,2,1
5810,2024,172800,1,1,1,1,1,2,1
5811,2024,100800,1,1,1,1,1,2,1
5812,2024,129113,1,1,1,1,1,2,1
5813,2024,109746,1,1,1,1,1,2,1
5814,2024,152588,1,1,1,1,1,2,1
5815,2024,129699,1,1,1,1,1,2,1
5816,2024,165000,1,1,1,2,1,3,1
5817,2024,111400,2,1,1,2,1,3,1
5818,2024,79400,2,1,1,2,1,3,1
5819,2024,62300,1,1,1,2,1,2,1
5820,2024,69305,1,1,1,2,1,2,1
5821,2024,205000,1,1,1,2,1,3,1
5822,2024,178000,1,1,1,2,1,3,1
5823,2024,210000,2,1,1,2,1,1,1
5824,2024,122000,1,1,1,1,1,5,1
5825,2024,135000,2,1,1,2,1,4,1
5826,2024,118800,2,1,1,2,1,1,1
5827,2024,281834,1,1,1,1,1,1,1
5828,2024,208766,1,1,1,1,1,1,1
5829,2024,100000,1,1,1,2,1,5,1
5830,2024,80000,1,1,1,2,1,5,1
5831,2024,73165,1,1,1,3,1,2,1
5832,2024,58542,1,1,1,3,1,2,1
5833,2024,132000,2,1,1,2,1,1,1
5834,2024,95000,2,1,1,2,1,1,1
5835,2024,240000,2,1,1,1,1,4,1
5836,2024,169000,2,1,1,1,1,4,1
5837,2024,454300,1,1,1,1,1,4,1
5838,2024,302900,1,1,1,1,1,4,1
5839,2024,416500,1,1,1,1,1,4,1
5840,2024,277700,1,1,1,1,1,4,1
5841,2024,302400,1,1,1,1,1,4,1
5842,2024,201600,1,1,1,1,1,4,1
5843,2024,275000,2,1,1,1,1,1,1
5844,2024,360000,1,1,1,1,1,1,1
5845,2024,308000,1,1,1,2,1,1,1
5846,2024,25000,2,1,1,2,1,1,1
5847,2024,200500,2,1,1,1,1,1,1
5848,2024,143200,2,1,1,1,1,1,1
5849,2024,176000,2,1,1,2,1,1,1
5850,2024,128000,2,1,1,2,1,1,1
5851,2024,124000,1,1,1,2,1,4,1
5852,2024,609200,1,1,1,1,1,1,1
5853,2024,263800,1,1,1,1,1,1,1
5854,2024,255400,2,2,1,2,1,2,1
5855,2024,183037,2,2,1,2,1,2,1
5856,2024,176355,1,1,1,2,1,2,1
5857,2024,169085,1,2,1,1,1,2,1
5858,2024,112723,1,2,1,1,1,2,1
5859,2024,341734,1,1,1,2,1,1,1
5860,2024,177688,1,1,1,2,1,1,1
5861,2024,162500,1,1,1,1,1,2,1
5862,2024,237500,1,1,1,3,1,1,1
5863,2024,137750,1,1,1,3,1,1,1
5864,2024,355000,1,1,1,2,1,4,1
5865,2024,337250,1,1,1,2,1,3,1
5866,2024,137750,1,1,1,2,1,3,1
5867,2024,355000,1,1,1,2,1,3,1
5868,2024,145000,1,1,1,2,1,3,1
5869,2024,147000,1,1,1,3,1,4,1
5870,2024,112200,1,1,1,3,1,4,1
5871,2024,341734,1,1,1,2,1,3,1
5872,2024,177688,1,1,1,2,1,3,1
5873,2024,250000,1,1,1,3,1,4,1
5874,2024,144000,1,1,1,3,1,4,1
5875,2024,360200,1,1,1,1,1,3,1
5876,2024,234500,1,1,1,1,1,3,1
5877,2024,146500,1,1,1,1,1,3,1
5878,2024,116250,2,1,1,2,1,1,1
5879,2024,97000,2,1,1,2,1,1,1
5880,2024,123000,1,1,1,3,1,2,1
5881,2024,232000,1,1,1,3,1,2,1
5882,2024,70690,1,1,1,1,1,2,1
5883,2024,42435,1,1,1,1,1,2,1
5884,2024,117800,1,1,1,2,1,2,1
5885,2024,70400,1,1,1,2,1,2,1
5886,2024,98467,1,1,1,2,1,4,1
5887,2024,55631,1,1,1,2,1,4,1
5888,2024,198700,2,1,1,1,1,2,1
5889,2024,123700,2,1,1,1,1,2,1
5890,2024,393300,1,1,1,2,1,1,1
5891,2024,237500,1,1,1,1,1,4,1
5892,2024,137750,1,1,1,1,1,4,1
5893,2024,285000,1,1,1,1,1,5,1
5894,2024,210000,1,1,1,1,1,5,1
5895,2024,337250,1,1,1,2,1,1,1
5896,2024,184300,1,1,1,2,1,1,1
5897,2024,355000,1,1,1,2,1,1,1
5898,2024,337250,1,1,1,1,1,4,1
5899,2024,184300,1,1,1,1,1,4,1
5900,2024,145000,1,1,1,1,1,4,1
5901,2024,177900,1,1,1,1,1,1,1
5902,2024,117800,1,1,1,1,1,1,1
5903,2024,99600,1,1,1,3,1,2,1
5904,2024,74300,1,1,1,3,1,2,1
5905,2024,138800,1,1,1,1,1,2,1
5906,2024,224000,1,1,1,1,1,4,1
5907,2024,144000,1,1,1,3,1,2,1
5908,2024,140179,1,1,1,1,1,2,1
5909,2024,120786,1,1,1,1,1,2,1
5910,2024,64000,1,1,1,2,1,2,1
5911,2024,154000,1,1,1,1,1,2,1
5912,2024,67700,1,1,1,1,1,2,1
5913,2024,110400,1,1,1,2,1,2,1
5914,2024,78200,1,1,1,2,1,2,1
5915,2024,287000,1,1,1,2,1,2,1
5916,2024,237400,1,1,1,1,1,4,1
5917,2024,143800,1,1,1,1,1,4,1
5918,2024,193000,1,1,1,2,1,2,1
5919,2024,84600,1,1,1,2,1,2,1
5920,2024,74240,2,1,1,2,1,2,1
5921,2024,172000,1,1,1,2,1,5,1
5922,2024,75600,1,1,1,2,1,5,1
5923,2024,123810,1,1,1,1,1,2,1
5924,2024,74286,1,1,1,1,1,2,1
5925,2024,248404,1,1,1,1,1,1,1
5926,2024,134320,1,1,1,1,1,1,1
5927,2024,105000,2,1,1,1,1,1,1
5928,2024,299375,1,1,1,1,1,4,1
5929,2024,143625,1,1,1,1,1,4,1
5930,2024,150000,2,1,1,3,1,2,1
5931,2024,391000,1,1,1,2,1,1,1
5932,2024,21099,1,1,1,2,1,2,1
5933,2024,129500,1,1,1,1,1,2,1
5934,2024,86300,1,1,1,1,1,2,1
5935,2024,112900,2,1,1,1,1,3,1
5936,2024,288400,1,1,1,1,1,5,1
5937,2024,144200,1,1,1,1,1,5,1
5938,2024,236872,1,1,1,2,1,1,1
5939,2024,148045,1,1,1,2,1,1,1
5940,2024,260590,1,1,1,1,1,1,1
5941,2024,130295,1,1,1,1,1,1,1
5942,2024,122000,1,1,1,2,1,4,1
5943,2024,299000,2,1,1,2,1,1,1
5944,2024,156000,2,1,1,2,1,1,1
5945,2024,241005,1,1,1,1,1,1,1
5946,2024,141673,1,1,1,1,1,1,1
5947,2024,108000,1,1,1,1,1,4,1
5948,2024,143100,1,1,1,1,1,5,1
5949,2024,67500,1,1,1,1,1,5,1
5950,2024,64000,1,1,1,3,1,4,1
5951,2024,262100,1,1,1,1,1,1,1
5952,2024,146800,1,1,1,1,1,1,1
5953,2024,131675,1,1,1,1,1,2,1
5954,2024,106371,1,1,1,1,1,2,1
5955,2024,194180,1,1,1,1,1,2,1
5956,2024,115590,1,1,1,1,1,2,1
5957,2024,105972,1,1,1,3,1,1,1
5958,2024,68964,1,1,1,3,1,1,1
5959,2024,57700,1,1,1,1,1,2,1
5960,2024,235750,1,1,1,1,1,2,1
5961,2024,174250,1,1,1,1,1,2,1
5962,2024,95200,1,1,1,2,1,2,1
5963,2024,142400,1,1,1,2,1,1,1
5964,2024,206800,1,2,1,2,1,2,1
5965,2024,97500,1,2,1,2,1,2,1
5966,2024,106400,1,2,1,1,1,2,1
5967,2024,192000,1,1,1,1,1,4,1
5968,2024,204300,1,2,1,1,1,5,1
5969,2024,118200,1,2,1,1,1,5,1
5970,2024,89000,2,1,1,1,1,2,1
5971,2024,243000,1,1,1,1,1,4,1
5972,2024,332000,1,1,1,1,1,3,1
5973,2024,130000,1,1,1,4,1,2,1
5974,2024,149000,2,1,1,2,1,2,1
5975,2024,185625,1,1,1,1,1,2,1
5976,2024,123750,1,1,1,1,1,2,1
5977,2024,216923,1,1,1,1,1,2,1
5978,2024,137260,1,1,1,1,1,2,1
5979,2024,398983,1,1,1,1,1,4,1
5980,2024,228188,1,1,1,1,1,4,1
5981,2024,299000,1,1,1,4,1,4,1
5982,2024,222000,1,1,1,4,1,4,1
5983,2024,153951,1,1,1,2,1,2,1
5984,2024,107765,1,1,1,2,1,2,1
5985,2024,230000,2,1,1,1,1,4,1
5986,2024,195500,2,1,1,1,1,4,1
5987,2024,300000,2,1,1,4,1,1,1
5988,2024,255000,2,1,1,4,1,1,1
5989,2024,350000,1,1,1,2,1,4,1
5990,2024,550000,1,1,1,1,1,1,1
5991,2024,254400,1,1,1,2,1,1,1
5992,2024,212000,1,1,1,2,1,1,1
5993,2024,223900,2,1,1,2,1,1,1
5994,2024,190315,2,1,1,2,1,1,1
5995,2024,140000,1,1,1,4,1,1,1
5996,2024,115000,1,1,1,4,1,1,1
5997,2024,223000,1,1,1,2,1,6,1
5998,2024,150000,1,1,1,2,1,6,1
5999,2024,191000,2,1,1,1,1,1,1
6000,2024,89200,1,1,1,1,1,2,1
6001,2024,166000,1,1,1,1,1,3,1
6002,2024,106000,1,1,1,1,1,3,1
6003,2024,155400,2,1,1,1,1,2,1
6004,2024,144000,2,1,1,1,1,2,1
6005,2024,180100,1,1,1,2,1,2,1
6006,2024,96838,1,1,1,2,1,2,1
6007,2024,72328,1,1,1,2,1,2,1
6008,2024,265300,1,1,1,1,1,2,1
6009,2024,133800,1,1,1,1,1,2,1
6010,2024,178200,1,1,1,1,1,2,1
6011,2024,74800,1,1,1,1,1,2,1
6012,2024,182000,1,1,1,2,1,2,1
6013,2024,106000,1,1,1,2,1,2,1
6014,2024,157000,1,1,1,2,1,2,1
6015,2024,220900,1,1,1,1,1,2,1
6016,2024,82678,1,1,1,2,1,2,1
6017,2024,68898,1,1,1,2,1,2,1
6018,2024,255000,1,2,1,1,1,4,1
6019,2024,169000,1,2,1,1,1,4,1
6020,2024,367000,1,1,1,1,1,2,1
6021,2024,159900,1,1,1,1,1,2,1
6022,2024,246400,1,1,1,1,1,1,1
6023,2024,125000,2,1,1,2,1,5,1
6024,2024,95000,2,1,1,2,1,5,1
6025,2024,188875,1,1,1,1,1,2,1
6026,2024,113325,1,1,1,1,1,2,1
6027,2024,110240,1,1,1,3,1,4,1
6028,2024,75000,2,1,1,1,1,5,1
6029,2024,67060,2,1,1,1,1,5,1
6030,2024,167500,1,1,1,2,1,1,1
6031,2024,137100,1,1,1,2,1,1,1
6032,2024,154500,1,1,1,2,1,1,1
6033,2024,123600,1,1,1,2,1,1,1
6034,2024,73000,1,1,1,2,1,1,1
6035,2024,176300,1,1,1,2,1,3,1
6036,2024,105800,1,1,1,2,1,3,1
6037,2024,63700,1,1,1,2,1,2,1
6038,2024,96700,1,1,1,1,1,5,1
6039,2024,266000,1,1,1,2,1,1,1
6040,2024,115500,1,1,1,2,1,1,1
6041,2024,140000,1,1,1,3,1,1,1
6042,2024,196100,1,1,1,1,1,6,1
6043,2024,116700,1,1,1,1,1,6,1
6044,2024,265200,1,1,1,2,1,1,1
6045,2024,71094,1,1,1,2,1,1,1
6046,2024,123000,1,1,1,3,1,1,1
6047,2024,66000,1,1,1,1,1,1,1
6048,2024,54000,1,1,1,1,1,1,1
6049,2024,70000,2,1,1,1,2,5,1
6050,2024,67060,2,1,1,1,2,5,1
6051,2024,119830,2,1,1,2,1,1,1
6052,2024,74900,2,1,1,2,1,1,1
6053,2024,189600,2,1,1,2,1,2,1
6054,2024,116600,2,1,1,2,1,2,1
6055,2024,195800,2,1,1,1,1,2,1
6056,2024,97497,2,1,1,1,1,2,1
6057,2024,237100,2,1,1,1,1,2,1
6058,2024,118094,2,1,1,1,1,2,1
6059,2024,199145,1,1,1,1,1,2,1
6060,2024,67900,1,1,1,1,1,2,1
6061,2024,234300,1,1,1,1,1,3,1
6062,2024,96900,1,1,1,1,1,3,1
6063,2024,204600,1,1,1,1,1,4,1
6064,2024,84500,1,1,1,1,1,4,1
6065,2024,87500,1,1,1,1,1,1,1
6066,2024,74375,1,1,1,1,1,1,1
6067,2024,220900,2,1,1,2,1,1,1
6068,2024,122200,2,1,1,2,1,1,1
6069,2024,155900,1,1,1,2,1,2,1
6070,2024,93500,1,1,1,2,1,2,1
6071,2024,333000,1,1,1,2,1,4,1
6072,2024,170760,1,1,1,1,1,1,1
6073,2024,113840,1,1,1,1,1,1,1
6074,2024,220900,1,1,1,2,1,1,1
6075,2024,105800,1,1,1,2,1,5,1
6076,2024,90000,2,1,1,3,1,2,1
6077,2024,125640,1,1,1,1,1,4,1
6078,2024,249800,1,1,1,1,1,4,1
6079,2024,142700,1,1,1,1,1,4,1
6080,2024,134000,1,1,1,2,1,4,1
6081,2024,124000,1,1,1,1,1,4,1
6082,2024,161000,1,1,1,2,1,2,1
6083,2024,79000,1,1,1,2,1,2,1
6084,2024,230500,1,1,1,2,1,1,1
6085,2024,163700,1,1,1,2,1,1,1
6086,2024,162900,2,1,1,1,1,2,1
6087,2024,117725,2,1,1,1,1,2,1
6088,2024,87630,2,1,1,3,1,2,1
6089,2024,61360,2,1,1,3,1,2,1
6090,2024,132000,1,1,1,2,1,4,1
6091,2024,252900,1,1,1,1,1,1,1
6092,2024,133100,1,1,1,1,1,1,1
6093,2024,169000,1,1,1,1,1,1,1
6094,2024,440000,1,1,1,2,1,4,1
6095,2024,360000,1,1,1,2,1,4,1
6096,2024,385000,1,1,1,1,1,1,1
6097,2024,140000,1,1,1,1,1,5,1
6098,2024,369000,2,1,1,1,1,4,1
6099,2024,338000,2,1,1,1,1,4,1
6100,2024,63500,1,1,1,2,1,2,1
6101,2024,208000,1,1,1,1,1,3,1
6102,2024,158000,1,1,1,1,1,3,1
6103,2024,121800,1,1,1,1,1,2,1
6104,2024,306500,1,1,1,1,1,1,1
6105,2024,160700,1,1,1,1,1,1,1
6106,2024,144800,1,1,1,2,1,2,1
6107,2024,156000,2,1,1,1,1,4,1
6108,2024,254400,1,1,1,1,1,1,1
6109,2024,212000,1,1,1,1,1,1,1
6110,2024,277500,1,1,1,1,1,4,1
6111,2024,158500,1,1,1,1,1,4,1
6112,2024,75900,1,1,1,1,1,1,1
6113,2024,48500,1,1,1,1,1,1,1
6114,2024,383910,1,1,1,1,1,4,1
6115,2024,315850,1,1,1,1,1,4,1
6116,2024,316900,1,1,1,1,1,1,1
6117,2024,181100,1,1,1,1,1,1,1
6118,2024,170700,2,1,1,2,1,4,1
6119,2024,113900,2,1,1,2,1,4,1
6120,2024,207000,2,1,1,1,1,4,1
6121,2024,155300,2,1,1,1,1,4,1
6122,2024,158000,1,1,1,2,1,4,1
6123,2024,293300,1,1,1,1,1,4,1
6124,2024,170000,2,1,1,2,1,2,1
6125,2024,155000,2,1,1,2,1,2,1
6126,2024,126880,1,1,1,2,1,1,1
6127,2024,76960,1,1,1,2,1,1,1
6128,2024,190000,2,1,1,1,1,4,1
6129,2024,161500,2,1,1,1,1,4,1
6130,2024,161625,2,1,1,2,1,4,1
6131,2024,243600,2,1,1,1,1,6,1
6132,2024,162400,2,1,1,1,1,6,1
6133,2024,232200,1,1,1,2,1,1,1
6134,2024,145125,1,1,1,2,1,1,1
6135,2024,215550,2,1,1,1,1,1,1
6136,2024,142503,2,1,1,1,1,1,1
6137,2024,180000,2,1,1,2,1,4,1
6138,2024,120000,2,1,1,2,1,4,1
6139,2024,121900,1,1,1,1,1,3,1
6140,2024,241700,1,1,1,1,1,1,1
6141,2024,126500,1,1,1,1,1,1,1
6142,2024,258773,1,1,1,2,1,2,1
6143,2024,154960,1,1,1,2,1,2,1
6144,2024,60000,1,1,1,2,3,2,1
6145,2024,40000,1,1,1,2,3,2,1
6146,2024,131000,1,1,1,3,1,2,1
6147,2024,256000,2,1,1,1,1,2,1
6148,2024,159300,2,1,1,1,1,2,1
6149,2024,285900,1,1,1,2,1,1,1
6150,2024,190200,1,1,1,2,1,1,1
6151,2024,92500,1,1,1,3,1,2,1
6152,2024,53500,1,1,1,3,1,2,1
6153,2024,179000,1,1,1,3,1,2,1
6154,2024,126000,1,1,1,3,1,2,1
6155,2024,108000,1,1,1,2,1,1,1
6156,2024,172100,1,1,1,1,1,1,1
6157,2024,103300,1,1,1,1,1,1,1
6158,2024,69520,1,2,1,3,1,2,1
6159,2024,63200,1,2,1,3,1,2,1
6160,2024,113630,1,1,1,1,1,2,1
6161,2024,72300,1,1,1,1,1,2,1
6162,2024,113800,1,1,1,1,1,5,1
6163,2024,79700,1,1,1,1,1,5,1
6164,2024,57700,1,1,1,2,1,2,1
6165,2024,133600,2,1,1,2,1,2,1
6166,2024,143200,2,1,1,1,1,2,1
6167,2024,296477,1,1,1,1,1,1,1
6168,2024,177886,1,1,1,1,1,1,1
6169,2024,125000,1,1,1,4,1,2,1
6170,2024,192840,2,1,1,2,1,1,1
6171,2024,115704,2,1,1,2,1,1,1
6172,2024,102200,2,1,1,2,1,2,1
6173,2024,86600,2,1,1,2,1,2,1
6174,2024,161175,1,1,1,1,1,4,1
6175,2024,64200,1,1,1,2,1,2,1
6176,2024,216200,1,1,1,2,1,2,1
6177,2024,102900,1,1,1,2,1,2,1
6178,2024,89500,1,1,1,1,1,2,1
6179,2024,264000,1,1,1,2,1,1,1
6180,2024,163200,1,1,1,2,1,1,1
6181,2024,240000,2,1,1,2,1,1,1
6182,2024,145300,2,1,1,1,1,2,1
6183,2024,72700,2,1,1,1,1,2,1
6184,2024,223900,1,1,1,4,1,2,1
6185,2024,135700,1,1,1,4,1,2,1
6186,2024,108000,2,1,1,1,1,3,1
6187,2024,267500,2,1,1,1,1,6,1
6188,2024,119400,2,1,1,1,1,6,1
6189,2024,201250,1,1,1,1,1,1,1
6190,2024,108000,1,1,1,1,1,1,1
6191,2024,184920,1,1,1,1,1,4,1
6192,2024,123280,1,1,1,1,1,4,1
6193,2024,115440,1,1,1,1,1,2,1
6194,2024,76960,1,1,1,1,1,2,1
6195,2024,115100,1,1,1,1,1,1,1
6196,2024,76700,1,1,1,1,1,1,1
6197,2024,183456,1,1,1,1,1,1,1
6198,2024,196320,1,1,1,4,1,1,1
6199,2024,130880,1,1,1,4,1,1,1
6200,2024,90300,2,1,1,3,1,2,1
6201,2024,50200,2,1,1,3,1,2,1
6202,2024,260000,2,1,1,1,1,4,1
6203,2024,137100,1,1,1,1,1,4,1
6204,2024,145537,2,1,1,1,1,1,1
6205,2024,119076,2,1,1,1,1,1,1
6206,2024,194180,2,1,1,1,1,4,1
6207,2024,115590,2,1,1,1,1,4,1
6208,2024,164800,1,1,1,2,1,4,1
6209,2024,98090,1,1,1,2,1,4,1
6210,2024,194180,1,1,1,1,1,4,1
6211,2024,115590,1,1,1,1,1,4,1
6212,2024,203010,2,1,1,1,1,4,1
6213,2024,120840,2,1,1,1,1,4,1
6214,2024,146875,1,1,1,2,1,1,1
6215,2024,81250,1,1,1,2,1,1,1
6216,2024,260000,1,2,1,2,1,2,1
6217,2024,150400,1,2,1,2,1,2,1
6218,2024,163900,1,1,1,1,1,2,1
6219,2024,121000,1,1,1,1,1,2,1
6220,2024,185000,1,1,1,1,1,5,1
6221,2024,175000,1,1,1,1,1,5,1
6222,2024,240000,1,1,1,2,1,4,1
6223,2024,114000,1,1,1,1,1,1,1
6224,2024,314800,2,1,1,1,1,4,1
6225,2024,98592,1,1,1,3,1,2,1
6226,2024,68640,1,1,1,3,1,2,1
6227,2024,148800,1,1,1,2,1,2,1
6228,2024,106250,1,1,1,2,1,2,1
6229,2024,309000,1,1,1,1,1,2,1
6230,2024,217000,1,1,1,1,1,2,1
6231,2024,170112,1,1,1,1,1,4,1
6232,2024,184000,1,1,1,1,1,6,1
6233,2024,268000,2,1,1,1,1,2,1
6234,2024,188600,1,1,1,2,1,2,1
6235,2024,83200,1,1,1,1,1,2,1
6236,2024,190500,1,1,1,2,1,1,1
6237,2024,367175,1,1,1,1,1,1,1
6238,2024,222775,1,1,1,1,1,1,1
6239,2024,355000,1,1,1,1,1,3,1
6240,2024,319000,1,1,1,1,1,3,1
6241,2024,246000,1,1,1,2,1,3,1
6242,2024,173000,1,1,1,2,1,3,1
6243,2024,225000,1,1,1,2,1,3,1
6244,2024,83000,1,1,1,2,1,3,1
6245,2024,180000,1,1,1,3,1,3,1
6246,2024,120000,1,1,1,3,1,3,1
6247,2024,195000,1,1,1,2,1,3,1
6248,2024,151700,1,1,1,2,1,1,1
6249,2024,113700,1,1,1,2,1,1,1
6250,2024,219000,1,1,1,1,1,2,1
6251,2024,196560,1,1,1,2,1,1,1
6252,2024,131040,1,1,1,2,1,1,1
6253,2024,145000,1,1,1,2,1,6,1
6254,2024,110000,1,1,1,2,1,6,1
6255,2024,110000,2,1,1,1,1,1,1
6256,2024,75000,2,1,1,1,1,1,1
6257,2024,370000,1,1,1,2,1,4,1
6258,2024,360000,1,1,1,2,1,1,1
6259,2024,226000,1,1,1,2,1,6,1
6260,2024,190000,1,1,1,2,1,4,1
6261,2024,185000,1,1,1,2,1,4,1
6262,2024,89772,1,1,1,4,3,1,1
6263,2024,66084,1,1,1,4,3,1,1
6264,2024,178610,1,1,1,1,1,4,1
6265,2024,148990,1,1,1,1,1,4,1
6266,2024,217000,2,1,1,1,1,2,1
6267,2024,170112,1,1,1,2,1,4,1
6268,2024,204000,1,1,1,2,1,1,1
6269,2024,85000,1,1,1,2,1,4,1
6270,2024,75000,2,1,1,2,1,2,1
6271,2024,192300,1,1,1,1,1,4,1
6272,2024,130900,1,1,1,1,1,4,1
6273,2024,350000,1,1,1,2,1,1,1
6274,2024,165120,1,1,1,2,1,1,1
6275,2024,201500,1,1,1,1,1,1,1
6276,2024,124500,1,1,1,1,1,1,1
6277,2024,166750,1,1,1,1,1,1,1
6278,2024,379500,1,1,1,1,1,1,1
6279,2024,195500,1,1,1,2,1,1,1
6280,2024,227700,1,1,1,2,1,4,1
6281,2024,137100,1,1,1,2,1,4,1
6282,2024,372900,1,1,1,1,1,4,1
6283,2024,224100,1,1,1,1,1,4,1
6284,2024,78900,2,1,1,1,1,4,1
6285,2024,156500,1,1,1,2,1,2,1
6286,2024,148300,1,1,1,2,1,2,1
6287,2024,232300,1,1,1,1,1,3,1
6288,2024,136700,1,1,1,1,1,3,1
6289,2024,337300,1,1,1,1,1,3,1
6290,2024,192700,1,1,1,1,1,3,1
6291,2024,85648,1,1,1,3,1,2,1
6292,2024,64236,1,1,1,3,1,2,1
6293,2024,171000,1,1,1,2,1,3,1
6294,2024,107000,1,1,1,2,1,3,1
6295,2024,200500,1,1,1,2,1,2,1
6296,2024,129400,1,1,1,2,1,2,1
6297,2024,119300,2,1,1,2,1,2,1
6298,2024,170600,2,1,1,1,1,2,1
6299,2024,142300,2,1,1,1,1,2,1
6300,2024,338000,1,1,1,2,1,2,1
6301,2024,164000,1,1,1,2,1,2,1
6302,2024,700000,1,1,1,2,1,2,1
6303,2024,300000,1,1,1,2,1,2,1
6304,2024,282000,1,1,1,1,1,1,1
6305,2024,133750,1,1,1,2,1,5,1
6306,2024,85600,1,1,1,2,1,5,1
6307,2024,182400,2,1,1,2,1,1,1
6308,2024,76000,2,1,1,2,1,1,1
6309,2024,86100,1,1,1,3,1,2,1
6310,2024,77900,1,1,1,3,1,2,1
6311,2024,89186,2,1,1,3,1,2,1
6312,2024,108000,2,1,1,1,1,2,1
6313,2024,115128,1,1,1,2,1,2,1
6314,2024,62028,1,1,1,2,1,2,1
6315,2024,184000,2,1,1,2,1,1,1
6316,2024,125000,1,1,1,3,3,2,1
6317,2024,100000,1,1,1,3,3,2,1
6318,2024,185135,1,1,1,2,1,2,1
6319,2024,63001,1,1,1,2,1,2,1
6320,2024,65449,1,1,1,2,1,4,1
6321,2024,77000,2,1,1,1,1,2,1
6322,2024,216000,1,1,1,1,1,1,1
6323,2024,223300,1,1,1,2,1,1,1
6324,2024,178536,1,1,1,2,1,1,1
6325,2024,84000,1,1,1,2,3,1,1
6326,2024,64000,1,1,1,2,3,1,1
6327,2024,120000,1,1,1,2,1,6,1
6328,2024,86000,2,1,1,2,1,1,1
6329,2024,75000,2,1,1,2,1,1,1
6330,2024,181800,1,1,1,2,1,1,1
6331,2024,118050,1,1,1,2,1,1,1
6332,2024,294800,1,1,1,1,1,2,1
6333,2024,176900,1,1,1,1,1,2,1
6334,2024,355000,1,1,1,3,1,1,1
6335,2024,114634,1,1,1,2,1,3,1
6336,2024,279400,1,1,1,2,1,2,1
6337,2024,249385,1,1,1,2,1,2,1
6338,2024,214500,1,1,1,1,1,2,1
6339,2024,143100,1,1,1,1,1,2,1
6340,2024,154818,1,1,1,2,1,2,1
6341,2024,96761,1,1,1,2,1,2,1
6342,2024,314000,1,1,1,1,1,2,1
6343,2024,253000,1,1,1,1,1,2,1
6344,2024,250600,1,1,1,2,1,2,1
6345,2024,166600,1,1,1,2,1,2,1
6346,2024,81563,1,1,1,2,1,2,1
6347,2024,69329,1,1,1,2,1,2,1
6348,2024,152000,2,1,1,3,1,2,1
6349,2024,63000,2,1,1,3,1,2,1
6350,2024,89000,1,1,1,1,1,4,1
6351,2024,52016,1,1,1,3,1,1,1
6352,2024,134150,2,1,1,3,1,2,1
6353,2024,83840,2,1,1,3,1,2,1
6354,2024,234500,1,1,1,2,1,1,1
6355,2024,101900,1,1,1,2,1,1,1
6356,2024,171835,1,2,1,2,1,2,1
6357,2024,114557,1,2,1,2,1,2,1
6358,2024,102643,2,1,1,3,1,2,1
6359,2024,65007,2,1,1,3,1,2,1
6360,2024,174000,1,1,1,2,1,5,1
6361,2024,99800,1,1,1,2,1,5,1
6362,2024,125500,1,1,1,1,1,5,1
6363,2024,168100,1,1,1,1,1,6,1
6364,2024,107500,1,1,1,1,1,6,1
6365,2024,61700,1,1,1,2,1,1,1
6366,2024,176770,2,1,1,1,1,1,1
6367,2024,144630,2,1,1,1,1,1,1
6368,2024,209500,1,1,1,2,1,1,1
6369,2024,147500,1,1,1,2,1,1,1
6370,2024,127650,1,1,1,2,1,2,1
6371,2024,82450,1,1,1,2,1,2,1
6372,2024,124500,1,1,1,1,1,2,1
6373,2024,96400,1,1,1,3,1,2,1
6374,2024,64200,1,1,1,3,1,2,1
6375,2024,184200,1,1,1,1,1,1,1
6376,2024,111600,1,1,1,1,1,1,1
6377,2024,169578,1,1,1,1,1,2,1
6378,2024,113052,1,1,1,1,1,2,1
6379,2024,146875,2,1,1,1,1,2,1
6380,2024,81250,2,1,1,1,1,2,1
6381,2024,236872,1,1,1,1,1,2,1
6382,2024,148045,1,1,1,1,1,2,1
6383,2024,141400,1,1,1,1,1,1,1
6384,2024,231000,1,1,1,1,1,4,1
6385,2024,197000,1,1,1,1,1,4,1
6386,2024,175000,1,1,1,4,1,2,1
6387,2024,277000,1,1,1,2,1,1,1
6388,2024,251576,1,1,1,2,1,1,1
6389,2024,118414,1,1,1,2,1,2,1
6390,2024,242500,1,1,1,2,1,2,1
6391,2024,190486,1,1,1,2,1,2,1
6392,2024,228000,1,1,1,2,1,2,1
6393,2024,125000,2,1,1,1,1,3,1
6394,2024,184142,1,1,1,2,1,2,1
6395,2024,110261,1,1,1,2,1,2,1
6396,2024,358200,1,1,1,1,1,1,1
6397,2024,200400,1,1,1,1,1,1,1
6398,2024,143800,1,1,1,1,1,2,1
6399,2024,234000,1,2,1,2,1,2,1
6400,2024,156000,1,2,1,2,1,2,1
6401,2024,104900,1,1,1,2,1,2,1
6402,2024,73600,1,1,1,2,1,2,1
6403,2024,184600,1,1,1,1,1,2,1
6404,2024,110800,1,1,1,1,1,2,1
6405,2024,83028,2,1,1,2,1,1,1
6406,2024,271000,1,1,1,2,1,1,1
6407,2024,68123,2,1,1,2,1,1,1
6408,2024,126017,2,1,1,1,1,1,1
6409,2024,80000,2,1,1,3,1,1,1
6410,2024,56566,2,1,1,3,1,1,1
6411,2024,103685,2,1,1,1,1,1,1
6412,2024,193200,1,1,1,2,1,1,1
6413,2024,128300,1,1,1,2,1,1,1
6414,2024,124805,1,2,1,3,1,1,1
6415,2024,83203,1,2,1,3,1,1,1
6416,2024,251931,1,1,1,1,1,2,1
6417,2024,227938,1,1,1,1,1,2,1
6418,2024,118575,1,1,1,1,1,2,1
6419,2024,54300,1,1,1,2,1,2,1
6420,2024,113800,1,1,1,3,1,2,1
6421,2024,156700,1,1,1,2,1,4,1
6422,2024,74600,1,1,1,2,1,4,1
6423,2024,82000,1,1,1,3,1,4,1
6424,2024,37000,1,1,1,3,1,4,1
6425,2024,187158,1,1,1,2,1,2,1
6426,2024,116974,1,1,1,2,1,2,1
6427,2024,130900,1,1,1,1,1,5,1
6428,2024,79400,1,1,1,1,1,5,1
6429,2024,246600,1,1,1,1,1,2,1
6430,2024,134800,1,1,1,1,1,2,1
6431,2024,323300,1,1,1,4,1,2,1
6432,2024,200500,1,1,1,4,1,2,1
6433,2024,247200,1,1,1,1,1,2,1
6434,2024,124373,1,1,1,1,1,2,1
6435,2024,116040,1,1,1,2,1,5,1
6436,2024,77360,1,1,1,2,1,5,1
6437,2024,71000,1,1,1,2,1,1,1
6438,2024,194300,2,1,1,1,1,1,1
6439,2024,99000,2,1,1,1,1,1,1
6440,2024,56000,1,1,1,3,1,1,1
6441,2024,85250,1,1,1,2,1,2,1
6442,2024,62000,1,1,1,2,1,2,1
6443,2024,192703,2,1,1,2,1,2,1
6444,2024,82220,2,1,1,2,1,2,1
6445,2024,178250,1,1,1,1,1,2,1
6446,2024,131750,1,1,1,1,1,2,1
6447,2024,131040,1,1,1,1,1,2,1
6448,2024,87360,1,1,1,1,1,2,1
6449,2024,234240,1,1,1,4,1,1,1
6450,2024,156160,1,1,1,4,1,1,1
6451,2024,163600,1,1,1,1,1,2,1
6452,2024,188640,1,1,1,1,1,1,1
6453,2024,125760,1,1,1,1,1,1,1
6454,2024,68270,1,1,1,2,1,2,1
6455,2024,55341,1,1,1,2,1,2,1
6456,2024,225300,1,1,1,1,1,3,1
6457,2024,155300,1,1,1,1,1,3,1
6458,2024,259000,2,1,1,2,1,1,1
6459,2024,204000,2,1,1,2,1,1,1
6460,2024,246888,1,1,1,1,1,1,1
6461,2024,154305,1,1,1,1,1,1,1
6462,2024,171000,2,1,1,2,1,2,1
6463,2024,136800,2,1,1,2,1,2,1
6464,2024,250000,2,1,1,1,1,2,1
6465,2024,172500,2,1,1,1,1,2,1
6466,2024,174600,2,1,1,2,1,2,1
6467,2024,116400,2,1,1,2,1,2,1
6468,2024,202300,2,1,1,1,1,4,1
6469,2024,411650,2,1,1,1,1,3,1
6470,2024,200117,2,1,1,1,1,3,1
6471,2024,199500,1,1,1,1,1,3,1
6472,2024,97400,1,1,1,1,1,3,1
6473,2024,244700,2,1,1,2,1,2,1
6474,2024,244700,1,1,1,1,1,2,1
6475,2024,183800,1,1,1,1,1,2,1
6476,2024,134770,1,1,1,3,1,2,1
6477,2024,66578,1,1,1,3,1,2,1
6478,2024,174000,2,1,1,2,1,4,1
6479,2024,147900,2,1,1,2,1,4,1
6480,2024,110240,1,1,1,3,1,3,1
6481,2024,39500,1,1,1,3,1,3,1
6482,2024,201500,2,1,1,1,1,4,1
6483,2024,223500,1,1,1,2,1,4,1
6484,2024,94200,1,1,1,2,1,4,1
6485,2024,189000,2,1,1,2,1,4,1
6486,2024,136600,2,1,1,2,1,4,1
6487,2024,116000,1,1,1,2,1,1,1
6488,2024,182000,2,1,1,2,1,6,1
6489,2024,130000,2,1,1,2,1,6,1
6490,2024,196000,1,1,1,2,1,1,1
6491,2024,134000,1,1,1,2,1,1,1
6492,2024,297900,1,1,1,1,1,1,1
6493,2024,202900,1,1,1,1,1,1,1
6494,2024,85000,1,1,1,1,1,3,1
6495,2024,86700,1,1,1,1,1,2,1
6496,2024,157500,1,1,1,2,1,2,1
6497,2024,178200,1,1,1,1,1,6,1
6498,2024,74800,1,1,1,1,1,6,1
6499,2024,133000,1,1,1,3,1,1,1
6500,2024,98080,1,1,1,3,1,1,1
6501,2024,175300,1,1,1,1,1,1,1
6502,2024,142020,1,1,1,1,1,1,1
6503,2024,209700,1,1,1,1,1,4,1
6504,2024,123300,1,1,1,1,1,4,1
6505,2024,236220,1,1,1,1,1,1,1
6506,2024,157488,1,1,1,1,1,1,1
6507,2024,61267,1,1,1,2,1,1,1
6508,2024,223500,1,1,1,1,1,4,1
6509,2024,94200,1,1,1,1,1,4,1
6510,2024,175392,1,1,1,1,1,1,1
6511,2024,122774,1,1,1,1,1,1,1
6512,2024,66000,1,1,1,3,2,5,1
6513,2024,36000,1,1,1,3,2,5,1
6514,2024,178200,1,1,1,2,1,3,1
6515,2024,81500,1,1,1,2,1,3,1
6516,2024,113500,1,1,1,3,1,1,1
6517,2024,187300,1,1,1,2,1,3,1
6518,2024,100900,1,1,1,2,1,3,1
6519,2024,153600,1,1,1,1,1,2,1
6520,2024,187000,1,2,1,1,1,2,1
6521,2024,124000,1,2,1,1,1,2,1
6522,2024,166400,1,1,1,1,1,2,1
6523,2024,242900,1,1,1,1,1,2,1
6524,2024,145700,1,1,1,1,1,2,1
6525,2024,71500,1,1,1,1,1,2,1
6526,2024,86320,1,1,1,2,1,2,1
6527,2024,81453,1,1,1,3,1,2,1
6528,2024,126170,1,1,1,3,1,2,1
6529,2024,97495,1,1,1,3,1,2,1
6530,2024,111425,1,1,1,2,1,2,1
6531,2024,66851,1,1,1,2,1,2,1
6532,2024,247800,1,1,1,2,1,2,1
6533,2024,246000,2,1,1,1,1,1,1
6534,2024,118000,2,1,1,1,1,1,1
6535,2024,310919,1,1,1,1,1,4,1
6536,2024,207279,1,1,1,1,1,4,1
6537,2024,167981,1,1,1,2,1,1,1
6538,2024,137439,1,1,1,2,1,1,1
6539,2024,107760,1,1,1,1,1,2,1
6540,2024,64160,1,1,1,1,1,2,1
6541,2024,175200,1,1,1,2,1,1,1
6542,2024,97300,1,1,1,2,1,1,1
6543,2024,217311,1,1,1,1,1,4,1
6544,2024,144501,1,1,1,1,1,4,1
6545,2024,112320,1,1,1,2,1,2,1
6546,2024,121100,1,1,1,2,1,2,1
6547,2024,71500,1,1,1,2,1,2,1
6548,2024,145300,1,1,1,1,1,2,1
6549,2024,72700,1,1,1,1,1,2,1
6550,2024,98153,2,1,1,3,1,2,1
6551,2024,57737,2,1,1,3,1,2,1
6552,2024,105000,1,1,1,1,1,3,1
6553,2024,146423,2,1,1,1,1,2,1
6554,2024,120973,2,1,1,1,1,2,1
6555,2024,189750,1,1,1,1,1,1,1
6556,2024,192100,2,1,1,3,1,2,1
6557,2024,52000,2,1,1,3,1,2,1
6558,2024,201250,1,1,1,1,1,4,1
6559,2024,154960,1,1,1,1,1,4,1
6560,2024,176300,1,1,1,1,1,5,1
6561,2024,97600,1,1,1,1,1,5,1
6562,2024,22300,1,1,1,1,1,2,1
6563,2024,145537,2,1,1,1,1,2,1
6564,2024,119076,2,1,1,1,1,2,1
6565,2024,333000,1,1,1,2,1,3,1
6566,2024,189000,1,1,1,2,1,3,1
6567,2024,219100,1,1,1,1,1,2,1
6568,2024,118500,1,1,1,1,1,2,1
6569,2024,228700,1,1,1,1,1,1,1
6570,2024,121800,1,1,1,1,1,1,1
6571,2024,178000,2,1,1,1,1,4,1
6572,2024,134000,2,1,1,1,1,4,1
6573,2024,75600,1,1,1,3,1,1,1
6574,2024,43888,1,1,1,3,1,1,1
6575,2024,142896,1,1,1,1,1,1,1
6576,2024,99208,1,1,1,1,1,1,1
6577,2024,90510,1,1,1,2,1,2,1
6578,2024,55530,1,1,1,2,1,2,1
6579,2024,234200,1,1,1,1,1,4,1
6580,2024,307900,1,2,1,1,1,1,1
6581,2024,178100,1,2,1,1,1,1,1
6582,2024,289400,1,1,1,1,1,2,1
6583,2024,206700,1,1,1,1,1,2,1
6584,2024,179200,1,1,1,4,1,2,1
6585,2024,290500,1,1,1,1,1,3,1
6586,2024,203800,1,1,1,4,1,1,1
6587,2024,170100,1,1,1,2,1,2,1
6588,2024,196500,1,1,1,2,1,2,1
6589,2024,97300,1,1,1,2,1,2,1
6590,2024,145000,2,1,1,2,1,2,1
6591,2024,155400,2,1,1,2,1,2,1
6592,2024,103600,2,1,1,2,1,2,1
6593,2024,158688,1,1,1,3,1,1,1
6594,2024,74652,1,1,1,3,1,1,1
6595,2024,152152,1,1,1,1,1,1,1
6596,2024,92144,1,1,1,1,1,1,1
6597,2024,264220,1,1,1,2,1,2,1
6598,2024,179000,2,1,1,3,2,2,1
6599,2024,112000,2,1,1,3,2,2,1
6600,2024,180000,2,1,1,1,1,6,1
6601,2024,122400,2,1,1,1,1,6,1
6602,2024,143500,2,1,1,2,1,2,1
6603,2024,103500,2,1,1,2,1,2,1
6604,2024,163000,2,1,1,1,1,4,1
6605,2024,154000,2,1,1,1,1,4,1
6606,2024,200000,1,1,1,4,1,1,1
6607,2024,170000,1,1,1,4,1,1,1
6608,2024,196500,1,1,1,2,1,1,1
6609,2024,97000,1,1,1,1,1,4,1
6610,2024,152152,2,1,1,1,1,1,1
6611,2024,92144,2,1,1,1,1,1,1
6612,2024,178200,1,1,1,2,1,4,1
6613,2024,74800,1,1,1,2,1,4,1
6614,2024,245000,2,1,1,1,1,6,1
6615,2024,166600,2,1,1,1,1,6,1
6616,2024,210000,2,1,1,1,1,6,1
6617,2024,142800,2,1,1,1,1,6,1
6618,2024,304000,1,1,1,1,1,4,1
6619,2024,375000,1,1,1,2,1,1,1
6620,2024,168000,2,1,1,1,1,1,1
6621,2024,96000,2,1,1,1,1,1,1
6622,2024,265000,1,1,1,2,1,1,1
6623,2024,185630,1,1,1,2,1,2,1
6624,2024,203280,2,1,1,2,1,2,1
6625,2024,173953,2,1,1,2,1,2,1
6626,2024,247100,1,1,1,1,1,2,1
6627,2024,175500,1,1,1,1,1,2,1
6628,2024,79400,1,1,1,3,1,2,1
6629,2024,244900,1,1,1,4,1,3,1
6630,2024,163300,1,1,1,4,1,3,1
6631,2024,144900,1,1,1,1,1,2,1
6632,2024,97300,1,1,1,1,1,2,1
6633,2024,84000,1,1,1,3,1,1,1
6634,2024,72750,1,1,1,3,1,2,1
6635,2024,235700,1,1,1,1,1,1,1
6636,2024,167800,1,1,1,1,1,1,1
6637,2024,194000,1,1,1,1,1,3,1
6638,2024,343900,1,1,1,1,1,3,1
6639,2024,206300,1,1,1,1,1,3,1
6640,2024,120750,1,1,1,1,1,2,1
6641,2024,92000,1,1,1,1,1,2,1
6642,2024,206100,1,1,1,2,1,1,1
6643,2024,114500,1,1,1,2,1,1,1
6644,2024,291000,1,2,1,2,1,1,1
6645,2024,193000,1,2,1,2,1,1,1
6646,2024,60400,1,1,1,1,1,1,1
6647,2024,113000,1,1,1,1,1,1,1
6648,2024,251600,2,1,1,2,1,1,1
6649,2024,217311,2,1,1,1,1,1,1
6650,2024,144501,2,1,1,1,1,1,1
6651,2024,139360,1,1,1,1,1,2,1
6652,2024,186800,2,1,1,2,1,2,1
6653,2024,108900,2,1,1,2,1,2,1
6654,2024,236872,1,1,1,1,1,5,1
6655,2024,148045,1,1,1,1,1,5,1
6656,2024,312686,2,1,1,4,1,2,1
6657,2024,195804,2,1,1,4,1,2,1
6658,2024,118100,1,1,1,2,1,2,1
6659,2024,53500,1,1,1,2,1,2,1
6660,2024,142140,1,1,1,1,1,2,1
6661,2024,357900,1,1,1,1,1,1,1
6662,2024,189400,1,1,1,1,1,1,1
6663,2024,147877,1,1,1,2,1,2,1
6664,2024,92423,1,1,1,2,1,2,1
6665,2024,176000,1,1,1,2,1,4,1
6666,2024,146307,1,1,1,2,1,4,1
6667,2024,85500,1,1,1,2,1,4,1
6668,2024,247250,1,1,1,1,1,1,1
6669,2024,60000,1,1,1,3,1,3,1
6670,2024,56000,1,1,1,3,1,3,1
6671,2024,109000,1,1,1,3,1,2,1
6672,2024,198072,1,1,1,1,1,3,1
6673,2024,141480,1,1,1,1,1,3,1
6674,2024,187800,1,1,1,1,1,2,1
6675,2024,125200,1,1,1,1,1,2,1
6676,2024,116100,1,1,1,1,1,2,1
6677,2024,69700,1,1,1,1,1,2,1
6678,2024,168084,1,1,1,2,1,1,1
6679,2024,120060,1,1,1,2,1,1,1
6680,2024,198072,1,1,1,1,1,4,1
6681,2024,141480,1,1,1,1,1,4,1
6682,2024,40000,1,1,1,3,1,2,1
6683,2024,220900,2,1,1,4,1,4,1
6684,2024,122200,2,1,1,4,1,4,1
6685,2024,185123,1,1,1,3,1,1,1
6686,2024,123419,1,1,1,3,1,1,1
6687,2024,116000,1,1,1,3,1,2,1
6688,2024,175000,2,1,1,2,1,4,1
6689,2024,148800,2,1,1,2,1,4,1
6690,2024,215050,1,1,1,1,1,4,1
6691,2024,156400,1,1,1,1,1,4,1
6692,2024,80000,2,1,1,2,1,3,1
6693,2024,275000,2,1,1,1,1,3,1
6694,2024,162900,1,1,1,1,1,1,1
6695,2024,184800,1,1,1,2,1,2,1
6696,2024,123200,1,1,1,2,1,2,1
6697,2024,385000,1,1,1,1,1,4,1
6698,2024,201000,2,1,1,2,1,2,1
6699,2024,145850,2,1,1,1,1,2,1
6700,2024,125800,2,1,1,3,1,2,1
6701,2024,45000,2,1,1,3,1,2,1
6702,2024,71500,1,1,1,3,1,2,1
6703,2024,62500,1,1,1,3,1,2,1
6704,2024,235200,1,1,1,1,1,2,1
6705,2024,156800,1,1,1,1,1,2,1
6706,2024,245000,2,1,1,1,1,2,1
6707,2024,207750,1,1,1,1,1,3,1
6708,2024,151200,1,1,1,1,1,3,1
6709,2024,190000,2,1,1,2,1,3,1
6710,2024,155000,2,1,1,2,1,3,1
6711,2024,265000,1,1,1,1,1,6,1
6712,2024,200000,1,1,1,1,1,6,1
6713,2024,202550,1,1,1,2,1,1,1
6714,2024,163950,1,1,1,2,1,1,1
6715,2024,290000,1,1,1,4,1,1,1
6716,2024,220000,1,1,1,4,1,1,1
6717,2024,245000,1,1,1,2,1,4,1
6718,2024,174915,2,1,1,1,1,1,1
6719,2024,114800,2,1,1,1,1,1,1
6720,2024,235200,1,1,1,1,1,4,1
6721,2024,156800,1,1,1,1,1,4,1
6722,2024,285000,1,1,1,2,1,1,1
6723,2024,217000,1,1,1,1,1,4,1
6724,2024,299000,1,2,1,1,1,4,1
6725,2024,199000,1,2,1,1,1,4,1
6726,2024,226900,1,1,1,1,1,4,1
6727,2024,151300,1,1,1,1,1,4,1
6728,2024,293800,1,1,1,1,1,2,1
6729,2024,165500,1,1,1,1,1,2,1
6730,2024,77000,1,1,1,2,1,2,1
6731,2024,158500,1,1,1,1,1,1,1
6732,2024,129700,1,1,1,1,1,1,1
6733,2024,109700,1,1,1,3,1,2,1
6734,2024,57798,1,1,1,3,1,2,1
6735,2024,285900,1,1,1,2,1,2,1
6736,2024,164200,1,1,1,2,1,2,1
6737,2024,183600,1,1,1,2,1,4,1
6738,2024,121900,1,1,1,2,1,4,1
6739,2024,183600,1,1,1,3,1,4,1
6740,2024,121900,1,1,1,3,1,4,1
6741,2024,170200,1,1,1,1,1,1,1
6742,2024,178200,1,1,1,1,1,4,1
6743,2024,74800,1,1,1,1,1,4,1
6744,2024,103685,1,1,1,1,1,4,1
6745,2024,101083,1,1,1,2,1,1,1
6746,2024,128000,1,1,1,2,1,4,1
6747,2024,83028,1,1,1,2,1,4,1
6748,2024,158000,1,1,1,1,1,1,1
6749,2024,102000,1,1,1,1,1,2,1
6750,2024,92700,1,1,1,2,1,2,1
6751,2024,74100,1,1,1,2,1,2,1
6752,2024,238650,2,1,1,1,1,1,1
6753,2024,143800,2,1,1,2,1,2,1
6754,2024,95900,2,1,1,2,1,2,1
6755,2024,163700,1,1,1,2,1,2,1
6756,2024,109100,1,1,1,2,1,2,1
6757,2024,119200,2,1,1,3,1,2,1
6758,2024,86600,2,1,1,3,1,2,1
6759,2024,92560,2,1,1,1,1,2,1
6760,2024,69200,2,1,1,1,1,5,1
6761,2024,156390,1,1,1,1,1,2,1
6762,2024,69930,1,1,1,1,1,2,1
6763,2024,65625,1,1,1,1,1,2,1
6764,2024,123000,1,1,1,2,1,3,1
6765,2024,54000,1,1,1,2,1,3,1
6766,2024,202400,1,1,1,1,1,4,1
6767,2024,186160,1,1,1,2,1,4,1
6768,2024,176520,2,1,1,1,1,1,1
6769,2024,105070,2,1,1,1,1,1,1
6770,2024,160440,1,1,1,2,1,2,1
6771,2024,230589,1,1,1,1,1,2,1
6772,2024,100917,1,1,1,1,1,2,1
6773,2024,92500,1,1,1,2,1,2,1
6774,2024,187415,1,1,1,1,1,2,1
6775,2024,114080,1,1,1,1,1,2,1
6776,2024,217311,1,1,1,1,1,2,1
6777,2024,144501,1,1,1,1,1,2,1
6778,2024,69000,1,1,1,1,1,2,1
6779,2024,425500,1,1,1,1,1,2,1
6780,2024,77000,1,1,1,2,1,3,1
6781,2024,253000,1,1,1,3,1,1,1
6782,2024,115100,1,1,1,1,1,4,1
6783,2024,76700,1,1,1,1,1,4,1
6784,2024,139360,2,1,1,2,1,1,1
6785,2024,86840,2,1,1,2,1,1,1
6786,2024,219100,1,1,1,3,1,3,1
6787,2024,118500,1,1,1,3,1,3,1
6788,2024,317690,1,1,1,1,1,2,1
6789,2024,189100,1,1,1,1,1,2,1
6790,2024,157650,1,1,1,1,1,2,1
6791,2024,220600,2,1,1,1,1,2,1
6792,2024,131290,2,1,1,1,1,2,1
6793,2024,165600,1,1,1,2,1,2,1
6794,2024,249600,2,1,1,1,1,4,1
6795,2024,166400,2,1,1,1,1,4,1
6796,2024,73900,1,1,1,1,1,2,1
6797,2024,78900,1,1,1,1,1,4,1
6798,2024,55405,2,1,1,3,2,3,1
6799,2024,32591,2,1,1,3,2,3,1
6800,2024,221100,1,1,1,2,1,1,1
6801,2024,114700,1,1,1,2,1,1,1
6802,2024,219000,1,1,1,1,1,1,1
6803,2024,285200,1,1,1,1,1,4,1
6804,2024,189000,1,1,1,2,1,1,1
6805,2024,342844,2,1,1,2,1,1,1
6806,2024,166694,2,1,1,2,1,1,1
6807,2024,386100,1,1,1,1,1,3,1
6808,2024,207900,1,1,1,1,1,3,1
6809,2024,218900,1,1,1,1,1,1,1
6810,2024,157590,1,1,1,1,1,1,1
6811,2024,260000,2,1,1,4,1,2,1
6812,2024,235000,2,1,1,4,1,2,1
6813,2024,239800,1,1,1,1,1,2,1
6814,2024,191240,1,1,1,1,1,2,1
6815,2024,280000,2,1,1,1,1,2,1
6816,2024,84132,1,1,1,2,1,1,1
6817,2024,56088,1,1,1,2,1,1,1
6818,2024,149800,2,1,1,1,1,1,1
6819,2024,67590,1,1,1,2,1,1,1
6820,2024,174800,1,1,1,4,1,4,1
6821,2024,132000,2,1,1,1,1,2,1
6822,2024,167000,2,1,1,1,1,4,1
6823,2024,109000,2,1,1,1,1,4,1
6824,2024,180240,1,1,1,1,1,4,1
6825,2024,225600,1,1,1,1,1,4,1
6826,2024,91000,1,1,1,3,1,2,1
6827,2024,200400,2,1,1,4,1,1,1
6828,2024,145800,2,1,1,4,1,1,1
6829,2024,282900,2,1,1,1,1,2,1
6830,2024,177100,2,1,1,1,1,2,1
6831,2024,157850,1,1,1,1,1,2,1
6832,2024,102500,1,1,1,1,1,2,1
6833,2024,157850,2,1,1,2,1,1,1
6834,2024,102500,2,1,1,2,1,1,1
6835,2024,341700,1,1,1,1,1,3,1
6836,2024,177688,1,1,1,1,1,3,1
6837,2024,249000,1,1,1,2,1,6,1
6838,2024,173000,1,1,1,2,1,6,1
6839,2024,251000,2,1,1,1,1,4,1
6840,2024,170200,2,1,1,1,1,4,1
6841,2024,208000,2,1,1,1,1,4,1
6842,2024,141340,2,1,1,1,1,4,1
6843,2024,293000,1,1,1,1,1,1,1
6844,2024,173000,2,1,1,1,1,2,1
6845,2024,259000,2,1,1,1,1,1,1
6846,2024,203000,1,1,1,2,1,1,1
6847,2024,173000,1,1,1,1,1,4,1
6848,2024,112500,1,1,1,1,1,4,1
6849,2024,209000,2,1,1,1,1,1,1
6850,2024,101000,2,1,1,1,1,1,1
6851,2024,141340,1,1,1,1,1,4,1
6852,2024,77988,1,1,1,3,1,2,1
6853,2024,305000,1,1,1,1,1,4,1
6854,2024,145500,1,1,1,3,1,2,1
6855,2024,87500,1,1,1,3,1,2,1
6856,2024,218000,1,1,1,4,1,1,1
6857,2024,340300,1,2,1,1,1,1,1
6858,2024,196900,1,2,1,1,1,1,1
6859,2024,232320,2,1,1,2,1,1,1
6860,2024,154000,2,1,1,2,1,1,1
6861,2024,159000,2,1,1,2,1,4,1
6862,2024,302940,1,1,1,1,1,1,1
6863,2024,136000,2,1,1,1,1,3,1
6864,2024,80000,2,1,1,3,1,3,1
6865,2024,92600,1,1,1,2,1,2,1
6866,2024,117875,2,1,1,2,1,2,1
6867,2024,81000,2,1,1,2,1,2,1
6868,2024,318090,1,1,1,2,1,1,1
6869,2024,154500,2,1,1,3,1,2,1
6870,2024,131325,2,1,1,3,1,2,1
6871,2024,106500,2,1,1,1,1,2,1
6872,2024,132000,1,1,1,3,3,2,1
6873,2024,149026,1,1,1,3,1,2,1
6874,2024,102477,1,1,1,3,1,2,1
6875,2024,196075,1,1,1,1,1,6,1
6876,2024,125500,1,1,1,1,1,6,1
6877,2024,166800,1,1,1,2,1,1,1
6878,2024,139000,1,1,1,2,1,1,1
6879,2024,340000,1,1,1,1,1,1,1
6880,2024,315000,1,1,1,1,1,1,1
6881,2024,144000,1,1,1,1,1,6,1
6882,2024,232000,1,1,1,2,1,1,1
6883,2024,192000,1,1,1,2,1,4,1
6884,2024,111300,1,1,1,1,1,1,1
6885,2024,84100,1,1,1,1,1,1,1
6886,2024,105000,1,1,1,1,1,6,1
6887,2024,95000,1,1,1,1,1,6,1
6888,2024,309000,1,1,1,1,1,1,1
6889,2024,206000,1,1,1,1,1,1,1
6890,2024,285000,1,1,1,1,1,4,1
6891,2024,183000,1,1,1,2,1,6,1
6892,2024,122000,1,1,1,2,1,6,1
6893,2024,269000,1,1,1,1,1,4,1
6894,2024,130000,2,1,1,1,1,6,1
6895,2024,132100,1,1,1,1,1,2,1
6896,2024,93700,1,1,1,1,1,2,1
6897,2024,156000,2,1,1,1,1,2,1
6898,2024,278000,1,1,1,2,1,1,1
6899,2024,248000,1,1,1,1,1,4,1
6900,2024,160000,2,1,1,2,1,4,1
6901,2024,175000,1,1,1,1,1,3,1
6902,2024,218000,1,1,1,1,1,1,1
6903,2024,72000,2,1,1,1,1,2,1
6904,2024,201884,1,1,1,2,1,2,1
6905,2024,267600,1,1,1,1,1,2,1
6906,2024,178400,1,1,1,1,1,2,1
6907,2024,150000,1,1,1,1,3,1,1
6908,2024,120000,1,1,1,1,3,1,1
6909,2024,170000,2,1,1,4,1,1,1
6910,2024,160000,2,1,1,4,1,1,1
6911,2024,184000,1,1,1,2,1,4,1
6912,2024,205500,1,1,1,2,1,1,1
6913,2024,117800,1,1,1,2,1,1,1
6914,2024,182608,1,1,1,2,1,4,1
6915,2024,115000,1,1,1,3,1,1,1
6916,2024,96200,2,1,1,2,1,1,1
6917,2024,69800,2,1,1,2,1,1,1
6918,2024,132000,2,1,1,1,1,5,1
6919,2024,97000,2,1,1,1,1,5,1
6920,2024,242000,1,1,1,1,1,5,1
6921,2024,123000,1,1,1,1,1,5,1
6922,2024,99200,2,1,1,3,1,1,1
6923,2024,69400,2,1,1,3,1,1,1
6924,2024,79595,1,1,1,4,1,2,1
6925,2024,51352,1,1,1,4,1,2,1
6926,2024,312866,1,1,1,1,1,2,1
6927,2024,167537,1,1,1,1,1,2,1
6928,2024,141000,1,1,1,2,1,5,1
6929,2024,84600,1,1,1,2,1,5,1
6930,2024,179825,1,1,1,1,1,5,1
6931,2024,107925,1,1,1,1,1,5,1
6932,2024,114996,1,2,1,2,1,4,1
6933,2024,91997,1,2,1,2,1,4,1
6934,2024,87100,1,1,1,2,1,4,1
6935,2024,55000,1,1,1,3,1,1,1
6936,2024,268000,1,2,1,1,1,1,1
6937,2024,160000,1,2,1,1,1,1,1
6938,2024,130920,1,1,1,2,1,2,1
6939,2024,87280,1,1,1,2,1,2,1
6940,2024,106848,1,1,1,2,1,2,1
6941,2024,76320,1,1,1,2,1,2,1
6942,2024,132804,1,1,1,1,1,2,1
6943,2024,94860,1,1,1,1,1,2,1
6944,2024,144200,1,1,1,2,1,2,1
6945,2024,51824,1,1,1,3,1,2,1
6946,2024,116040,1,1,1,3,1,2,1
6947,2024,77360,1,1,1,3,1,2,1
6948,2024,139900,1,1,1,3,1,2,1
6949,2024,78800,1,1,1,3,1,2,1
6950,2024,115200,1,1,1,1,1,2,1
6951,2024,211500,1,1,1,1,1,1,1
6952,2024,122800,1,1,1,3,1,5,1
6953,2024,53600,1,1,1,3,1,5,1
6954,2024,204000,1,1,1,2,1,2,1
6955,2024,119100,1,1,1,1,1,4,1
6956,2024,168276,1,1,1,2,1,3,1
6957,2024,112184,1,1,1,2,1,3,1
6958,2024,133500,1,1,1,3,1,3,1
6959,2024,110000,1,1,1,3,1,3,1
6960,2024,270000,1,1,1,1,1,3,1
6961,2024,70000,2,1,1,1,1,4,1
6962,2024,169700,2,1,1,1,1,5,1
6963,2024,118800,2,1,1,1,1,5,1
6964,2024,79200,2,1,1,1,1,2,1
6965,2024,410000,1,1,1,2,1,1,1
6966,2024,224000,1,1,1,2,1,1,1
6967,2024,149000,1,1,1,2,1,3,1
6968,2024,93000,1,1,1,2,1,3,1
6969,2024,191100,1,1,1,1,1,4,1
6970,2024,136038,1,1,1,1,1,4,1
6971,2024,360200,1,1,1,2,1,3,1
6972,2024,197400,1,1,1,2,1,3,1
6973,2024,43920,1,1,1,3,1,2,1
6974,2024,170200,1,1,1,1,1,4,1
6975,2024,110240,1,1,1,3,1,2,1
6976,2024,167000,1,1,1,1,1,2,1
6977,2024,178200,1,1,1,1,1,1,1
6978,2024,74800,1,1,1,1,1,1,1
6979,2024,89305,1,1,1,3,1,2,1
6980,2024,103100,1,1,1,2,1,2,1
6981,2024,76200,1,1,1,2,1,2,1
6982,2024,120400,1,1,1,2,1,2,1
6983,2024,145800,1,1,1,3,1,2,1
6984,2024,83300,1,1,1,3,1,2,1
6985,2024,268900,1,1,1,1,1,2,1
6986,2024,187300,1,1,1,2,1,4,1
6987,2024,87200,1,1,1,2,1,4,1
6988,2024,161300,1,1,1,2,1,2,1
6989,2024,107300,1,1,1,2,1,2,1
6990,2024,207992,1,1,1,2,1,4,1
6991,2024,99000,1,1,1,3,1,1,1
6992,2024,118612,1,1,1,2,1,4,1
6993,2024,65811,1,1,1,2,1,1,1
6994,2024,75300,1,1,1,2,1,2,1
6995,2024,224880,1,1,1,1,1,2,1
6996,2024,121500,1,1,1,1,1,2,1
6997,2024,204000,2,1,1,1,1,2,1
6998,2024,163000,2,1,1,1,1,2,1
6999,2024,217100,1,1,1,1,1,2,1
7000,2024,116900,1,1,1,1,1,2,1
7001,2024,150327,1,1,1,2,1,2,1
7002,2024,89139,1,1,1,2,1,2,1
7003,2024,209300,1,1,1,1,1,2,1
7004,2024,202300,2,1,1,1,1,1,1
7005,2024,126700,2,1,1,1,1,1,1
7006,2024,186000,1,1,1,2,1,4,1
7007,2024,356500,1,1,1,1,1,1,1
7008,2024,142500,1,1,1,3,1,2,1
7009,2024,158400,2,1,1,2,1,4,1
7010,2024,91800,2,1,1,2,1,4,1
7011,2024,60800,1,1,1,2,1,4,1
7012,2024,97100,1,1,1,2,1,1,1
7013,2024,222500,1,1,1,1,1,5,1
7014,2024,374350,1,1,1,1,1,3,1
7015,2024,222830,1,1,1,1,1,3,1
7016,2024,234200,1,1,1,1,1,3,1
7017,2024,346800,1,1,1,4,1,3,1
7018,2024,174100,1,1,1,4,1,3,1
7019,2024,113364,1,1,1,3,1,2,1
7020,2024,73752,1,1,1,3,1,2,1
7021,2024,165300,1,1,1,2,1,2,1
7022,2024,78700,1,1,1,2,1,2,1
7023,2024,129000,1,1,1,1,1,4,1
7024,2024,110500,1,1,1,1,1,2,1
7025,2024,240640,1,1,1,1,1,2,1
7026,2024,197760,1,1,1,1,1,2,1
7027,2024,208900,1,1,1,1,1,1,1
7028,2024,117120,2,1,1,2,1,4,1
7029,2024,95825,2,1,1,2,1,4,1
7030,2024,160000,1,1,1,3,1,2,1
7031,2024,151400,1,2,1,2,1,1,1
7032,2024,67700,1,2,1,2,1,1,1
7033,2024,200800,1,1,1,1,1,1,1
7034,2024,357600,2,1,1,1,1,2,1
7035,2024,208600,2,1,1,1,1,2,1
7036,2024,357600,1,1,1,1,1,2,1
7037,2024,208600,1,1,1,1,1,2,1
7038,2024,210000,2,1,1,2,1,3,1
7039,2024,142000,2,1,1,2,1,3,1
7040,2024,233840,1,1,1,1,1,3,1
7041,2024,189110,1,1,1,1,1,3,1
7042,2024,280000,1,1,1,1,1,3,1
7043,2024,159750,1,1,1,1,1,3,1
7044,2024,94200,1,1,1,1,1,2,1
7045,2024,266400,2,1,1,1,1,2,1
7046,2024,183700,2,1,1,1,1,2,1
7047,2024,185000,2,1,1,1,1,6,1
7048,2024,115000,2,1,1,1,1,5,1
7049,2024,122500,1,1,1,2,1,2,1
7050,2024,159000,1,1,1,2,1,2,1
7051,2024,134275,2,1,1,2,1,2,1
7052,2024,92700,2,1,1,2,1,2,1
7053,2024,112300,1,1,1,1,1,2,1
7054,2024,113300,1,1,1,1,1,1,1
7055,2024,133700,2,1,1,2,1,3,1
7056,2024,94900,2,1,1,2,1,3,1
7057,2024,197700,2,1,1,1,1,1,1
7058,2024,190000,2,1,1,3,1,1,1
7059,2024,165000,2,1,1,3,1,1,1
7060,2024,166900,1,1,1,1,1,1,1
7061,2024,94300,1,1,1,1,1,1,1
7062,2024,136000,2,1,1,1,1,1,1
7063,2024,255000,2,1,1,1,1,5,1
7064,2024,163944,1,1,1,2,1,1,1
7065,2024,136620,1,1,1,2,1,1,1
7066,2024,254856,1,1,1,2,1,1,1
7067,2024,250000,1,1,1,3,1,3,1
7068,2024,145000,1,1,1,3,1,3,1
7069,2024,232000,1,1,1,2,1,4,1
7070,2024,199800,1,1,1,1,1,3,1
7071,2024,278900,1,1,1,1,1,2,1
7072,2024,275000,1,1,1,1,1,2,1
7073,2024,213840,1,1,1,1,1,1,1
7074,2024,116940,1,1,1,3,1,2,1
7075,2024,80256,1,1,1,3,1,2,1
7076,2024,144320,1,1,1,2,1,2,1
7077,2024,104960,1,1,1,2,1,2,1
7078,2024,240000,1,1,1,2,1,2,1
7079,2024,171000,1,1,1,2,1,2,1
7080,2024,211800,1,1,1,1,1,1,1
7081,2024,87768,2,1,1,3,1,2,1
7082,2024,66240,2,1,1,3,1,2,1
7083,2024,78998,1,1,1,2,1,2,1
7084,2024,56264,1,1,1,2,1,2,1
7085,2024,221100,1,1,1,2,1,2,1
7086,2024,202233,1,1,1,2,1,2,1
7087,2024,125000,1,1,1,1,1,6,1
7088,2024,100000,1,1,1,1,1,6,1
7089,2024,201000,1,1,1,1,1,1,1
7090,2024,94200,1,1,1,3,1,2,1
7091,2024,393300,1,1,1,1,1,1,1
7092,2024,199500,1,1,1,1,1,1,1
7093,2024,68123,1,1,1,2,1,1,1
7094,2024,103685,1,1,1,1,1,1,1
7095,2024,56566,1,1,1,3,1,1,1
7096,2024,126017,1,1,1,1,1,1,1
7097,2024,180024,1,1,1,1,1,4,1
7098,2024,126017,1,1,1,1,1,4,1
7099,2024,80808,1,1,1,2,1,4,1
7100,2024,56566,1,1,1,2,1,4,1
7101,2024,211800,2,1,1,1,1,1,1
7102,2024,129800,2,1,1,1,1,1,1
7103,2024,107590,1,1,1,2,1,2,1
7104,2024,82764,1,1,1,2,1,2,1
7105,2024,105000,2,1,1,1,1,4,1
7106,2024,93900,1,1,1,3,1,2,1
7107,2024,65100,1,1,1,3,1,2,1
7108,2024,139300,2,1,1,2,1,1,1
7109,2024,128000,1,1,1,2,1,6,1
7110,2024,64000,1,1,1,2,1,6,1
7111,2024,163000,1,1,1,1,1,6,1
7112,2024,77000,1,1,1,1,1,6,1
7113,2024,163125,1,1,1,3,1,2,1
7114,2024,97875,1,1,1,3,1,2,1
7115,2024,209657,1,1,1,1,1,1,1
7116,2024,106250,1,1,1,1,1,1,1
7117,2024,162800,1,1,1,1,1,1,1
7118,2024,99800,1,1,1,1,1,1,1
7119,2024,89600,1,1,1,2,1,2,1
7120,2024,61800,1,1,1,2,1,2,1
7121,2024,147400,1,1,1,2,1,2,1
7122,2024,60900,1,1,1,2,1,2,1
7123,2024,379500,1,1,1,1,1,2,1
7124,2024,72200,1,1,1,1,1,2,1
7125,2024,339250,1,1,1,1,1,3,1
7126,2024,101365,2,1,1,2,1,2,1
7127,2024,90459,2,1,1,2,1,2,1
7128,2024,117400,1,1,1,1,1,2,1
7129,2024,214500,1,1,1,1,1,1,1
7130,2024,131400,1,1,1,1,1,5,1
7131,2024,87600,1,1,1,1,1,5,1
7132,2024,178880,1,1,1,1,1,1,1
7133,2024,95264,1,1,1,1,1,1,1
7134,2024,230000,1,1,1,3,1,1,1
7135,2024,148000,1,1,1,3,1,1,1
7136,2024,247250,1,1,1,1,1,2,1
7137,2024,182750,1,1,1,1,1,2,1
7138,2024,260850,2,1,1,1,1,2,1
7139,2024,374350,2,1,1,4,1,2,1
7140,2024,222830,2,1,1,4,1,2,1
7141,2024,155900,1,1,1,1,1,2,1
7142,2024,128800,1,1,1,3,1,2,1
7143,2024,162540,1,1,1,1,1,2,1
7144,2024,108360,1,1,1,1,1,2,1
7145,2024,366000,1,1,1,1,1,1,1
7146,2024,129400,1,1,1,1,1,2,1
7147,2024,94000,1,1,1,3,1,4,1
7148,2024,295000,2,1,1,1,1,1,1
7149,2024,213200,2,1,1,1,1,1,1
7150,2024,183600,1,1,1,1,1,1,1
7151,2024,177000,1,2,1,1,1,1,1
7152,2024,117000,1,2,1,1,1,1,1
7153,2024,147000,1,2,1,2,1,4,1
7154,2024,117600,1,2,1,2,1,4,1
7155,2024,250800,1,1,1,1,1,3,1
7156,2024,167200,1,1,1,1,1,3,1
7157,2024,203620,1,1,1,1,1,2,1
7158,2024,127260,1,1,1,1,1,2,1
7159,2024,304000,2,1,1,1,1,3,1
7160,2024,244000,2,1,1,1,1,3,1
7161,2024,267720,1,1,1,1,1,3,1
7162,2024,198800,1,1,1,1,1,1,1
7163,2024,159000,1,1,1,1,1,1,1
7164,2024,163100,2,1,1,2,1,4,1
7165,2024,260000,2,1,1,1,1,1,1
7166,2024,235000,2,1,1,1,1,2,1
7167,2024,162528,1,1,1,1,1,2,1
7168,2024,83640,1,1,1,1,1,2,1
7169,2024,156000,2,1,1,1,1,3,1
7170,2024,162240,1,1,1,2,1,4,1
7171,2024,97344,1,1,1,2,1,4,1
7172,2024,152375,2,1,1,1,1,1,1
7173,2024,94000,2,1,1,1,1,1,1
7174,2024,125400,1,1,1,2,1,5,1
7175,2024,64000,1,1,1,2,1,5,1
7176,2024,153500,1,1,1,2,1,4,1
7177,2024,122800,1,1,1,2,1,4,1
7178,2024,205000,1,1,1,4,1,1,1
7179,2024,166000,1,1,1,4,1,1,1
7180,2024,195800,2,1,1,1,1,4,1
7181,2024,253800,1,1,1,1,1,4,1
7182,2024,180700,1,1,1,1,1,4,1
7183,2024,231110,1,1,1,1,1,3,1
7184,2024,164492,1,1,1,1,1,3,1
7185,2024,204000,1,1,1,1,1,2,1
7186,2024,219200,1,1,1,2,1,2,1
7187,2024,259000,1,1,1,2,1,2,1
7188,2024,124300,1,1,1,2,1,2,1
7189,2024,109000,1,1,1,2,1,1,1
7190,2024,69240,1,1,1,2,1,1,1
7191,2024,130591,2,1,1,2,1,2,1
7192,2024,102424,2,1,1,2,1,2,1
7193,2024,253800,1,1,1,1,1,2,1
7194,2024,180700,1,1,1,1,1,2,1
7195,2024,133500,2,1,1,3,1,2,1
7196,2024,63700,2,1,1,3,1,2,1
7197,2024,173100,1,1,1,2,1,1,1
7198,2024,280200,1,1,1,2,1,3,1
7199,2024,140700,1,1,1,2,1,3,1
7200,2024,103800,1,1,1,1,1,1,1
7201,2024,157700,1,1,1,2,1,4,1
7202,2024,112200,1,1,1,2,1,4,1
7203,2024,139000,1,1,1,2,1,5,1
7204,2024,94500,1,1,1,2,1,5,1
7205,2024,87300,1,1,1,2,1,2,1
7206,2024,68900,1,1,1,2,1,2,1
7207,2024,157500,1,1,1,2,1,3,1
7208,2024,132500,1,1,1,2,1,3,1
7209,2024,66800,2,1,1,3,1,2,1
7210,2024,62000,1,1,1,3,1,1,1
7211,2024,194180,2,1,1,1,1,1,1
7212,2024,115590,2,1,1,1,1,1,1
7213,2024,96600,1,1,1,1,1,5,1
7214,2024,88000,1,1,1,1,1,1,1
7215,2024,80000,1,1,1,1,1,1,1
7216,2024,142800,1,1,1,4,1,2,1
7217,2024,118500,1,1,1,4,1,2,1
7218,2024,210470,1,1,1,1,1,2,1
7219,2024,113330,1,1,1,1,1,2,1
7220,2024,111000,1,1,1,3,1,2,1
7221,2024,246200,1,1,1,2,1,2,1
7222,2024,179700,1,1,1,2,1,2,1
7223,2024,85700,1,1,1,2,1,2,1
7224,2024,158620,1,1,1,3,1,4,1
7225,2024,79310,1,1,1,3,1,4,1
7226,2024,52500,1,1,1,2,1,2,1
7227,2024,86664,1,1,1,2,1,2,1
7228,2024,145300,1,1,1,3,1,2,1
7229,2024,72700,1,1,1,3,1,2,1
7230,2024,308000,1,1,1,1,1,1,1
7231,2024,250700,1,1,1,1,1,2,1
7232,2024,151900,1,1,1,1,1,2,1
7233,2024,276000,1,1,1,1,1,2,1
7234,2024,206333,1,1,1,1,1,2,1
7235,2024,137658,1,1,1,1,1,2,1
7236,2024,135000,1,1,1,4,1,2,1
7237,2024,118900,1,1,1,1,1,2,1
7238,2024,162468,1,1,1,1,1,1,1
7239,2024,87483,1,1,1,1,1,1,1
7240,2024,195700,1,1,1,2,1,3,1
7241,2024,97700,1,1,1,2,1,3,1
7242,2024,212160,1,1,1,2,1,1,1
7243,2024,141440,1,1,1,2,1,1,1
7244,2024,155250,1,1,1,1,1,2,1
7245,2024,114750,1,1,1,1,1,2,1
7246,2024,80500,1,1,1,3,1,2,1
7247,2024,59500,1,1,1,3,1,2,1
7248,2024,188600,1,1,1,1,1,4,1
7249,2024,170227,1,1,1,1,1,4,1
7250,2024,160000,1,1,1,1,2,2,1
7251,2024,150000,1,1,1,1,2,2,1
7252,2024,101000,2,1,1,1,1,2,1
7253,2024,197000,1,1,1,1,1,5,1
7254,2024,131000,1,1,1,1,1,5,1
7255,2024,140625,1,1,1,1,1,2,1
7256,2024,139800,1,1,1,1,1,5,1
7257,2024,187675,1,1,1,1,1,2,1
7258,2024,61600,1,1,1,1,1,2,1
7259,2024,265000,2,1,1,1,1,4,1
7260,2024,269825,1,1,1,1,1,1,1
7261,2024,179500,1,1,1,1,1,1,1
7262,2024,340000,1,1,1,2,1,1,1
7263,2024,291900,1,1,1,1,1,2,1
7264,2024,139300,1,1,1,1,1,2,1
7265,2024,174000,1,1,1,1,1,3,1
7266,2024,108750,1,1,1,1,1,3,1
7267,2024,259700,1,1,1,3,1,3,1
7268,2024,173100,1,1,1,3,1,3,1
7269,2024,257500,2,1,1,1,1,1,1
7270,2024,162500,2,1,1,1,1,1,1
7271,2024,265000,2,1,1,1,1,1,1
7272,2024,215000,2,1,1,1,1,5,1
7273,2024,112500,1,1,1,2,1,2,1
7274,2024,194000,1,1,1,2,1,4,1
7275,2024,165900,1,1,1,2,1,4,1
7276,2024,283000,2,1,1,1,1,4,1
7277,2024,212000,2,1,1,1,1,4,1
7278,2024,440000,1,1,1,1,1,6,1
7279,2024,360000,1,1,1,1,1,6,1
7280,2024,211200,1,1,1,1,1,2,1
7281,2024,85000,1,1,1,2,1,5,1
7282,2024,165000,1,1,1,1,1,6,1
7283,2024,145000,1,1,1,1,1,6,1
7284,2024,70000,1,1,1,2,1,4,1
7285,2024,229900,2,1,1,2,1,6,1
7286,2024,164200,2,1,1,2,1,6,1
7287,2024,296300,1,1,1,2,1,1,1
7288,2024,166600,1,1,1,2,1,1,1
7289,2024,234700,1,1,1,2,1,2,1
7290,2024,209660,1,1,1,1,1,1,1
7291,2024,149240,1,1,1,1,1,1,1
7292,2024,168888,1,1,1,2,1,2,1
7293,2024,101080,1,1,1,2,1,2,1
7294,2024,128355,1,1,1,2,1,2,1
7295,2024,82222,1,1,1,2,1,2,1
7296,2024,146000,1,1,1,2,1,2,1
7297,2024,132700,1,1,1,3,1,2,1
7298,2024,92900,1,1,1,3,1,2,1
7299,2024,113500,1,1,1,3,1,3,1
7300,2024,109000,2,1,1,2,1,3,1
7301,2024,77900,2,1,1,2,1,3,1
7302,2024,157850,1,1,1,2,1,1,1
7303,2024,102500,1,1,1,2,1,1,1
7304,2024,178090,2,1,1,1,1,5,1
7305,2024,81978,2,1,1,1,1,5,1
7306,2024,202730,2,1,1,1,1,3,1
7307,2024,92118,2,1,1,1,1,3,1
7308,2024,116300,1,1,1,2,1,4,1
7309,2024,61200,1,1,1,2,1,4,1
7310,2024,290180,1,1,1,2,1,4,1
7311,2024,258524,1,1,1,2,1,4,1
7312,2024,63000,2,1,1,3,1,1,1
7313,2024,57000,2,1,1,3,1,1,1
7314,2024,148500,2,1,1,1,1,1,1
7315,2024,108000,2,1,1,1,1,1,1
7316,2024,214032,1,1,1,2,1,4,1
7317,2024,233998,1,1,1,2,1,2,1
7318,2024,130723,1,1,1,2,1,2,1
7319,2024,136800,1,1,1,2,1,2,1
7320,2024,142300,1,1,1,2,1,2,1
7321,2024,153300,2,1,1,2,1,2,1
7322,2024,135111,1,1,1,2,1,2,1
7323,2024,86555,1,1,1,2,1,2,1
7324,2024,177777,1,1,1,2,1,2,1
7325,2024,79500,2,1,1,3,1,2,1
7326,2024,57700,2,1,1,3,1,2,1
7327,2024,186754,1,1,1,1,1,3,1
7328,2024,101000,1,1,1,1,1,3,1
7329,2024,272000,1,1,1,2,1,4,1
7330,2024,177000,1,1,1,3,1,3,1
7331,2024,181775,1,1,1,1,1,4,1
7332,2024,148725,1,1,1,1,1,4,1
7333,2024,144138,1,1,1,1,1,4,1
7334,2024,104828,1,1,1,1,1,4,1
7335,2024,177777,1,1,1,3,1,2,1
7336,2024,106400,1,1,1,3,1,2,1
7337,2024,168888,1,1,1,3,1,2,1
7338,2024,101080,1,1,1,3,1,2,1
7339,2024,137750,1,1,1,2,1,1,1
7340,2024,250700,2,1,1,1,1,2,1
7341,2024,125300,2,1,1,1,1,2,1
7342,2024,123970,1,1,1,1,1,2,1
7343,2024,90200,1,1,1,1,1,2,1
7344,2024,89600,2,1,1,3,1,2,1
7345,2024,51000,2,1,1,3,1,2,1
7346,2024,265600,1,1,1,1,1,2,1
7347,2024,199145,1,1,1,1,1,1,1
7348,2024,82940,1,1,1,1,1,1,1
7349,2024,284280,2,1,1,1,1,2,1
7350,2024,106605,2,1,1,1,1,2,1
7351,2024,203801,2,1,1,1,1,1,1
7352,2024,123139,2,1,1,1,1,1,1
7353,2024,98280,1,1,1,2,1,4,1
7354,2024,46400,1,1,1,2,1,4,1
7355,2024,250105,1,1,1,2,1,2,1
7356,2024,134198,1,1,1,2,1,2,1
7357,2024,161406,1,1,1,2,1,3,1
7358,2024,115290,1,1,1,2,1,3,1
7359,2024,294000,1,1,1,4,1,2,1
7360,2024,215000,1,1,1,4,1,2,1
7361,2024,118765,2,1,1,3,1,2,1
7362,2024,69862,2,1,1,3,1,2,1
7363,2024,166842,1,1,1,1,1,1,1
7364,2024,100675,1,1,1,3,1,2,1
7365,2024,82370,1,1,1,3,1,2,1
7366,2024,135649,2,1,1,1,1,2,1
7367,2024,110985,2,1,1,1,1,2,1
7368,2024,144600,1,1,1,1,1,4,1
7369,2024,148017,1,1,1,1,1,4,1
7370,2024,87069,1,1,1,1,1,4,1
7371,2024,43140,1,1,1,3,1,1,1
7372,2024,39940,1,1,1,3,1,1,1
7373,2024,195200,1,2,1,1,1,1,1
7374,2024,113000,1,2,1,1,1,1,1
7375,2024,218185,1,1,1,2,1,1,1
7376,2024,158680,1,1,1,2,1,1,1
7377,2024,132673,1,1,1,3,1,2,1
7378,2024,285000,2,1,1,1,1,1,1
7379,2024,137400,1,1,1,1,1,2,1
7380,2024,289000,2,1,1,1,1,1,1
7381,2024,263000,2,1,1,1,1,1,1
7382,2024,276000,2,1,1,1,1,3,1
7383,2024,207000,2,1,1,1,1,3,1
7384,2024,144000,1,1,1,2,1,1,1
7385,2024,25000,2,1,1,2,1,4,1
7386,2024,243000,1,1,1,2,1,1,1
7387,2024,245300,1,1,1,1,1,2,1
7388,2024,200700,1,1,1,1,1,2,1
7389,2024,123000,2,1,1,3,1,2,1
7390,2024,83600,2,1,1,3,1,2,1
7391,2024,156000,1,1,1,3,1,2,1
7392,2024,98000,2,1,1,2,1,1,1
7393,2024,205000,1,1,1,1,1,5,1
7394,2024,195000,2,1,1,1,1,5,1
7395,2024,237500,1,1,1,2,1,2,1
7396,2024,137750,1,1,1,2,1,2,1
7397,2024,131596,1,1,1,2,1,1,1
7398,2024,209000,1,1,1,2,1,5,1
7399,2024,168000,1,1,1,2,1,5,1
7400,2024,112900,1,1,1,2,1,1,1
7401,2024,213000,1,1,1,1,1,6,1
7402,2024,142000,1,1,1,1,1,6,1
7403,2024,68000,2,1,1,2,2,2,1
7404,2024,54000,2,1,1,2,2,2,1
7405,2024,62000,2,1,1,2,2,2,1
7406,2024,48000,2,1,1,2,2,2,1
7407,2024,158620,1,1,1,3,1,2,1
7408,2024,79310,1,1,1,3,1,2,1
7409,2024,204400,1,1,1,1,1,2,1
7410,2024,96000,1,1,1,3,1,4,1
7411,2024,190600,2,1,1,2,1,2,1
7412,2024,140600,2,1,1,2,1,2,1
7413,2024,93000,1,1,1,3,1,4,1
7414,2024,80000,1,1,1,3,1,4,1
7415,2024,95425,1,1,1,2,1,2,1
7416,2024,63617,1,1,1,2,1,2,1
7417,2024,81075,1,1,1,3,1,6,1
7418,2024,44850,1,1,1,3,1,6,1
7419,2024,81075,1,1,1,3,1,1,1
7420,2024,44850,1,1,1,3,1,1,1
7421,2024,81075,1,1,1,3,1,4,1
7422,2024,44850,1,1,1,3,1,4,1
7423,2024,158400,1,1,1,2,1,4,1
7424,2024,155605,1,1,1,2,1,4,1
7425,2024,123300,1,1,1,1,1,2,1
7426,2024,104800,1,1,1,1,1,2,1
7427,2024,236000,2,1,1,1,1,2,1
7428,2024,114750,2,1,1,1,1,2,1
7429,2024,370000,1,1,1,1,1,3,1
7430,2024,121000,2,1,1,3,1,2,1
7431,2024,92000,2,1,1,3,1,2,1
7432,2024,122700,1,1,1,1,1,2,1
7433,2024,221500,2,1,1,1,1,2,1
7434,2024,161500,2,1,1,1,1,2,1
7435,2024,191000,1,1,1,1,1,2,1
7436,2024,245784,2,1,1,1,1,2,1
7437,2024,196267,2,1,1,1,1,2,1
7438,2024,197700,2,1,1,2,1,1,1
7439,2024,66300,2,1,1,2,1,2,1
7440,2024,37500,2,1,1,2,1,2,1
7441,2024,265000,2,1,1,1,1,5,1
7442,2024,500000,1,1,1,2,1,1,1
7443,2024,291400,1,1,1,1,1,1,1
7444,2024,198100,1,1,1,1,1,1,1
7445,2024,81500,1,1,1,1,1,2,1
7446,2024,95000,2,1,1,1,1,5,1
7447,2024,135450,2,1,1,3,1,4,1
7448,2024,89548,2,1,1,3,1,4,1
7449,2024,220800,1,1,1,1,1,5,1
7450,2024,124800,1,1,1,1,1,5,1
7451,2024,350000,1,1,1,4,1,1,1
7452,2024,315000,1,1,1,4,1,1,1
7453,2024,309000,1,1,1,4,1,1,1
7454,2024,206000,1,1,1,4,1,1,1
7455,2024,247500,2,1,1,1,1,2,1
7456,2024,162563,2,1,1,1,1,2,1
7457,2024,136000,1,1,1,3,1,2,1
7458,2024,138000,1,1,1,3,1,4,1
7459,2024,232222,1,1,1,1,1,2,1
7460,2024,130133,1,1,1,1,1,2,1
7461,2024,220611,1,1,1,1,1,2,1
7462,2024,123626,1,1,1,1,1,2,1
7463,2024,370300,1,1,1,1,1,2,1
7464,2024,142600,1,1,1,1,1,2,1
7465,2024,99336,1,1,1,1,1,2,1
7466,2024,173200,1,1,1,1,1,2,1
7467,2024,135111,1,1,1,2,1,1,1
7468,2024,86555,1,1,1,2,1,1,1
7469,2024,264800,1,1,1,2,1,1,1
7470,2024,127100,1,1,1,2,1,1,1
7471,2024,65593,1,1,1,2,1,4,1
7472,2024,130206,1,1,1,2,1,2,1
7473,2024,74181,1,1,1,2,1,2,1
7474,2024,156864,1,1,1,2,1,1,1
7475,2024,83000,1,1,1,3,1,2,1
7476,2024,419750,1,1,1,2,1,4,1
7477,2024,130590,2,1,1,1,1,1,1
7478,2024,97920,2,1,1,1,1,1,1
7479,2024,151200,1,1,1,1,1,2,1
7480,2024,90719,1,1,1,1,1,2,1
7481,2024,88400,1,1,1,1,1,2,1
7482,2024,112257,1,1,1,2,1,2,1
7483,2024,67350,1,1,1,2,1,2,1
7484,2024,169578,1,1,1,2,1,1,1
7485,2024,113052,1,1,1,2,1,1,1
7486,2024,173000,2,1,1,2,1,1,1
7487,2024,117000,2,1,1,2,1,1,1
7488,2024,314000,1,1,1,4,1,2,1
7489,2024,253000,1,1,1,4,1,2,1
7490,2024,121000,1,1,1,2,1,1,1
7491,2024,89600,1,1,1,2,1,1,1
7492,2024,131000,2,1,1,1,1,2,1
7493,2024,55000,2,1,1,1,1,2,1
7494,2024,201000,1,1,1,2,1,1,1
7495,2024,141340,1,1,1,1,1,1,1
7496,2024,293000,1,1,1,2,1,4,1
7497,2024,213000,1,1,1,2,1,4,1
7498,2024,191000,1,1,1,2,1,6,1
7499,2024,132000,1,1,1,2,1,6,1
7500,2024,222500,1,1,1,2,1,1,1
7501,2024,85700,1,1,1,2,1,1,1
7502,2024,95000,1,1,1,2,1,4,1
7503,2024,264200,1,1,1,2,1,6,1
7504,2024,143100,1,1,1,2,1,6,1
7505,2024,65593,1,1,1,2,1,1,1
7506,2024,59000,2,1,1,3,1,2,1
7507,2024,101300,1,1,1,2,1,2,1
7508,2024,185500,1,1,1,2,1,2,1
7509,2024,111300,1,1,1,2,1,2,1
7510,2024,170038,2,1,1,1,1,2,1
7511,2024,66380,2,1,1,1,1,2,1
7512,2024,163700,1,1,1,3,1,2,1
7513,2024,109100,1,1,1,3,1,2,1
7514,2024,175300,2,1,1,1,1,2,1
7515,2024,105200,2,1,1,1,1,2,1
7516,2024,203466,1,1,1,2,1,4,1
7517,2024,172400,1,1,1,2,1,1,1
7518,2024,82100,1,1,1,2,1,1,1
7519,2024,327200,2,1,1,1,1,3,1
7520,2024,138400,2,1,1,1,1,3,1
7521,2024,237600,1,1,1,1,1,3,1
7522,2024,178880,1,1,1,1,1,2,1
7523,2024,110760,1,1,1,1,1,2,1
7524,2024,408623,1,1,1,2,1,2,1
7525,2024,260571,1,1,1,2,1,2,1
7526,2024,182549,1,1,1,1,1,4,1
7527,2024,67900,1,1,1,1,1,4,1
7528,2024,259500,1,1,1,2,1,4,1
7529,2024,145215,1,1,1,1,1,2,1
7530,2024,106400,1,1,1,1,1,2,1
7531,2024,242974,2,1,1,1,1,2,1
7532,2024,101239,2,1,1,1,1,2,1
7533,2024,143706,2,1,1,1,1,1,1
7534,2024,84533,2,1,1,1,1,1,1
7535,2024,115600,2,1,1,1,1,2,1
7536,2024,92500,2,1,1,1,1,2,1
7537,2024,106260,1,1,1,2,1,1,1
7538,2024,144600,1,1,1,1,1,3,1
7539,2024,188640,1,1,1,1,1,5,1
7540,2024,125760,1,1,1,1,1,5,1
7541,2024,234240,1,1,1,1,1,2,1
7542,2024,156160,1,1,1,1,1,2,1
7543,2024,170800,1,1,1,1,2,4,1
7544,2024,92300,1,1,1,1,2,4,1
7545,2024,222000,1,1,1,1,1,2,1
7546,2024,201650,1,1,1,1,1,4,1
7547,2024,131000,1,1,1,1,1,4,1
7548,2024,120000,2,1,1,1,1,1,1
7549,2024,288000,1,1,1,1,1,4,1
7550,2024,149000,2,1,1,1,1,5,1
7551,2024,165000,2,1,1,2,1,2,1
7552,2024,219000,1,1,1,2,1,1,1
7553,2024,110900,1,1,1,2,1,1,1
7554,2024,112400,1,1,1,2,1,2,1
7555,2024,130900,1,1,1,2,1,2,1
7556,2024,425000,1,1,1,2,1,6,1
7557,2024,300000,1,1,1,2,1,6,1
7558,2024,199000,1,1,1,1,1,4,1
7559,2024,285000,1,1,1,1,1,3,1
7560,2024,321000,1,1,1,1,1,3,1
7561,2024,214000,1,1,1,1,1,3,1
7562,2024,225000,2,1,1,2,1,4,1
7563,2024,163000,2,1,1,2,1,4,1
7564,2024,217000,1,1,1,1,1,1,1
7565,2024,165500,1,1,1,1,1,3,1
7566,2024,238700,2,1,1,1,1,2,1
7567,2024,149200,2,1,1,1,1,2,1
7568,2024,88500,2,1,1,3,1,2,1
7569,2024,63500,2,1,1,3,1,2,1
7570,2024,166000,1,1,1,3,1,2,1
7571,2024,55000,2,1,1,2,3,2,1
7572,2024,50000,2,1,1,2,3,2,1
7573,2024,174175,2,1,1,1,1,2,1
7574,2024,122000,1,1,1,2,1,2,1
7575,2024,214300,1,1,1,1,1,2,1
7576,2024,303000,1,1,1,2,1,4,1
7577,2024,226700,1,1,1,1,1,5,1
7578,2024,145100,1,1,1,1,1,5,1
7579,2024,179300,1,1,1,1,1,1,1
7580,2024,119500,1,1,1,1,1,1,1
7581,2024,250000,2,1,1,2,1,1,1
7582,2024,338600,1,1,1,1,1,2,1
7583,2024,228000,2,1,1,1,1,1,1
7584,2024,103700,2,1,1,1,1,1,1
7585,2024,78520,1,1,1,2,1,2,1
7586,2024,54964,1,1,1,2,1,2,1
7587,2024,265800,2,1,1,1,1,1,1
7588,2024,305700,2,1,1,1,1,1,1
7589,2024,190300,2,1,1,1,1,1,1
7590,2024,267700,2,1,1,2,1,3,1
7591,2024,159900,2,1,1,2,1,3,1
7592,2024,80500,1,1,1,1,1,2,1
7593,2024,221550,1,1,1,1,1,2,1
7594,2024,143850,1,1,1,1,1,2,1
7595,2024,65000,1,1,1,3,1,1,1
7596,2024,294600,1,1,1,2,1,3,1
7597,2024,141400,1,1,1,2,1,3,1
7598,2024,202730,2,1,1,2,1,2,1
7599,2024,92118,2,1,1,2,1,2,1
7600,2024,88000,1,1,1,3,1,2,1
7601,2024,134000,1,1,1,1,1,1,1
7602,2024,135000,2,1,1,2,1,3,1
7603,2024,110000,2,1,1,2,1,3,1
7604,2024,226000,1,1,1,1,1,2,1
7605,2024,138800,1,1,1,1,1,1,1
7606,2024,113600,1,1,1,1,1,1,1
7607,2024,60000,1,1,1,2,1,5,1
7608,2024,55000,1,1,1,2,1,5,1
7609,2024,137000,1,1,1,2,1,4,1
7610,2024,60400,1,1,1,2,1,4,1
7611,2024,125000,2,1,1,2,1,3,1
7612,2024,83500,2,1,1,2,1,3,1
7613,2024,114911,1,1,1,3,1,2,1
7614,2024,94018,1,1,1,3,1,2,1
7615,2024,118765,2,1,1,1,1,2,1
7616,2024,69862,2,1,1,1,1,2,1
7617,2024,83400,1,1,1,1,1,2,1
7618,2024,350000,1,1,1,1,1,2,1
7619,2024,174600,1,1,1,1,1,4,1
7620,2024,81900,1,1,1,1,1,4,1
7621,2024,208200,1,1,1,2,1,2,1
7622,2024,188300,1,1,1,2,1,2,1
7623,2024,133920,2,1,1,2,1,4,1
7624,2024,89280,2,1,1,2,1,4,1
7625,2024,126600,1,1,1,1,1,3,1
7626,2024,276000,1,1,1,2,1,1,1
7627,2024,224000,2,1,1,4,1,2,1
7628,2024,176000,2,1,1,4,1,2,1
7629,2024,70300,1,1,1,1,1,2,1
7630,2024,189750,1,1,1,1,1,5,1
7631,2024,104000,1,1,1,1,1,5,1
7632,2024,96000,1,1,1,3,1,1,1
7633,2024,184000,1,1,1,2,1,1,1
7634,2024,139360,2,1,1,1,1,1,1
7635,2024,86840,2,1,1,1,1,1,1
7636,2024,155500,2,1,1,1,1,2,1
7637,2024,124500,2,1,1,1,1,2,1
7638,2024,333000,1,1,1,1,1,1,1
7639,2024,70000,2,1,1,1,1,2,1
7640,2024,147000,1,1,1,2,1,2,1
7641,2024,90300,1,1,1,2,1,2,1
7642,2024,50200,1,1,1,2,1,2,1
7643,2024,140400,1,1,1,1,1,1,1
7644,2024,205700,2,1,1,1,1,2,1
7645,2024,135200,2,1,1,1,1,2,1
7646,2024,87380,1,1,1,2,1,2,1
7647,2024,323400,1,1,1,2,1,4,1
7648,2024,211536,1,1,1,2,1,4,1
7649,2024,126600,1,1,1,2,1,2,1
7650,2024,77600,1,1,1,2,1,2,1
7651,2024,261200,1,1,1,1,1,3,1
7652,2024,149200,1,1,1,1,1,3,1
7653,2024,175100,1,1,1,4,1,3,1
7654,2024,200700,1,1,1,2,1,1,1
7655,2024,167400,1,1,1,2,1,1,1
7656,2024,226500,1,2,1,1,1,2,1
7657,2024,135700,1,2,1,1,1,2,1
7658,2024,143200,1,1,1,1,1,4,1
7659,2024,211500,1,1,1,3,1,1,1
7660,2024,136500,1,1,1,3,1,1,1
7661,2024,255000,2,1,1,1,1,1,1
7662,2024,157000,2,1,1,1,1,1,1
7663,2024,183552,2,1,1,1,1,1,1
7664,2024,152960,2,1,1,1,1,1,1
7665,2024,223063,1,1,1,1,1,2,1
7666,2024,191983,1,1,1,1,1,2,1
7667,2024,221000,1,1,1,1,1,2,1
7668,2024,100714,1,1,1,3,1,2,1
7669,2024,62946,1,1,1,3,1,2,1
7670,2024,192000,1,1,1,1,1,3,1
7671,2024,218500,1,1,1,1,1,2,1
7672,2024,161500,1,1,1,1,1,2,1
7673,2024,139700,1,1,1,3,1,2,1
7674,2024,110300,2,1,1,2,1,2,1
7675,2024,78100,2,1,1,2,1,2,1
7676,2024,206000,2,1,1,1,1,3,1
7677,2024,239000,1,1,1,4,1,2,1
7678,2024,207000,1,1,1,4,1,2,1
7679,2024,340000,1,1,1,2,1,6,1
7680,2024,264000,1,1,1,1,1,3,1
7681,2024,161000,1,1,1,1,1,3,1
7682,2024,365100,2,1,1,4,1,1,1
7683,2024,260800,2,1,1,4,1,1,1
7684,2024,174500,1,1,1,2,1,4,1
7685,2024,125640,1,1,1,2,1,4,1
7686,2024,139400,1,1,1,1,1,2,1
7687,2024,183600,1,1,1,1,1,2,1
7688,2024,340000,1,1,1,2,1,2,1
7689,2024,149880,2,1,1,1,1,2,1
7690,2024,64974,2,1,1,1,1,2,1
7691,2024,123400,2,1,1,1,1,2,1
7692,2024,88848,2,1,1,1,1,2,1
7693,2024,105000,1,1,1,2,1,3,1
7694,2024,75000,1,1,1,2,1,3,1
7695,2024,147471,2,1,1,1,1,2,1
7696,2024,90834,2,1,1,1,1,2,1
7697,2024,158000,1,1,1,1,1,4,1
7698,2024,161400,2,1,1,2,1,5,1
7699,2024,114300,2,1,1,2,1,5,1
7700,2024,120000,1,1,1,1,1,6,1
7701,2024,530000,1,1,1,1,1,4,1
7702,2024,143500,2,1,1,1,1,2,1
7703,2024,120750,2,1,1,1,1,2,1
7704,2024,86900,1,1,1,1,1,2,1
7705,2024,149300,1,1,1,1,1,2,1
7706,2024,82227,1,1,1,2,1,2,1
7707,2024,59833,1,1,1,1,1,2,1
7708,2024,69400,1,1,1,3,1,2,1
7709,2024,126200,1,1,1,1,1,2,1
7710,2024,123836,2,1,1,2,1,2,1
7711,2024,90062,2,1,1,2,1,2,1
7712,2024,53800,1,1,1,1,1,2,1
7713,2024,80800,1,1,1,3,1,2,1
7714,2024,46200,1,1,1,3,1,2,1
7715,2024,184300,1,1,1,2,1,3,1
7716,2024,237500,1,1,1,2,1,3,1
7717,2024,116000,1,1,1,1,1,3,1
7718,2024,98400,1,1,1,1,1,3,1
7719,2024,113394,1,1,1,2,1,1,1
7720,2024,82468,1,1,1,2,1,1,1
7721,2024,118400,1,1,1,2,1,1,1
7722,2024,133000,1,1,1,2,1,1,1
7723,2024,64952,1,1,1,3,1,1,1
7724,2024,56833,1,1,1,3,1,1,1
7725,2024,295000,2,1,1,1,1,5,1
7726,2024,204000,2,1,1,1,1,5,1
7727,2024,153374,1,1,1,1,1,2,1
7728,2024,122699,1,1,1,1,1,2,1
7729,2024,159800,1,1,1,2,1,1,1
7730,2024,124800,1,1,1,2,1,1,1
7731,2024,131185,1,1,1,1,1,2,1
7732,2024,78707,1,1,1,1,1,2,1
7733,2024,288900,1,1,1,1,1,2,1
7734,2024,173300,1,1,1,1,1,2,1
7735,2024,252800,2,1,1,1,1,2,1
7736,2024,158200,2,1,1,1,1,2,1
7737,2024,163700,1,1,1,1,1,4,1
7738,2024,109100,1,1,1,1,1,4,1
7739,2024,110100,1,1,1,1,1,1,1
7740,2024,144660,2,1,1,2,1,4,1
7741,2024,90480,2,1,1,2,1,4,1
7742,2024,109400,1,1,1,2,1,3,1
7743,2024,73700,1,1,1,2,1,3,1
7744,2024,412500,1,1,1,4,1,2,1
7745,2024,76500,1,1,1,3,1,2,1
7746,2024,106358,1,1,1,2,1,4,1
7747,2024,202800,1,1,1,2,1,2,1
7748,2024,109200,1,1,1,2,1,2,1
7749,2024,150500,1,1,1,4,1,2,1
7750,2024,103000,1,1,1,4,1,2,1
7751,2024,162000,1,1,1,4,1,2,1
7752,2024,152000,1,1,1,4,1,2,1
7753,2024,219600,1,1,1,2,1,1,1
7754,2024,151400,1,1,1,2,1,1,1
7755,2024,91800,1,1,1,2,1,1,1
7756,2024,241600,1,1,1,1,1,4,1
7757,2024,109800,1,1,1,1,1,4,1
7758,2024,216040,1,1,1,2,1,2,1
7759,2024,99300,1,1,1,2,1,2,1
7760,2024,106840,1,1,1,2,1,2,1
7761,2024,76560,1,1,1,2,1,2,1
7762,2024,239127,1,1,1,1,1,2,1
7763,2024,170805,1,1,1,1,1,2,1
7764,2024,220500,1,1,1,1,1,1,1
7765,2024,120500,1,1,1,1,1,1,1
7766,2024,112700,1,1,1,1,1,2,1
7767,2024,65900,1,1,1,1,1,2,1
7768,2024,124550,1,1,1,3,1,2,1
7769,2024,68900,1,1,1,3,1,2,1
7770,2024,161800,1,1,1,2,1,1,1
7771,2024,265080,1,1,1,1,1,4,1
7772,2024,176720,1,1,1,1,1,4,1
7773,2024,97525,2,1,1,2,1,2,1
7774,2024,53950,2,1,1,2,1,2,1
7775,2024,91500,1,1,1,1,1,2,1
7776,2024,71000,1,1,1,1,1,2,1
7777,2024,215200,1,1,1,4,1,3,1
7778,2024,149076,1,1,1,1,1,2,1
7779,2024,84836,1,1,1,1,1,2,1
7780,2024,240000,2,1,1,4,1,2,1
7781,2024,178300,1,1,1,2,1,2,1
7782,2024,70800,1,1,1,2,1,2,1
7783,2024,293400,1,1,1,1,1,1,1
7784,2024,195600,1,1,1,1,1,1,1
7785,2024,93000,1,1,1,1,1,2,1
7786,2024,223560,1,1,1,1,1,4,1
7787,2024,149020,1,1,1,1,1,4,1
7788,2024,425800,1,1,1,4,1,3,1
7789,2024,283800,1,1,1,4,1,3,1
7790,2024,129000,2,1,1,1,1,2,1
7791,2024,194000,2,1,1,1,1,2,1
7792,2024,126000,2,1,1,1,1,2,1
7793,2024,193880,1,1,1,1,1,1,1
7794,2024,207300,1,1,1,1,1,5,1
7795,2024,126587,1,1,1,1,1,5,1
7796,2024,186941,1,1,1,1,1,3,1
7797,2024,149552,1,1,1,1,1,3,1
7798,2024,186941,1,1,1,1,1,4,1
7799,2024,149552,1,1,1,1,1,4,1
7800,2024,148500,1,1,1,2,1,1,1
7801,2024,159500,2,1,1,2,1,4,1
7802,2024,104763,2,1,1,2,1,4,1
7803,2024,322000,2,1,1,1,1,1,1
7804,2024,223560,1,1,1,1,1,1,1
7805,2024,149020,1,1,1,1,1,1,1
7806,2024,256000,1,1,1,1,1,4,1
7807,2024,245300,1,1,1,1,1,6,1
7808,2024,208505,1,1,1,1,1,6,1
7809,2024,170120,1,1,1,1,1,6,1
7810,2024,113500,1,1,1,1,1,6,1
7811,2024,264200,1,1,1,3,1,1,1
7812,2024,143100,1,1,1,3,1,1,1
7813,2024,176400,1,2,1,2,1,2,1
7814,2024,117600,1,2,1,2,1,2,1
7815,2024,158550,1,1,1,1,1,3,1
7816,2024,65200,1,1,1,1,1,3,1
7817,2024,363800,1,1,1,4,1,1,1
7818,2024,271300,1,1,1,4,1,1,1
7819,2024,53000,1,1,1,1,1,2,1
7820,2024,195140,2,1,1,1,1,2,1
7821,2024,159660,2,1,1,1,1,2,1
7822,2024,78500,1,1,1,2,1,2,1
7823,2024,287000,2,1,1,1,1,2,1
7824,2024,143000,2,1,1,1,1,2,1
7825,2024,228800,1,1,1,1,1,3,1
7826,2024,152600,1,1,1,1,1,3,1
7827,2024,211800,1,1,1,1,1,2,1
7828,2024,96040,2,1,1,1,1,2,1
7829,2024,61360,2,1,1,1,1,2,1
7830,2024,160160,2,1,1,1,1,1,1
7831,2024,131040,2,1,1,1,1,1,1
7832,2024,110000,1,1,1,3,1,1,1
7833,2024,70950,1,1,1,3,1,1,1
7834,2024,143896,1,1,1,1,1,2,1
7835,2024,114104,1,1,1,1,1,2,1
7836,2024,114700,1,1,1,2,1,3,1
7837,2024,57300,1,1,1,2,1,3,1
7838,2024,146875,1,1,1,1,1,2,1
7839,2024,81250,1,1,1,1,1,2,1
7840,2024,108700,1,1,1,2,1,3,1
7841,2024,99900,1,1,1,1,1,2,1
7842,2024,175600,1,1,1,1,1,4,1
7843,2024,70000,1,1,1,3,1,4,1
7844,2024,197000,2,1,1,2,1,2,1
7845,2024,147000,2,1,1,2,1,2,1
7846,2024,147784,1,1,1,1,1,4,1
7847,2024,225000,1,1,1,1,1,3,1
7848,2024,408500,1,1,1,1,1,1,1
7849,2024,233500,1,1,1,1,1,1,1
7850,2024,220000,2,1,1,1,1,1,1
7851,2024,195000,2,1,1,1,1,1,1
7852,2024,248600,1,1,1,1,1,2,1
7853,2024,130600,1,1,1,1,1,2,1
7854,2024,338000,1,1,1,4,1,2,1
7855,2024,255000,2,1,1,1,1,2,1
7856,2024,225000,2,1,1,1,1,2,1
7857,2024,174300,1,1,1,2,1,1,1
7858,2024,80500,1,1,1,2,1,1,1
7859,2024,188885,1,1,1,2,1,3,1
7860,2024,315000,1,1,1,1,1,3,1
7861,2024,304000,1,1,1,1,1,3,1
7862,2024,244000,1,1,1,1,1,3,1
7863,2024,212000,1,1,1,1,1,3,1
7864,2024,184900,2,1,1,2,1,3,1
7865,2024,153000,2,1,1,2,1,3,1
7866,2024,204000,1,1,1,1,1,3,1
7867,2024,259000,2,1,1,1,1,3,1
7868,2024,204000,2,1,1,1,1,3,1
7869,2024,127000,1,1,1,2,1,3,1
7870,2024,293500,2,1,1,1,1,2,1
7871,2024,224000,2,1,1,1,1,2,1
7872,2024,140300,1,1,1,1,1,2,1
7873,2024,93700,1,1,1,2,1,2,1
7874,2024,95700,1,1,1,2,1,2,1
7875,2024,97200,1,1,1,2,1,2,1
7876,2024,81300,1,1,1,2,1,2,1
7877,2024,132100,1,1,1,2,1,2,1
7878,2024,110200,1,1,1,2,1,2,1
7879,2024,146250,1,1,1,1,1,2,1
7880,2024,178600,1,1,1,1,1,1,1
7881,2024,76300,1,1,1,1,1,1,1
7882,2024,204300,2,1,1,1,1,4,1
7883,2024,170600,1,1,1,2,1,1,1
7884,2024,142300,1,1,1,2,1,1,1
7885,2024,190500,2,1,1,2,1,4,1
7886,2024,168480,1,1,1,3,1,1,1
7887,2024,91520,1,1,1,3,1,1,1
7888,2024,177400,1,1,1,1,1,4,1
7889,2024,260000,2,1,1,2,1,6,1
7890,2024,180960,2,1,1,2,1,6,1
7891,2024,152400,1,1,1,1,1,4,1
7892,2024,180300,1,1,1,1,1,4,1
7893,2024,231000,2,1,1,1,1,4,1
7894,2024,126000,2,1,1,1,1,4,1
7895,2024,267100,1,1,1,1,1,4,1
7896,2024,245200,1,1,1,1,1,1,1
7897,2024,114800,2,1,1,2,1,1,1
7898,2024,234900,1,1,1,1,1,1,1
7899,2024,113500,1,1,1,1,1,1,1
7900,2024,267100,2,1,1,1,1,1,1
7901,2024,190800,2,1,1,1,1,1,1
7902,2024,313500,1,1,1,1,1,4,1
7903,2024,79500,2,1,1,2,1,2,1
7904,2024,57700,2,1,1,2,1,2,1
7905,2024,237500,1,1,1,1,1,3,1
7906,2024,137750,1,1,1,1,1,3,1
7907,2024,50000,2,1,1,2,1,2,1
7908,2024,355000,1,1,1,1,1,2,1
7909,2024,162800,2,1,1,2,1,2,1
7910,2024,87700,2,1,1,2,1,2,1
7911,2024,89500,1,1,1,1,1,3,1
7912,2024,225500,2,1,1,1,1,1,1
7913,2024,161800,2,1,1,1,1,1,1
7914,2024,130500,1,1,1,1,1,2,1
7915,2024,86940,1,1,1,1,1,2,1
7916,2024,106370,1,1,1,2,1,2,1
7917,2024,76230,1,1,1,2,1,2,1
7918,2024,211600,1,1,1,1,1,4,1
7919,2024,88275,2,1,1,1,1,2,1
7920,2024,207000,1,1,1,1,1,2,1
7921,2024,176446,1,1,1,1,1,2,1
7922,2024,258000,1,1,1,1,1,1,1
7923,2024,167000,1,1,1,4,1,2,1
7924,2024,130500,1,1,1,4,1,2,1
7925,2024,90500,1,1,1,2,1,2,1
7926,2024,114000,1,1,1,1,1,4,1
7927,2024,122000,1,1,1,1,1,4,1
7928,2024,168000,1,1,1,2,1,4,1
7929,2024,175100,2,1,1,1,1,2,1
7930,2024,362000,1,1,1,1,1,4,1
7931,2024,241000,1,1,1,1,1,4,1
7932,2024,84522,1,1,1,2,1,1,1
7933,2024,133000,2,1,1,2,1,1,1
7934,2024,75000,2,1,1,3,1,1,1
7935,2024,65000,2,1,1,3,1,1,1
7936,2024,167500,1,1,1,2,1,2,1
7937,2024,106500,1,1,1,2,1,2,1
7938,2024,145400,1,1,1,1,1,3,1
7939,2024,179500,1,1,1,2,1,2,1
7940,2024,149500,1,1,1,2,1,2,1
7941,2024,135500,1,1,1,2,1,2,1
7942,2024,91000,1,1,1,2,1,2,1
7943,2024,223500,1,1,1,1,1,6,1
7944,2024,152000,1,1,1,1,1,6,1
7945,2024,138900,2,1,1,2,1,1,1
7946,2024,83300,2,1,1,2,1,1,1
7947,2024,260400,1,1,1,1,1,2,1
7948,2024,156200,1,1,1,1,1,2,1
7949,2024,355000,1,1,1,1,1,6,1
7950,2024,194000,1,1,1,1,1,6,1
7951,2024,187000,1,1,1,2,1,1,1
7952,2024,250200,1,1,1,2,1,3,1
7953,2024,117200,1,1,1,2,1,3,1
7954,2024,156000,1,2,1,3,1,2,1
7955,2024,103000,1,2,1,3,1,2,1
7956,2024,165511,1,1,1,3,1,2,1
7957,2024,148960,1,1,1,3,1,2,1
7958,2024,174600,1,1,1,3,1,2,1
7959,2024,120000,1,1,1,3,3,4,1
7960,2024,90000,1,1,1,3,3,4,1
7961,2024,213400,2,1,1,2,1,1,1
7962,2024,135500,2,1,1,2,1,1,1
7963,2024,86320,1,1,1,1,1,4,1
7964,2024,510720,1,1,1,1,1,1,1
7965,2024,273700,2,1,1,1,1,1,1
7966,2024,185475,1,1,1,1,1,2,1
7967,2024,205200,2,1,1,1,1,1,1
7968,2024,85500,2,1,1,1,1,1,1
7969,2024,51100,1,1,1,3,1,1,1
7970,2024,51100,1,1,1,1,1,2,1
7971,2024,64000,1,1,1,3,1,1,1
7972,2024,128402,1,1,1,2,1,4,1
7973,2024,69139,1,1,1,2,1,4,1
7974,2024,108500,1,1,1,2,1,2,1
7975,2024,299792,1,1,1,1,1,2,1
7976,2024,187370,1,1,1,1,1,2,1
7977,2024,171000,1,1,1,3,1,2,1
7978,2024,81118,2,1,1,3,1,2,1
7979,2024,47717,2,1,1,3,1,2,1
7980,2024,181728,1,1,1,1,1,3,1
7981,2024,113580,1,1,1,1,1,3,1
7982,2024,89700,2,1,1,2,1,2,1
7983,2024,268750,1,1,1,1,1,1,1
7984,2024,234400,1,1,1,1,1,1,1
7985,2024,170700,1,1,1,1,1,1,1
7986,2024,214087,1,1,1,1,1,2,1
7987,2024,128452,1,1,1,1,1,2,1
7988,2024,273451,1,1,1,1,1,3,1
7989,2024,164071,1,1,1,1,1,3,1
7990,2024,120750,1,1,1,1,1,3,1
7991,2024,134000,2,1,1,2,1,1,1
7992,2024,238000,1,1,1,1,1,1,1
7993,2024,232284,1,1,1,1,1,2,1
7994,2024,139371,1,1,1,1,1,2,1
7995,2024,72708,1,1,1,2,1,2,1
7996,2024,104000,2,1,1,1,1,2,1
7997,2024,106100,1,1,1,3,1,2,1
7998,2024,58343,1,1,1,3,1,2,1
7999,2024,337250,1,1,1,1,1,2,1
8000,2024,184300,1,1,1,1,1,2,1
8001,2024,90146,2,1,1,2,1,3,1
8002,2024,103275,2,1,1,1,1,3,1
8003,2024,227900,1,1,1,1,1,5,1
8004,2024,126600,1,1,1,1,1,5,1
8005,2024,77040,2,1,1,2,1,2,1
8006,2024,107100,1,1,1,2,1,4,1
8007,2024,177000,1,1,1,3,1,4,1
8008,2024,113500,1,1,1,3,1,4,1
8009,2024,127330,2,1,1,1,1,1,1
8010,2024,59000,1,1,1,3,1,1,1
8011,2024,114000,1,1,1,3,1,2,1
8012,2024,85900,1,1,1,2,1,1,1
8013,2024,252400,1,1,1,1,1,1,1
8014,2024,182400,1,1,1,1,1,1,1
8015,2024,136100,1,1,1,1,1,1,1
8016,2024,162000,1,2,1,2,1,1,1
8017,2024,107000,1,2,1,2,1,1,1
8018,2024,90700,1,1,1,1,1,2,1
8019,2024,176369,2,1,1,1,1,1,1
8020,2024,115023,2,1,1,1,1,1,1
8021,2024,143712,2,1,1,1,1,2,1
8022,2024,60100,2,1,1,2,1,2,1
8023,2024,76650,1,1,1,3,1,2,1
8024,2024,52806,1,1,1,3,1,2,1
8025,2024,136500,1,1,1,1,1,1,1
8026,2024,65000,1,1,1,1,1,1,1
8027,2024,107600,1,1,1,3,1,5,1
8028,2024,71800,1,1,1,3,1,5,1
8029,2024,361500,1,1,1,1,1,1,1
8030,2024,149000,1,1,1,1,1,1,1
8031,2024,221000,1,1,1,1,1,4,1
8032,2024,109400,1,1,1,2,1,2,1
8033,2024,73700,1,1,1,2,1,2,1
8034,2024,175900,1,1,1,1,1,2,1
8035,2024,105100,1,1,1,2,1,2,1
8036,2024,112700,1,1,1,3,1,2,1
8037,2024,134000,2,1,1,2,1,3,1
8038,2024,79000,2,1,1,2,1,3,1
8039,2024,120500,1,1,1,2,1,2,1
8040,2024,67900,1,1,1,3,1,2,1
8041,2024,55400,1,1,1,3,1,2,1
8042,2024,279772,1,1,1,2,1,1,1
8043,2024,186552,1,1,1,2,1,1,1
8044,2024,232300,1,1,1,2,1,1,1
8045,2024,81100,1,1,1,3,1,2,1
8046,2024,217200,2,1,1,1,1,5,1
8047,2024,143500,2,1,1,1,1,5,1
8048,2024,300000,1,1,1,4,1,5,1
8049,2024,250000,1,1,1,4,1,5,1
8050,2024,209657,1,1,1,2,1,4,1
8051,2024,106250,1,1,1,2,1,4,1
8052,2024,150700,1,1,1,1,1,1,1
8053,2024,109000,1,1,1,1,1,1,1
8054,2024,116900,1,1,1,1,1,1,1
8055,2024,391000,1,1,1,1,1,1,1
8056,2024,284400,1,1,1,1,1,1,1
8057,2024,157900,1,1,1,1,1,1,1
8058,2024,220900,1,1,1,3,1,3,1
8059,2024,122200,1,1,1,3,1,3,1
8060,2024,333000,1,1,1,1,1,3,1
8061,2024,189000,1,1,1,1,1,3,1
8062,2024,91764,1,1,1,3,1,2,1
8063,2024,59976,1,1,1,3,1,2,1
8064,2024,175600,1,1,1,2,1,1,1
8065,2024,222200,1,2,1,3,1,2,1
8066,2024,136000,1,2,1,3,1,2,1
8067,2024,92800,1,1,1,2,1,2,1
8068,2024,237000,1,1,1,1,1,3,1
8069,2024,161200,1,1,1,1,1,3,1
8070,2024,228000,1,1,1,1,1,1,1
8071,2024,129000,1,1,1,1,1,1,1
8072,2024,135700,1,1,1,1,1,1,1
8073,2024,191800,1,2,1,2,1,1,1
8074,2024,114800,1,2,1,2,1,1,1
8075,2024,239900,1,2,1,1,1,1,1
8076,2024,138800,1,2,1,1,1,1,1
8077,2024,100000,2,1,1,1,1,1,1
8078,2024,211300,1,1,1,1,1,4,1
8079,2024,111000,1,1,1,1,1,4,1
8080,2024,247500,2,1,1,4,1,2,1
8081,2024,107500,1,1,1,2,1,2,1
8082,2024,260000,1,1,1,2,1,2,1
8083,2024,107757,2,1,1,3,1,2,1
8084,2024,97722,2,1,1,3,1,2,1
8085,2024,159282,1,1,1,2,1,2,1
8086,2024,149282,1,1,1,2,1,2,1
8087,2024,336000,2,1,1,4,1,2,1
8088,2024,269000,2,1,1,4,1,2,1
8089,2024,72000,2,1,1,3,1,2,1
8090,2024,280000,2,1,1,1,1,3,1
8091,2024,165000,2,1,1,1,1,6,1
8092,2024,156000,1,1,1,1,1,5,1
8093,2024,288000,1,1,1,1,1,6,1
8094,2024,192000,1,1,1,1,1,6,1
8095,2024,183600,1,1,1,1,1,4,1
8096,2024,135400,1,1,1,2,1,2,1
8097,2024,156100,2,1,1,2,1,1,1
8098,2024,273000,1,2,1,1,1,2,1
8099,2024,181000,1,2,1,1,1,2,1
8100,2024,293800,1,1,1,4,1,2,1
8101,2024,195500,1,1,1,4,1,2,1
8102,2024,168150,1,1,1,3,1,3,1
8103,2024,259000,1,1,1,1,1,1,1
8104,2024,139400,1,1,1,1,1,1,1
8105,2024,129000,1,1,1,2,1,1,1
8106,2024,213000,2,1,1,1,1,1,1
8107,2024,177000,2,1,1,1,1,1,1
8108,2024,170000,2,1,1,1,1,5,1
8109,2024,101300,1,1,1,2,1,5,1
8110,2024,45000,1,1,1,2,1,5,1
8111,2024,38430,1,1,1,3,1,2,1
8112,2024,176770,2,1,1,1,1,2,1
8113,2024,144630,2,1,1,1,1,2,1
8114,2024,74240,2,1,1,1,1,2,1
8115,2024,157500,1,1,1,1,1,2,1
8116,2024,282000,1,1,1,1,1,4,1
8117,2024,236872,1,1,1,2,1,2,1
8118,2024,148045,1,1,1,2,1,2,1
8119,2024,107525,1,1,1,2,1,2,1
8120,2024,157800,1,1,1,3,1,2,1
8121,2024,99700,1,1,1,3,1,2,1
8122,2024,162000,2,1,1,1,1,4,1
8123,2024,102600,2,1,1,1,1,4,1
8124,2024,99237,1,1,1,3,1,2,1
8125,2024,67728,1,1,1,3,1,2,1
8126,2024,97000,1,1,1,2,1,3,1
8127,2024,145700,1,1,1,2,1,1,1
8128,2024,112100,1,1,1,2,1,1,1
8129,2024,172700,1,1,1,1,1,1,1
8130,2024,104600,1,1,1,1,1,1,1
8131,2024,81075,2,1,1,3,1,2,1
8132,2024,44850,2,1,1,3,1,2,1
8133,2024,157850,1,1,1,2,1,2,1
8134,2024,228800,1,1,1,1,1,2,1
8135,2024,244860,1,1,1,2,1,1,1
8136,2024,142000,1,1,1,3,1,5,1
8137,2024,36000,1,1,1,3,1,5,1
8138,2024,152400,1,1,1,2,1,3,1
8139,2024,85700,1,1,1,2,1,3,1
8140,2024,260850,1,1,1,4,1,4,1
8141,2024,144300,1,1,1,4,1,4,1
8142,2024,269400,1,1,1,1,1,5,1
8143,2024,145400,1,1,1,1,1,5,1
8144,2024,157054,1,1,1,1,1,4,1
8145,2024,122726,1,1,1,1,1,2,1
8146,2024,90710,1,1,1,1,1,2,1
8147,2024,166860,1,1,1,1,1,3,1
8148,2024,83430,1,1,1,1,1,3,1
8149,2024,284280,2,1,1,1,1,1,1
8150,2024,106605,2,1,1,1,1,1,1
8151,2024,175100,1,1,1,2,1,2,1
8152,2024,185400,1,1,1,1,1,4,1
8153,2024,92700,1,1,1,1,1,4,1
8154,2024,334750,1,1,1,2,1,1,1
8155,2024,175100,1,1,1,2,1,1,1
8156,2024,180000,1,1,1,3,1,1,1
8157,2024,180625,2,1,1,1,1,4,1
8158,2024,173100,2,1,1,1,1,2,1
8159,2024,177190,1,1,1,2,1,2,1
8160,2024,188100,1,1,1,3,1,4,1
8161,2024,125400,1,1,1,3,1,4,1
8162,2024,146900,2,1,1,1,1,1,1
8163,2024,103680,1,1,1,1,1,2,1
8164,2024,132235,1,1,1,1,1,2,1
8165,2024,81375,1,1,1,1,1,2,1
8166,2024,204231,1,1,1,1,1,2,1
8167,2024,194361,1,1,1,1,1,2,1
8168,2024,357600,2,1,1,1,1,1,1
8169,2024,208600,2,1,1,1,1,1,1
8170,2024,357600,1,1,1,1,1,1,1
8171,2024,208600,1,1,1,1,1,1,1
8172,2024,234500,1,1,1,1,1,1,1
8173,2024,146500,1,1,1,1,1,1,1
8174,2024,217600,1,1,1,1,1,4,1
8175,2024,400000,2,1,1,2,1,2,1
8176,2024,247000,1,1,1,2,1,1,1
8177,2024,81500,1,1,1,2,1,1,1
8178,2024,187495,1,1,1,1,1,1,1
8179,2024,81950,1,1,1,1,1,1,1
8180,2024,209990,1,1,1,2,1,1,1
8181,2024,81950,1,1,1,2,1,1,1
8182,2024,223900,2,1,1,1,1,1,1
8183,2024,190315,2,1,1,1,1,1,1
8184,2024,310000,2,1,1,1,1,4,1
8185,2024,232000,2,1,1,1,1,4,1
8186,2024,184200,1,1,1,1,1,4,1
8187,2024,122800,1,1,1,1,1,4,1
8188,2024,184200,1,1,1,2,1,4,1
8189,2024,69000,1,1,1,2,1,2,1
8190,2024,117500,1,1,1,2,1,2,1
8191,2024,65894,1,1,1,2,1,2,1
8192,2024,54911,1,1,1,2,1,2,1
8193,2024,81806,1,1,1,2,1,2,1
8194,2024,58219,1,1,1,2,1,2,1
8195,2024,133900,1,1,1,2,1,1,1
8196,2024,102000,1,1,1,2,1,2,1
8197,2024,137000,1,1,1,3,2,2,1
8198,2024,60300,1,1,1,3,2,2,1
8199,2024,177100,1,1,1,2,1,2,1
8200,2024,131900,1,1,1,2,1,2,1
8201,2024,86500,1,1,1,1,1,2,1
8202,2024,200500,1,1,1,2,1,1,1
8203,2024,94600,1,1,1,2,1,1,1
8204,2024,223652,1,1,1,1,1,1,1
8205,2024,155584,1,1,1,1,1,1,1
8206,2024,198600,1,1,1,2,1,4,1
8207,2024,94300,1,1,1,2,1,4,1
8208,2024,137000,1,1,1,3,1,1,1
8209,2024,60400,1,1,1,3,1,1,1
8210,2024,67700,1,1,1,1,1,1,1
8211,2024,118680,1,1,1,1,1,5,1
8212,2024,92592,1,1,1,1,1,5,1
8213,2024,167000,1,1,1,1,1,5,1
8214,2024,72000,1,1,1,1,1,5,1
8215,2024,180000,2,1,1,4,1,2,1
8216,2024,144000,2,1,1,4,1,2,1
8217,2024,161200,1,1,1,2,1,2,1
8218,2024,255500,1,1,1,2,1,4,1
8219,2024,111000,1,1,1,2,1,4,1
8220,2024,303000,1,1,1,2,1,3,1
8221,2024,178250,1,1,1,1,1,3,1
8222,2024,97525,1,1,1,3,1,2,1
8223,2024,53950,1,1,1,3,1,2,1
8224,2024,149463,2,1,1,2,1,4,1
8225,2024,62186,2,1,1,2,1,4,1
8226,2024,117500,2,1,1,2,1,1,1
8227,2024,142000,1,1,1,3,1,1,1
8228,2024,36000,1,1,1,3,1,1,1
8229,2024,148100,1,1,1,3,1,2,1
8230,2024,89800,1,1,1,3,1,2,1
8231,2024,112600,1,1,1,1,1,2,1
8232,2024,241600,1,1,1,1,1,3,1
8233,2024,236250,1,1,1,1,1,4,1
8234,2024,334800,2,1,1,1,1,4,1
8235,2024,124900,1,1,1,1,1,2,1
8236,2024,236250,1,1,1,1,1,2,1
8237,2024,209600,2,1,1,1,1,4,1
8238,2024,142200,2,1,1,1,1,4,1
8239,2024,180765,1,1,1,1,1,2,1
8240,2024,153650,1,1,1,1,1,2,1
8241,2024,91800,1,1,1,3,1,2,1
8242,2024,241600,1,1,1,2,1,1,1
8243,2024,109800,1,1,1,2,1,1,1
8244,2024,54600,1,1,1,3,1,2,1
8245,2024,318000,1,1,1,2,1,1,1
8246,2024,214000,1,1,1,2,1,1,1
8247,2024,112600,1,1,1,2,1,2,1
8248,2024,315900,1,1,1,1,1,2,1
8249,2024,170100,1,1,1,1,1,2,1
8250,2024,178320,1,1,1,1,1,2,1
8251,2024,118880,1,1,1,1,1,2,1
8252,2024,156640,2,1,1,1,1,2,1
8253,2024,273500,1,1,1,1,1,2,1
8254,2024,175308,1,1,1,2,1,2,1
8255,2024,122716,1,1,1,2,1,2,1
8256,2024,490000,2,1,1,4,1,1,1
8257,2024,400000,2,1,1,4,1,1,1
8258,2024,240000,1,1,1,2,1,3,1
8259,2024,216200,1,1,1,1,1,3,1
8260,2024,102900,1,1,1,1,1,3,1
8261,2024,310000,2,1,1,1,1,1,1
8262,2024,181475,2,1,1,2,1,4,1
8263,2024,108000,2,1,1,2,1,4,1
8264,2024,200034,2,1,1,1,1,4,1
8265,2024,133859,2,1,1,1,1,4,1
8266,2024,240922,2,1,1,1,1,4,1
8267,2024,146232,2,1,1,1,1,4,1
8268,2024,115500,1,1,1,1,1,1,1
8269,2024,203500,1,1,1,1,1,4,1
8270,2024,253000,2,1,1,1,1,4,1
8271,2024,263304,1,1,1,2,1,1,1
8272,2024,219420,1,1,1,2,1,1,1
8273,2024,225500,1,1,1,1,1,2,1
8274,2024,150300,1,1,1,1,1,2,1
8275,2024,147463,2,1,1,2,1,1,1
8276,2024,110718,2,1,1,2,1,1,1
8277,2024,184800,1,1,1,2,1,4,1
8278,2024,123200,1,1,1,2,1,4,1
8279,2024,175250,1,1,1,2,1,1,1
8280,2024,127600,1,1,1,2,1,1,1
8281,2024,311000,1,1,1,1,1,1,1
8282,2024,106400,1,1,1,3,1,3,1
8283,2024,240000,1,1,1,4,1,2,1
8284,2024,146500,1,1,1,4,1,2,1
8285,2024,198000,1,1,1,1,1,2,1
8286,2024,234500,1,1,1,2,1,2,1
8287,2024,192289,1,1,1,2,1,2,1
8288,2024,116250,1,1,1,1,1,2,1
8289,2024,107000,1,1,1,2,1,2,1
8290,2024,197700,1,1,1,1,1,2,1
8291,2024,455200,1,1,1,1,1,1,1
8292,2024,284900,1,1,1,1,1,1,1
8293,2024,152500,1,1,1,2,1,1,1
8294,2024,95500,1,1,1,2,1,1,1
8295,2024,83850,1,1,1,2,1,1,1
8296,2024,55900,1,1,1,2,1,1,1
8297,2024,82471,2,1,1,1,1,2,1
8298,2024,83600,1,1,1,2,1,2,1
8299,2024,145200,2,1,1,2,1,2,1
8300,2024,96800,2,1,1,2,1,2,1
8301,2024,109300,1,1,1,1,1,2,1
8302,2024,183700,1,1,1,2,1,2,1
8303,2024,90600,2,1,1,1,1,2,1
8304,2024,92000,1,1,1,2,1,1,1
8305,2024,131000,2,1,1,2,1,2,1
8306,2024,90600,2,1,1,2,1,2,1
8307,2024,74949,1,1,1,1,1,2,1
8308,2024,214400,2,1,1,1,1,4,1
8309,2024,110128,2,1,1,1,1,4,1
8310,2024,46500,1,1,1,2,1,2,1
8311,2024,116600,2,1,1,3,1,2,1
8312,2024,84800,2,1,1,3,1,2,1
8313,2024,187600,1,1,1,1,1,6,1
8314,2024,138700,1,1,1,1,1,6,1
8315,2024,203816,2,1,1,1,1,1,1
8316,2024,156965,2,1,1,1,1,1,1
8317,2024,247500,2,1,1,1,1,4,1
8318,2024,205100,1,1,1,1,1,5,1
8319,2024,136700,1,1,1,1,1,5,1
8320,2024,107600,1,1,1,2,1,5,1
8321,2024,71800,1,1,1,2,1,5,1
8322,2024,176000,1,1,1,2,1,1,1
8323,2024,74000,1,1,1,2,1,1,1
8324,2024,54000,1,1,1,2,1,1,1
8325,2024,70000,1,1,1,1,1,3,1
8326,2024,223000,1,1,1,1,1,1,1
8327,2024,187982,1,1,1,2,1,2,1
8328,2024,113928,1,1,1,2,1,2,1
8329,2024,116100,1,1,1,2,1,2,1
8330,2024,69700,1,1,1,2,1,2,1
8331,2024,124550,2,1,1,2,1,2,1
8332,2024,68900,2,1,1,2,1,2,1
8333,2024,85800,1,1,1,1,1,2,1
8334,2024,136200,2,1,1,3,1,2,1
8335,2024,67400,2,1,1,3,1,2,1
8336,2024,183300,2,1,1,1,1,2,1
8337,2024,101400,2,1,1,1,1,2,1
8338,2024,157850,1,1,1,1,1,1,1
8339,2024,104800,1,1,1,1,1,1,1
8340,2024,86950,1,1,1,2,1,1,1
8341,2024,48100,1,1,1,2,1,1,1
8342,2024,277000,1,1,1,1,1,4,1
8343,2024,135000,1,1,1,3,1,1,1
8344,2024,125000,1,1,1,3,1,1,1
8345,2024,327750,1,1,1,1,1,1,1
8346,2024,190700,1,1,1,1,1,4,1
8347,2024,75400,1,1,1,1,1,4,1
8348,2024,154960,2,1,1,1,1,2,1
8349,2024,131581,2,1,1,1,1,2,1
8350,2024,82100,1,1,1,3,2,2,1
8351,2024,137400,1,1,1,3,1,2,1
8352,2024,370300,1,1,1,1,1,3,1
8353,2024,142600,1,1,1,1,1,3,1
8354,2024,217400,1,1,1,1,1,1,1
8355,2024,130400,1,1,1,1,1,1,1
8356,2024,123900,2,1,1,2,1,1,1
8357,2024,127000,2,1,1,1,1,2,1
8358,2024,184000,2,1,1,1,1,2,1
8359,2024,287200,1,1,1,4,1,1,1
8360,2024,191400,1,1,1,4,1,1,1
8361,2024,69620,1,1,1,3,1,1,1
8362,2024,46340,1,1,1,3,1,1,1
8363,2024,183000,1,1,1,1,1,6,1
8364,2024,122000,1,1,1,1,1,6,1
8365,2024,106907,1,1,1,1,1,1,1
8366,2024,165700,1,1,1,3,1,2,1
8367,2024,100400,1,1,1,3,1,2,1
8368,2024,113000,1,1,1,1,1,3,1
8369,2024,207700,2,1,1,1,1,2,1
8370,2024,129800,2,1,1,1,1,2,1
8371,2024,156000,1,1,1,1,1,4,1
8372,2024,98592,1,1,1,2,1,1,1
8373,2024,68640,1,1,1,2,1,1,1
8374,2024,165600,2,1,1,1,1,3,1
8375,2024,109480,2,1,1,1,1,3,1
8376,2024,204930,2,1,1,1,1,3,1
8377,2024,135482,2,1,1,1,1,3,1
8378,2024,183800,2,1,1,2,1,3,1
8379,2024,153200,2,1,1,2,1,3,1
8380,2024,109000,1,1,1,1,1,2,1
8381,2024,174000,2,1,1,1,1,2,1
8382,2024,198739,1,1,1,1,1,2,1
8383,2024,108935,1,1,1,1,1,2,1
8384,2024,74100,1,1,1,3,1,2,1
8385,2024,49400,1,1,1,3,1,2,1
8386,2024,155800,1,1,1,3,1,2,1
8387,2024,112140,1,1,1,3,1,2,1
8388,2024,69858,2,1,1,2,1,2,1
8389,2024,162000,2,1,1,1,1,3,1
8390,2024,77250,1,1,1,1,1,1,1
8391,2024,220500,1,1,1,1,1,2,1
8392,2024,106300,1,1,1,1,1,4,1
8393,2024,109000,1,1,1,2,1,5,1
8394,2024,212310,1,1,1,1,1,4,1
8395,2024,161760,1,1,1,1,1,4,1
8396,2024,161450,2,1,1,1,1,1,1
8397,2024,129100,2,1,1,1,1,1,1
8398,2024,88000,2,1,1,1,3,2,1
8399,2024,68000,2,1,1,1,3,2,1
8400,2024,233958,1,1,1,1,1,2,1
8401,2024,96600,1,1,1,2,1,3,1
8402,2024,110100,1,1,1,1,1,4,1
8403,2024,232223,1,1,1,1,1,2,1
8404,2024,151761,1,1,1,1,1,2,1
8405,2024,375516,1,1,1,1,1,2,1
8406,2024,190950,1,1,1,1,1,2,1
8407,2024,312866,1,1,1,2,1,2,1
8408,2024,167537,1,1,1,2,1,2,1
8409,2024,94050,1,1,1,3,1,1,1
8410,2024,81680,1,1,1,3,1,1,1
8411,2024,275400,2,1,1,1,1,5,1
8412,2024,171400,2,1,1,1,1,5,1
8413,2024,259000,1,1,1,1,1,5,1
8414,2024,139400,1,1,1,1,1,5,1
8415,2024,450000,1,1,1,2,1,4,1
8416,2024,147800,1,1,1,2,1,2,1
8417,2024,88700,1,1,1,2,1,2,1
8418,2024,97500,1,1,1,2,1,2,1
8419,2024,228439,1,1,1,1,1,2,1
8420,2024,108900,1,1,1,1,1,6,1
8421,2024,194760,1,1,1,4,1,1,1
8422,2024,129840,1,1,1,4,1,1,1
8423,2024,173040,1,1,1,1,1,2,1
8424,2024,79310,1,1,1,1,1,2,1
8425,2024,222480,1,1,1,1,1,4,1
8426,2024,173040,1,1,1,3,1,4,1
8427,2024,72100,1,1,1,3,1,4,1
8428,2024,150400,1,1,1,2,1,1,1
8429,2024,86600,1,1,1,2,1,1,1
8430,2024,216000,1,1,1,1,1,3,1
8431,2024,182000,2,2,1,1,1,1,1
8432,2024,81400,2,2,1,1,1,1,1
8433,2024,170500,2,1,1,2,1,1,1
8434,2024,123200,2,1,1,2,1,1,1
8435,2024,275300,1,2,1,1,1,1,1
8436,2024,159300,1,2,1,1,1,1,1
8437,2024,252000,1,1,1,1,1,2,1
8438,2024,238900,1,1,1,1,1,1,1
8439,2024,168570,1,1,1,1,1,1,1
8440,2024,241000,2,1,1,1,1,1,1
8441,2024,164000,2,1,1,1,1,1,1
8442,2024,206250,2,1,1,1,1,2,1
8443,2024,106000,2,1,1,1,1,2,1
8444,2024,167435,1,1,1,1,1,2,1
8445,2024,76107,1,1,1,1,1,2,1
8446,2024,250000,2,1,1,1,1,5,1
8447,2024,321360,1,1,1,1,1,3,1
8448,2024,214240,1,1,1,1,1,3,1
8449,2024,170640,1,1,1,1,1,5,1
8450,2024,73008,1,1,1,1,1,5,1
8451,2024,125000,2,1,1,2,1,4,1
8452,2024,201000,2,1,1,2,1,1,1
8453,2024,267720,1,1,1,1,1,4,1
8454,2024,257500,2,1,1,1,1,4,1
8455,2024,175100,2,1,1,1,1,4,1
8456,2024,234520,1,1,1,1,1,4,1
8457,2024,170560,1,1,1,1,1,4,1
8458,2024,82500,1,1,1,2,1,1,1
8459,2024,58500,1,1,1,2,1,2,1
8460,2024,56000,1,1,1,2,2,1,1
8461,2024,197400,1,1,1,2,1,1,1
8462,2024,160900,1,1,1,1,1,2,1
8463,2024,101600,1,1,1,1,1,2,1
8464,2024,121900,1,1,1,1,1,1,1
8465,2024,445300,1,1,1,4,1,1,1
8466,2024,278400,1,1,1,4,1,1,1
8467,2024,337250,1,1,1,1,1,3,1
8468,2024,184300,1,1,1,1,1,3,1
8469,2024,312230,2,1,1,1,1,3,1
8470,2024,189250,2,1,1,1,1,3,1
8471,2024,75000,1,1,1,2,1,4,1
8472,2024,134000,1,1,1,1,1,4,1
8473,2024,91650,1,1,1,2,1,2,1
8474,2024,56400,1,1,1,2,1,2,1
8475,2024,238600,1,1,1,1,1,4,1
8476,2024,112000,1,1,1,3,1,1,1
8477,2024,267500,2,1,1,1,1,2,1
8478,2024,202200,1,1,1,1,1,2,1
8479,2024,107120,1,1,1,1,1,2,1
8480,2024,211180,2,1,1,2,1,2,1
8481,2024,127890,2,1,1,2,1,2,1
8482,2024,293800,1,1,1,2,1,1,1
8483,2024,112000,1,1,1,3,1,4,1
8484,2024,223000,2,1,1,1,1,1,1
8485,2024,147200,1,1,1,2,1,4,1
8486,2024,102400,1,1,1,2,1,4,1
8487,2024,147200,1,1,1,1,1,4,1
8488,2024,102400,1,1,1,1,1,4,1
8489,2024,160445,1,1,1,3,1,2,1
8490,2024,150987,1,1,1,3,1,2,1
8491,2024,139154,1,1,1,3,1,2,1
8492,2024,89760,1,1,1,3,1,2,1
8493,2024,65500,1,1,1,3,1,2,1
8494,2024,116000,1,1,1,2,1,4,1
8495,2024,167000,1,1,1,2,1,3,1
8496,2024,111000,1,1,1,2,1,3,1
8497,2024,232300,1,1,1,1,1,2,1
8498,2024,136700,1,1,1,1,1,2,1
8499,2024,90100,1,1,1,1,1,2,1
8500,2024,288000,1,1,1,1,1,3,1
8501,2024,173600,1,1,1,1,1,3,1
8502,2024,227900,1,1,1,1,1,2,1
8503,2024,126600,1,1,1,1,1,2,1
8504,2024,282720,1,1,1,1,1,5,1
8505,2024,155000,1,1,1,1,1,5,1
8506,2024,264480,1,1,1,1,1,5,1
8507,2024,248520,1,1,1,1,1,5,1
8508,2024,136000,1,1,1,1,1,5,1
8509,2024,118011,1,1,1,1,1,1,1
8510,2024,143750,1,1,1,1,1,2,1
8511,2024,106250,1,1,1,1,1,2,1
8512,2024,84720,1,1,1,1,1,2,1
8513,2024,105500,1,1,1,3,1,2,1
8514,2024,66725,2,1,1,2,1,2,1
8515,2024,53600,2,1,1,2,1,2,1
8516,2024,228790,1,1,1,1,1,4,1
8517,2024,136190,1,1,1,1,1,4,1
8518,2024,163680,1,1,1,4,1,2,1
8519,2024,109120,1,1,1,4,1,2,1
8520,2024,188640,1,1,1,1,1,4,1
8521,2024,125760,1,1,1,1,1,4,1
8522,2024,121100,1,1,1,1,1,2,1
8523,2024,65300,1,1,1,1,1,2,1
8524,2024,57800,1,1,1,2,1,2,1
8525,2024,60600,1,1,1,3,1,2,1
8526,2024,81400,1,1,1,3,1,2,1
8527,2024,222900,2,1,1,1,1,3,1
8528,2024,99500,2,1,1,1,1,3,1
8529,2024,139050,1,1,1,1,1,2,1
8530,2024,116377,1,1,1,1,1,2,1
8531,2024,118400,1,1,1,2,1,2,1
8532,2024,100700,1,1,1,2,1,2,1
8533,2024,41017,1,1,1,3,1,2,1
8534,2024,87600,1,1,1,2,1,2,1
8535,2024,188400,1,1,1,2,1,4,1
8536,2024,121600,1,1,1,2,1,4,1
8537,2024,190726,1,1,1,2,1,2,1
8538,2024,91548,1,1,1,2,1,2,1
8539,2024,159000,1,1,1,2,1,1,1
8540,2024,107000,1,1,1,2,1,1,1
8541,2024,132000,2,1,1,4,1,1,1
8542,2024,155700,1,1,1,3,1,2,1
8543,2024,264800,1,1,1,2,1,2,1
8544,2024,127100,1,1,1,2,1,2,1
8545,2024,142740,1,1,1,1,1,4,1
8546,2024,203000,1,1,1,4,1,2,1
8547,2024,257000,1,1,1,1,1,3,1
8548,2024,171000,1,1,1,1,1,3,1
8549,2024,123400,1,1,1,2,1,1,1
8550,2024,70500,1,1,1,2,1,1,1
8551,2024,115600,1,1,1,2,1,1,1
8552,2024,94740,1,1,1,2,1,2,1
8553,2024,82800,1,1,1,2,1,2,1
8554,2024,113200,2,1,1,1,1,3,1
8555,2024,79300,2,1,1,1,1,3,1
8556,2024,81760,1,1,1,2,1,2,1
8557,2024,73580,1,1,1,2,1,2,1
8558,2024,216000,1,1,1,2,1,3,1
8559,2024,178250,1,1,1,1,1,4,1
8560,2024,137770,1,1,1,1,1,4,1
8561,2024,299000,1,1,1,1,1,4,1
8562,2024,224400,1,1,1,4,1,2,1
8563,2024,163700,1,1,1,1,1,5,1
8564,2024,109100,1,1,1,1,1,5,1
8565,2024,154900,1,1,1,1,1,2,1
8566,2024,74476,1,1,1,1,1,2,1
8567,2024,130642,2,1,1,1,1,2,1
8568,2024,76848,2,1,1,1,1,2,1
8569,2024,80226,1,1,1,1,1,2,1
8570,2024,81500,1,1,1,3,1,2,1
8571,2024,56200,1,1,1,3,1,2,1
8572,2024,146875,1,1,1,3,1,2,1
8573,2024,81250,1,1,1,3,1,2,1
8574,2024,129315,1,1,1,3,1,2,1
8575,2024,86210,1,1,1,3,1,2,1
8576,2024,184662,1,1,1,2,1,3,1
8577,2024,189750,1,1,1,3,1,4,1
8578,2024,104000,1,1,1,3,1,4,1
8579,2024,170186,1,1,1,2,1,2,1
8580,2024,146875,2,1,1,2,1,2,1
8581,2024,81250,2,1,1,2,1,2,1
8582,2024,204600,1,1,1,2,1,2,1
8583,2024,148699,1,1,1,2,1,2,1
8584,2024,84500,1,1,1,2,1,2,1
8585,2024,188000,1,1,1,2,1,2,1
8586,2024,89500,1,1,1,2,1,2,1
8587,2024,107700,2,1,1,2,1,2,1
8588,2024,68400,2,1,1,2,1,2,1
8589,2024,120500,1,1,1,1,1,2,1
8590,2024,212400,1,1,1,1,1,1,1
8591,2024,163500,1,1,1,1,1,1,1
8592,2024,170186,1,1,1,2,1,1,1
8593,2024,199000,1,1,1,2,1,1,1
8594,2024,207000,1,1,1,2,1,2,1
8595,2024,188600,1,1,1,2,1,4,1
8596,2024,106700,1,1,1,1,1,1,1
8597,2024,239800,1,1,1,1,1,1,1
8598,2024,148200,1,1,1,1,1,1,1
8599,2024,327200,1,2,1,1,1,2,1
8600,2024,195900,1,2,1,1,1,2,1
8601,2024,193000,2,1,1,1,1,4,1
8602,2024,160800,2,1,1,1,1,4,1
8603,2024,240000,2,1,1,1,1,1,1
8604,2024,169000,2,1,1,1,1,1,1
8605,2024,192300,1,2,1,3,1,1,1
8606,2024,95680,1,2,1,3,1,1,1
8607,2024,210000,2,2,1,2,1,6,1
8608,2024,98000,2,2,1,2,1,6,1
8609,2024,192500,1,1,1,1,1,4,1
8610,2024,290000,1,1,1,1,1,3,1
8611,2024,150000,2,1,1,2,1,3,1
8612,2024,188000,1,1,1,2,1,1,1
8613,2024,233000,1,1,1,2,1,1,1
8614,2024,197000,1,1,1,2,1,1,1
8615,2024,282900,1,1,1,1,1,2,1
8616,2024,177100,1,1,1,1,1,2,1
8617,2024,204500,1,1,1,2,1,1,1
8618,2024,108500,1,1,1,2,1,1,1
8619,2024,160220,1,1,1,2,1,1,1
8620,2024,105060,1,1,1,2,1,1,1
8621,2024,99000,1,1,1,3,1,2,1
8622,2024,69300,1,1,1,3,1,2,1
8623,2024,141000,2,1,1,1,1,2,1
8624,2024,109045,1,1,1,1,1,2,1
8625,2024,76332,1,1,1,1,1,2,1
8626,2024,110800,1,1,1,1,1,4,1
8627,2024,171000,1,1,1,3,1,4,1
8628,2024,114000,1,1,1,3,1,4,1
8629,2024,238500,2,1,1,1,1,4,1
8630,2024,149500,2,1,1,1,1,4,1
8631,2024,250000,1,1,1,2,1,5,1
8632,2024,150000,1,1,1,2,1,5,1
8633,2024,207750,1,1,1,1,1,1,1
8634,2024,151200,1,1,1,1,1,1,1
8635,2024,188100,1,1,1,1,1,4,1
8636,2024,212500,1,1,1,2,1,1,1
8637,2024,141700,1,1,1,2,1,1,1
8638,2024,159870,1,1,1,3,1,2,1
8639,2024,135510,1,1,1,3,1,2,1
8640,2024,106000,1,1,1,2,1,4,1
8641,2024,119155,1,1,1,3,1,2,1
8642,2024,209000,1,1,1,2,1,1,1
8643,2024,239700,1,1,1,1,1,1,1
8644,2024,223500,2,1,1,1,1,4,1
8645,2024,94200,2,1,1,1,1,4,1
8646,2024,152000,2,1,1,1,1,1,1
8647,2024,111000,2,1,1,1,1,1,1
8648,2024,273000,1,1,1,1,1,5,1
8649,2024,147000,1,1,1,1,1,5,1
8650,2024,183580,2,1,1,1,1,2,1
8651,2024,111260,2,1,1,1,1,2,1
8652,2024,119200,2,1,1,1,1,2,1
8653,2024,86600,2,1,1,1,1,2,1
8654,2024,209660,1,1,1,1,1,4,1
8655,2024,142500,2,1,1,1,1,1,1
8656,2024,96200,1,1,1,3,1,2,1
8657,2024,52200,1,1,1,3,1,2,1
8658,2024,184580,2,1,1,1,1,5,1
8659,2024,114100,2,1,1,1,1,5,1
8660,2024,222400,1,1,1,4,1,2,1
8661,2024,134800,1,1,1,4,1,2,1
8662,2024,189750,2,1,1,2,1,2,1
8663,2024,140899,2,1,1,2,1,2,1
8664,2024,144700,1,1,1,2,1,2,1
8665,2024,87700,1,1,1,2,1,2,1
8666,2024,199600,1,1,1,2,1,2,1
8667,2024,119000,1,1,1,2,1,2,1
8668,2024,218500,1,1,1,2,1,1,1
8669,2024,195600,1,1,1,1,1,2,1
8670,2024,89900,1,1,1,2,1,2,1
8671,2024,151770,1,1,1,3,1,2,1
8672,2024,91062,1,1,1,3,1,2,1
8673,2024,67300,1,1,1,2,1,2,1
8674,2024,46400,1,1,1,2,1,2,1
8675,2024,131584,1,1,1,2,1,3,1
8676,2024,101566,1,1,1,2,1,3,1
8677,2024,242000,1,1,1,2,1,1,1
8678,2024,149600,1,1,1,2,1,1,1
8679,2024,167500,1,1,1,4,1,1,1
8680,2024,152204,2,1,1,2,1,2,1
8681,2024,91322,2,1,1,2,1,2,1
8682,2024,170800,2,1,1,1,2,5,1
8683,2024,92300,2,1,1,1,2,5,1
8684,2024,237600,1,1,1,2,1,1,1
8685,2024,146900,1,1,1,2,1,1,1
8686,2024,345000,1,1,1,2,1,1,1
8687,2024,220842,1,1,1,1,1,1,1
8688,2024,92036,1,1,1,1,1,1,1
8689,2024,62000,1,1,1,3,2,1,1
8690,2024,38000,1,1,1,3,2,1,1
8691,2024,309000,1,1,1,2,1,1,1
8692,2024,136500,1,1,1,2,1,1,1
8693,2024,160300,2,1,1,1,1,1,1
8694,2024,86300,2,1,1,1,1,1,1
8695,2024,182549,1,1,1,1,1,1,1
8696,2024,324000,2,1,1,1,1,3,1
8697,2024,159000,2,1,1,1,1,3,1
8698,2024,211500,1,1,1,3,1,3,1
8699,2024,136500,1,1,1,3,1,3,1
8700,2024,151260,1,2,1,3,2,2,1
8701,2024,33660,1,2,1,3,2,2,1
8702,2024,188400,1,1,1,2,1,2,1
8703,2024,121600,1,1,1,2,1,2,1
8704,2024,223800,1,1,1,1,1,2,1
8705,2024,146000,2,1,1,1,1,2,1
8706,2024,248000,2,1,1,4,1,2,1
8707,2024,275000,1,1,1,2,1,1,1
8708,2024,205800,1,1,1,4,1,3,1
8709,2024,158842,1,1,1,1,1,2,1
8710,2024,158642,1,1,1,1,1,2,1
8711,2024,126802,2,1,1,1,1,2,1
8712,2024,93723,2,1,1,1,1,2,1
8713,2024,281500,1,1,1,1,1,3,1
8714,2024,187700,1,1,1,1,1,3,1
8715,2024,350000,2,1,1,2,1,3,1
8716,2024,149000,2,1,1,2,1,3,1
8717,2024,350000,1,1,1,2,1,3,1
8718,2024,338000,2,1,1,2,1,2,1
8719,2024,164000,2,1,1,2,1,2,1
8720,2024,244000,1,1,1,1,1,2,1
8721,2024,177500,1,1,1,1,1,2,1
8722,2024,204700,2,1,1,1,1,5,1
8723,2024,115700,2,1,1,1,1,5,1
8724,2024,185000,2,1,1,2,1,4,1
8725,2024,150000,2,1,1,2,1,4,1
8726,2024,145620,1,1,1,1,1,1,1
8727,2024,98400,1,1,1,1,1,1,1
8728,2024,350000,2,1,1,2,1,4,1
8729,2024,142000,2,1,1,2,1,4,1
8730,2024,280000,2,1,1,3,1,1,1
8731,2024,150000,2,1,1,3,1,1,1
8732,2024,104000,2,1,1,3,1,2,1
8733,2024,500000,1,1,1,1,1,6,1
8734,2024,248400,2,1,1,1,1,2,1
8735,2024,154700,2,1,1,1,1,2,1
8736,2024,116000,1,1,1,3,1,3,1
8737,2024,208300,1,1,1,4,1,2,1
8738,2024,170498,1,1,1,4,1,2,1
8739,2024,151300,1,1,1,2,1,2,1
8740,2024,96700,1,1,1,2,1,2,1
8741,2024,201400,1,1,1,1,1,2,1
8742,2024,134200,1,1,1,1,1,2,1
8743,2024,82867,1,1,1,2,1,2,1
8744,2024,52707,1,1,1,2,1,2,1
8745,2024,84630,1,1,1,2,1,1,1
8746,2024,63525,1,1,1,2,1,1,1
8747,2024,187040,1,1,1,1,1,4,1
8748,2024,45000,1,1,1,1,1,2,1
8749,2024,169624,1,1,1,1,1,4,1
8750,2024,101566,1,1,1,1,1,4,1
8751,2024,398600,1,1,1,4,1,1,1
8752,2024,265800,1,1,1,4,1,1,1
8753,2024,98500,2,1,1,2,1,2,1
8754,2024,71500,2,1,1,2,1,2,1
8755,2024,173500,1,1,1,1,1,2,1
8756,2024,256100,1,1,1,1,1,2,1
8757,2024,137900,1,1,1,1,1,2,1
8758,2024,199100,2,1,1,1,1,2,1
8759,2024,116300,2,1,1,1,1,2,1
8760,2024,246000,1,1,1,1,1,2,1
8761,2024,77728,1,1,1,3,1,2,1
8762,2024,57452,1,1,1,3,1,2,1
8763,2024,87552,2,1,1,3,1,2,1
8764,2024,57060,2,1,1,3,1,2,1
8765,2024,123164,1,1,1,1,1,2,1
8766,2024,91034,1,1,1,1,1,2,1
8767,2024,161900,1,1,1,2,1,2,1
8768,2024,97100,1,1,1,2,1,2,1
8769,2024,81075,1,1,1,3,1,2,1
8770,2024,44850,1,1,1,3,1,2,1
8771,2024,181300,1,1,1,1,1,2,1
8772,2024,257400,2,1,1,1,1,2,1
8773,2024,159100,2,1,1,1,1,2,1
8774,2024,129912,2,1,1,1,1,4,1
8775,2024,85788,2,1,1,1,1,4,1
8776,2024,129912,2,1,1,1,1,1,1
8777,2024,85788,2,1,1,1,1,1,1
8778,2024,74700,1,1,1,3,1,2,1
8779,2024,41500,1,1,1,3,1,2,1
8780,2024,366000,1,1,1,1,1,4,1
8781,2024,191000,1,1,1,1,1,6,1
8782,2024,109300,1,1,1,1,1,6,1
8783,2024,169200,1,1,1,1,1,2,1
8784,2024,112800,1,1,1,1,1,2,1
8785,2024,416000,1,1,1,1,1,2,1
8786,2024,113360,1,1,1,1,1,2,1
8787,2024,207120,1,1,1,1,1,2,1
8788,2024,138080,1,1,1,1,1,2,1
8789,2024,219100,1,1,1,1,1,3,1
8790,2024,118500,1,1,1,1,1,3,1
8791,2024,338000,1,1,1,2,1,1,1
8792,2024,312800,1,2,1,1,1,5,1
8793,2024,180900,1,2,1,1,1,5,1
8794,2024,308000,2,1,1,1,1,2,1
8795,2024,202300,2,1,1,1,1,2,1
8796,2024,286000,1,2,1,2,1,1,1
8797,2024,165500,1,2,1,2,1,1,1
8798,2024,147900,2,1,1,2,1,2,1
8799,2024,162563,2,1,1,1,1,4,1
8800,2024,200000,1,2,1,3,1,1,1
8801,2024,99500,1,2,1,3,1,1,1
8802,2024,176060,1,2,1,3,1,1,1
8803,2024,72780,1,2,1,3,1,1,1
8804,2024,227000,1,1,1,1,1,3,1
8805,2024,106676,2,1,1,1,1,2,1
8806,2024,82852,2,1,1,1,1,2,1
8807,2024,135150,1,1,1,1,1,2,1
8808,2024,86400,1,1,1,2,1,2,1
8809,2024,72650,1,1,1,2,1,2,1
8810,2024,131100,1,1,1,3,1,2,1
8811,2024,104880,1,1,1,3,1,2,1
8812,2024,86691,1,1,1,2,1,2,1
8813,2024,235000,1,1,1,2,1,2,1
8814,2024,113000,2,1,1,1,1,2,1
8815,2024,65956,1,1,1,2,1,2,1
8816,2024,121427,1,1,1,1,1,2,1
8817,2024,88761,1,1,1,1,1,2,1
8818,2024,179782,1,1,1,1,1,4,1
8819,2024,242000,1,1,1,1,1,4,1
8820,2024,131000,1,1,1,2,1,2,1
8821,2024,92242,1,1,1,2,1,2,1
8822,2024,249000,1,1,1,1,1,4,1
8823,2024,218540,1,1,1,1,1,4,1
8824,2024,65000,1,1,1,2,1,4,1
8825,2024,171250,1,1,1,2,1,2,1
8826,2024,102750,1,1,1,2,1,2,1
8827,2024,75800,1,1,1,3,1,2,1
8828,2024,175420,1,1,1,2,1,2,1
8829,2024,209863,1,1,1,1,1,2,1
8830,2024,188698,1,1,1,1,1,2,1
8831,2024,190000,1,1,1,4,1,1,1
8832,2024,389500,1,1,1,1,1,3,1
8833,2024,169442,1,1,1,2,1,4,1
8834,2024,185854,1,1,1,2,1,4,1
8835,2024,389500,1,1,1,1,1,4,1
8836,2024,212800,1,1,1,1,1,4,1
8837,2024,239000,1,1,1,2,1,1,1
8838,2024,136175,1,1,1,1,1,4,1
8839,2024,85247,1,1,1,1,1,4,1
8840,2024,262822,1,1,1,2,1,4,1
8841,2024,248700,1,1,1,2,1,4,1
8842,2024,136300,1,1,1,2,1,4,1
8843,2024,211484,1,1,1,2,1,4,1
8844,2024,149820,1,1,1,1,1,2,1
8845,2024,89180,1,1,1,1,1,2,1
8846,2024,207980,1,1,1,1,1,2,1
8847,2024,92999,1,1,1,2,1,2,1
8848,2024,92560,2,1,1,2,1,1,1
8849,2024,209000,2,1,1,1,1,5,1
8850,2024,101000,2,1,1,1,1,5,1
8851,2024,88500,1,1,1,2,1,4,1
8852,2024,92560,2,1,1,1,1,5,1
8853,2024,162955,1,1,1,2,1,1,1
8854,2024,99190,1,1,1,2,1,1,1
8855,2024,228800,1,1,1,1,1,4,1
8856,2024,141400,1,1,1,1,1,4,1
8857,2024,220842,2,1,1,1,1,2,1
8858,2024,92036,2,1,1,1,1,2,1
8859,2024,222300,1,1,1,1,1,2,1
8860,2024,187352,1,1,1,2,1,2,1
8861,2024,132710,1,1,1,2,1,2,1
8862,2024,138000,1,1,1,2,1,2,1
8863,2024,183300,1,1,1,1,1,1,1
8864,2024,101400,1,1,1,1,1,1,1
8865,2024,172400,1,1,1,1,1,4,1
8866,2024,82100,1,1,1,1,1,4,1
8867,2024,212000,1,1,1,1,1,5,1
8868,2024,127200,1,1,1,1,1,5,1
8869,2024,199800,1,1,1,1,1,4,1
8870,2024,98240,1,1,1,1,1,4,1
8871,2024,339250,1,1,1,2,1,1,1
8872,2024,43700,1,1,1,1,1,2,1
8873,2024,141523,1,1,1,1,1,2,1
8874,2024,234240,1,1,1,2,1,1,1
8875,2024,156160,1,1,1,2,1,1,1
8876,2024,152000,1,1,1,1,1,5,1
8877,2024,123600,1,1,1,2,1,2,1
8878,2024,254965,1,1,1,4,1,1,1
8879,2024,169977,1,1,1,4,1,1,1
8880,2024,155605,1,1,1,1,1,4,1
8881,2024,183800,2,1,1,2,1,1,1
8882,2024,153200,2,1,1,2,1,1,1
8883,2024,165200,1,1,1,2,1,4,1
8884,2024,95300,2,1,1,2,1,2,1
8885,2024,200000,1,1,1,4,1,3,1
8886,2024,170000,1,1,1,4,1,3,1
8887,2024,158400,1,1,1,2,1,2,1
8888,2024,185000,2,1,1,2,1,2,1
8889,2024,221000,1,1,1,2,1,4,1
8890,2024,147000,1,1,1,2,1,4,1
8891,2024,70500,1,1,1,3,1,2,1
8892,2024,58750,1,1,1,3,1,2,1
8893,2024,203100,1,1,1,1,1,3,1
8894,2024,153400,1,1,1,2,1,4,1
8895,2024,122700,1,1,1,2,1,4,1
8896,2024,86800,1,1,1,2,1,1,1
8897,2024,45500,1,1,1,3,1,2,1
8898,2024,97000,2,1,1,2,1,2,1
8899,2024,25000,2,1,1,3,1,2,1
8900,2024,110409,1,1,1,1,1,2,1
8901,2024,73613,1,1,1,1,1,2,1
8902,2024,167000,2,1,1,2,1,1,1
8903,2024,255500,1,1,1,1,1,1,1
8904,2024,204500,1,1,1,1,1,1,1
8905,2024,130500,1,1,1,1,1,1,1
8906,2024,200000,1,1,1,3,1,1,1
8907,2024,166000,2,1,1,2,1,1,1
8908,2024,124000,2,1,1,2,1,1,1
8909,2024,292700,1,1,1,1,1,2,1
8910,2024,175700,1,1,1,1,1,2,1
8911,2024,234900,2,1,1,1,1,2,1
8912,2024,147100,2,1,1,1,1,2,1
8913,2024,86320,2,1,1,1,1,2,1
8914,2024,169520,2,1,1,1,1,2,1
8915,2024,94640,2,1,1,1,1,2,1
8916,2024,95300,1,1,1,2,1,1,1
8917,2024,242400,1,1,1,1,1,1,1
8918,2024,139360,2,1,1,3,1,2,1
8919,2024,78000,2,1,1,3,1,2,1
8920,2024,116500,1,1,1,2,1,2,1
8921,2024,165600,1,1,1,3,1,2,1
8922,2024,116646,1,1,1,3,1,2,1
8923,2024,186846,1,1,1,2,1,2,1
8924,2024,191200,1,1,1,1,1,2,1
8925,2024,163202,1,1,1,1,1,2,1
8926,2024,91800,1,1,1,2,1,4,1
8927,2024,89250,1,1,1,1,1,2,1
8928,2024,145215,1,1,1,2,1,1,1
8929,2024,106400,1,1,1,2,1,1,1
8930,2024,68000,2,1,1,3,2,2,1
8931,2024,144600,1,1,1,2,1,4,1
8932,2024,104650,1,1,1,2,1,2,1
8933,2024,72000,2,1,1,2,2,2,1
8934,2024,60000,2,1,1,2,2,2,1
8935,2024,113000,2,1,1,1,1,1,1
8936,2024,90000,1,1,1,2,2,2,1
8937,2024,80000,1,1,1,2,2,2,1
8938,2024,181800,1,1,1,1,1,2,1
8939,2024,121200,1,1,1,1,1,2,1
8940,2024,212160,1,1,1,1,1,1,1
8941,2024,141440,1,1,1,1,1,1,1
8942,2024,187094,1,1,1,1,1,1,1
8943,2024,304000,2,1,1,1,1,4,1
8944,2024,244000,2,1,1,1,1,4,1
8945,2024,296500,1,1,1,2,1,1,1
8946,2024,227000,1,1,1,1,1,1,1
8947,2024,69500,1,1,1,3,1,2,1
8948,2024,288000,1,1,1,1,1,1,1
8949,2024,213150,1,1,1,1,1,4,1
8950,2024,140230,1,1,1,1,1,4,1
8951,2024,90490,1,1,1,2,1,4,1
8952,2024,111662,1,1,1,2,1,2,1
8953,2024,80000,1,1,1,2,1,4,1
8954,2024,78877,1,1,1,2,1,1,1
8955,2024,86000,2,1,1,1,1,2,1
8956,2024,266450,1,1,1,1,1,5,1
8957,2024,177700,1,1,1,1,1,5,1
8958,2024,315000,2,1,1,1,1,2,1
8959,2024,285000,2,1,1,1,1,2,1
8960,2024,305900,2,1,1,2,1,1,1
8961,2024,203900,2,1,1,2,1,1,1
8962,2024,50470,1,1,1,2,1,2,1
8963,2024,226000,1,1,1,1,1,4,1
8964,2024,24000,1,1,1,2,1,2,1
8965,2024,140663,1,1,1,3,1,2,1
8966,2024,84398,1,1,1,3,1,2,1
8967,2024,112000,1,1,1,3,1,3,1
8968,2024,139650,1,1,1,3,1,3,1
8969,2024,104500,1,1,1,3,1,3,1
8970,2024,174600,1,1,1,2,1,4,1
8971,2024,116400,1,1,1,2,1,4,1
8972,2024,332000,1,1,1,2,1,2,1
8973,2024,70500,2,1,1,1,1,2,1
8974,2024,236250,1,1,1,1,1,6,1
8975,2024,142300,1,1,1,3,1,5,1
8976,2024,94900,1,1,1,3,1,5,1
8977,2024,216600,1,1,1,2,1,2,1
8978,2024,142875,1,1,1,2,1,2,1
8979,2024,91440,1,1,1,2,1,2,1
8980,2024,312200,1,1,1,4,1,1,1
8981,2024,175800,1,1,1,4,1,1,1
8982,2024,145800,1,1,1,2,1,1,1
8983,2024,83300,1,1,1,2,1,1,1
8984,2024,374000,2,1,1,1,1,1,1
8985,2024,147900,1,1,1,2,1,1,1
8986,2024,72200,1,1,1,2,1,1,1
8987,2024,339250,1,1,1,1,1,5,1
8988,2024,248000,2,1,1,1,1,2,1
8989,2024,120000,3,2,1,1,1,4,1
8990,2024,246000,1,2,1,1,1,1,1
8991,2024,163000,1,2,1,1,1,1,1
8992,2024,292000,1,2,1,2,1,1,1
8993,2024,194000,1,2,1,2,1,1,1
8994,2024,198065,1,1,1,1,1,2,1
8995,2024,196000,2,1,1,1,1,2,1
8996,2024,122000,2,1,1,1,1,2,1
8997,2024,101700,1,1,1,1,1,2,1
8998,2024,60800,1,1,1,1,1,2,1
8999,2024,86600,1,1,1,3,1,2,1
9000,2024,51700,1,1,1,3,1,2,1
9001,2024,144000,1,2,1,2,1,2,1
9002,2024,96000,1,2,1,2,1,2,1
9003,2024,43000,1,1,1,3,1,2,1
9004,2024,152375,1,1,1,2,1,1,1
9005,2024,194600,1,1,1,2,1,1,1
9006,2024,116200,1,1,1,2,1,1,1
9007,2024,155295,1,1,1,1,1,1,1
9008,2024,103500,1,1,1,1,1,1,1
9009,2024,179100,2,1,1,2,1,1,1
9010,2024,132500,2,1,1,2,1,1,1
9011,2024,310700,1,1,1,1,1,1,1
9012,2024,239300,1,1,1,1,1,2,1
9013,2024,143600,1,1,1,1,1,2,1
9014,2024,65200,1,1,1,1,1,4,1
9015,2024,118680,1,1,1,4,1,1,1
9016,2024,79120,1,1,1,4,1,1,1
9017,2024,194760,1,1,1,4,1,2,1
9018,2024,129840,1,1,1,4,1,2,1
9019,2024,86940,1,1,1,2,1,2,1
9020,2024,115920,1,1,1,4,1,2,1
9021,2024,77280,1,1,1,4,1,2,1
9022,2024,218000,2,1,1,1,1,2,1
9023,2024,295000,1,1,1,1,1,2,1
9024,2024,158800,1,1,1,1,1,2,1
9025,2024,112061,1,1,1,1,1,2,1
9026,2024,91686,1,1,1,1,1,2,1
9027,2024,212500,2,1,1,1,1,1,1
9028,2024,163977,1,1,1,1,1,4,1
9029,2024,76119,1,1,1,1,1,4,1
9030,2024,257336,1,1,1,1,1,1,1
9031,2024,144345,1,1,1,1,1,1,1
9032,2024,73200,1,1,1,3,1,1,1
9033,2024,261500,2,1,1,1,1,1,1
9034,2024,137000,1,1,1,2,1,6,1
9035,2024,60400,1,1,1,2,1,6,1
9036,2024,224000,2,1,1,1,1,1,1
9037,2024,60000,1,1,1,3,1,4,1
9038,2024,52000,1,1,1,3,1,4,1
9039,2024,132250,1,1,1,2,1,1,1
9040,2024,97750,1,1,1,2,1,1,1
9041,2024,68000,1,1,1,2,1,1,1
9042,2024,101000,2,2,1,2,1,1,1
9043,2024,47500,2,2,1,2,1,1,1
9044,2024,205000,1,1,1,4,1,2,1
9045,2024,234900,1,1,1,3,1,2,1
9046,2024,113500,1,1,1,3,1,2,1
9047,2024,205000,1,1,1,2,1,4,1
9048,2024,181145,1,1,1,1,1,4,1
9049,2024,129450,1,1,1,2,1,2,1
9050,2024,103600,1,1,1,2,1,2,1
9051,2024,130553,1,1,1,3,1,2,1
9052,2024,110970,1,1,1,3,1,2,1
9053,2024,336001,2,1,1,1,1,2,1
9054,2024,201601,2,1,1,1,1,2,1
9055,2024,239000,2,1,1,1,1,2,1
9056,2024,118000,1,1,1,2,1,5,1
9057,2024,167000,1,1,1,2,1,2,1
9058,2024,192250,1,1,1,1,1,4,1
9059,2024,141960,1,1,1,1,1,4,1
9060,2024,118600,1,1,1,3,1,1,1
9061,2024,56200,1,1,1,3,1,1,1
9062,2024,164300,1,1,1,1,1,1,1
9063,2024,214471,1,1,1,1,1,4,1
9064,2024,110000,2,1,1,2,1,5,1
9065,2024,90000,2,1,1,2,1,5,1
9066,2024,510000,1,1,1,2,1,1,1
9067,2024,425000,1,1,1,2,1,1,1
9068,2024,269100,1,1,1,2,1,1,1
9069,2024,218109,1,1,1,1,1,2,1
9070,2024,231100,1,1,1,1,1,4,1
9071,2024,157322,1,1,1,1,1,4,1
9072,2024,156000,1,1,1,2,1,5,1
9073,2024,132900,1,1,1,1,1,1,1
9074,2024,168520,1,1,1,2,1,2,1
9075,2024,150929,1,1,1,2,1,2,1
9076,2024,250553,1,1,1,2,1,2,1
9077,2024,340100,1,1,1,1,1,3,1
9078,2024,137000,1,1,1,2,1,1,1
9079,2024,180960,1,1,1,2,1,1,1
9080,2024,170100,1,1,1,1,1,6,1
9081,2024,141462,1,1,1,1,1,1,1
9082,2024,113169,1,1,1,1,1,1,1
9083,2024,204598,1,1,1,1,1,4,1
9084,2024,141462,1,1,1,2,1,1,1
9085,2024,113169,1,1,1,2,1,1,1
9086,2024,174600,1,1,1,3,1,1,1
9087,2024,81900,1,1,1,3,1,1,1
9088,2024,145000,2,1,1,1,1,3,1
9089,2024,102160,1,1,1,1,1,2,1
9090,2024,272900,1,1,1,1,1,2,1
9091,2024,170500,1,1,1,2,1,1,1
9092,2024,213876,1,1,1,1,1,1,1
9093,2024,206690,1,1,1,1,1,3,1
9094,2024,119800,1,1,1,1,1,3,1
9095,2024,220900,1,1,1,1,1,4,1
9096,2024,122200,1,1,1,1,1,4,1
9097,2024,209600,1,1,1,1,1,2,1
9098,2024,164500,1,1,1,1,1,2,1
9099,2024,292200,1,1,1,4,1,2,1
9100,2024,208400,1,1,1,4,1,2,1
9101,2024,194600,1,1,1,1,1,2,1
9102,2024,154835,1,1,1,1,1,2,1
9103,2024,100493,1,1,1,2,1,1,1
9104,2024,54616,1,1,1,2,1,1,1
9105,2024,225500,1,1,1,2,1,1,1
9106,2024,98000,1,1,1,2,1,1,1
9107,2024,87552,1,1,1,1,1,2,1
9108,2024,57060,1,1,1,1,1,2,1
9109,2024,118500,1,1,1,3,1,5,1
9110,2024,51500,1,1,1,3,1,5,1
9111,2024,209000,2,1,1,2,1,5,1
9112,2024,101000,2,1,1,2,1,5,1
9113,2024,162000,1,1,1,2,1,4,1
9114,2024,102877,1,1,1,2,1,4,1
9115,2024,124426,1,1,1,2,1,1,1
9116,2024,181272,1,1,1,2,1,4,1
9117,2024,198000,1,1,1,1,1,4,1
9118,2024,190754,1,1,1,1,1,4,1
9119,2024,150509,1,1,1,1,1,2,1
9120,2024,109461,1,1,1,1,1,2,1
9121,2024,109977,2,1,1,1,1,2,1
9122,2024,89981,2,1,1,1,1,2,1
9123,2024,145860,1,1,1,2,1,2,1
9124,2024,66330,1,1,1,2,1,2,1
9125,2024,177100,1,1,1,1,1,3,1
9126,2024,195700,1,1,1,3,1,3,1
9127,2024,97700,1,1,1,3,1,3,1
9128,2024,104800,1,1,1,3,1,2,1
9129,2024,74900,1,1,1,3,1,2,1
9130,2024,96700,1,1,1,1,1,6,1
9131,2024,302000,1,1,1,1,1,4,1
9132,2024,290000,2,1,1,2,1,1,1
9133,2024,181000,2,1,1,2,1,1,1
9134,2024,261000,2,1,1,2,1,1,1
9135,2024,163000,2,1,1,2,1,1,1
9136,2024,127000,1,1,1,2,1,4,1
9137,2024,144000,1,1,1,2,1,3,1
9138,2024,302000,1,1,1,1,1,3,1
9139,2024,342844,1,1,1,1,1,3,1
9140,2024,196110,1,1,1,1,1,3,1
9141,2024,62100,1,1,1,2,1,2,1
9142,2024,340000,1,1,1,1,1,4,1
9143,2024,218900,1,1,1,1,1,4,1
9144,2024,237000,2,1,1,1,1,1,1
9145,2024,161200,2,1,1,1,1,1,1
9146,2024,237000,1,1,1,1,1,1,1
9147,2024,161200,1,1,1,1,1,1,1
9148,2024,202700,1,2,1,2,1,1,1
9149,2024,89200,1,2,1,2,1,1,1
9150,2024,210900,1,2,1,2,1,1,1
9151,2024,126300,1,2,1,2,1,1,1
9152,2024,227000,1,1,1,2,1,4,1
9153,2024,152000,1,1,1,2,1,4,1
9154,2024,194688,2,1,1,1,1,2,1
9155,2024,118976,2,1,1,1,1,2,1
9156,2024,194688,1,1,1,1,1,2,1
9157,2024,118976,1,1,1,1,1,2,1
9158,2024,335000,1,1,1,1,1,1,1
9159,2024,219375,1,1,1,1,1,2,1
9160,2024,62691,1,1,1,1,1,2,1
9161,2024,44803,1,1,1,1,1,2,1
9162,2024,265000,2,1,1,1,1,2,1
9163,2024,119313,1,1,1,2,1,2,1
9164,2024,92196,1,1,1,2,1,2,1
9165,2024,254400,1,1,1,2,1,3,1
9166,2024,212000,1,1,1,2,1,3,1
9167,2024,66000,2,1,1,1,1,1,1
9168,2024,46200,2,1,1,1,1,1,1
9169,2024,94000,1,1,1,2,1,2,1
9170,2024,297000,1,1,1,4,1,5,1
9171,2024,190000,1,1,1,4,1,5,1
9172,2024,243400,1,1,1,1,1,1,1
9173,2024,123250,1,1,1,1,1,1,1
9174,2024,214000,1,1,1,2,1,5,1
9175,2024,144000,1,1,1,2,1,5,1
9176,2024,221596,1,1,1,2,1,4,1
9177,2024,71920,1,1,1,2,1,2,1
9178,2024,243800,1,1,1,1,1,5,1
9179,2024,135400,1,1,1,1,1,5,1
9180,2024,78240,1,1,1,3,1,2,1
9181,2024,134160,1,1,1,2,1,1,1
9182,2024,335600,1,1,1,1,1,3,1
9183,2024,195400,1,1,1,1,1,3,1
9184,2024,266000,1,1,1,2,1,3,1
9185,2024,175750,1,1,1,2,1,3,1
9186,2024,136800,1,1,1,1,1,3,1
9187,2024,194750,1,1,1,1,1,3,1
9188,2024,129200,1,1,1,1,1,3,1
9189,2024,358000,1,1,1,1,1,3,1
9190,2024,136800,1,1,1,2,1,3,1
9191,2024,221760,1,1,1,2,1,3,1
9192,2024,126000,1,1,1,2,1,3,1
9193,2024,156750,1,1,1,3,1,3,1
9194,2024,118750,1,1,1,3,1,3,1
9195,2024,237500,1,1,1,3,1,3,1
9196,2024,137750,1,1,1,3,1,3,1
9197,2024,176580,1,1,1,3,1,1,1
9198,2024,117220,1,1,1,3,1,1,1
9199,2024,221596,1,1,1,1,1,4,1
9200,2024,93000,2,1,1,2,1,2,1
9201,2024,222859,1,1,1,1,1,4,1
9202,2024,175750,1,1,1,1,1,1,1
9203,2024,178388,1,1,1,1,1,1,1
9204,2024,222594,1,1,1,1,1,4,1
9205,2024,214032,1,1,1,1,1,4,1
9206,2024,216429,1,1,1,1,1,4,1
9207,2024,172343,1,1,1,2,1,4,1
9208,2024,176235,1,1,1,1,1,4,1
9209,2024,176580,1,1,1,1,1,1,1
9210,2024,117220,1,1,1,1,1,1,1
9211,2024,140663,1,1,1,2,1,2,1
9212,2024,84398,1,1,1,2,1,2,1
9213,2024,119200,1,1,1,2,1,2,1
9214,2024,86600,1,1,1,2,1,2,1
9215,2024,199000,1,1,1,1,1,1,1
9216,2024,141100,1,1,1,1,1,1,1
9217,2024,113200,1,1,1,1,1,3,1
9218,2024,79300,1,1,1,1,1,3,1
9219,2024,154818,2,1,1,2,1,2,1
9220,2024,96761,2,1,1,2,1,2,1
9221,2024,173700,1,1,1,1,1,2,1
9222,2024,121600,1,1,1,1,1,2,1
9223,2024,155542,1,1,1,2,1,1,1
9224,2024,71000,1,1,1,3,1,2,1
9225,2024,57275,1,1,1,3,1,2,1
9226,2024,150000,2,1,1,4,1,2,1
9227,2024,95000,2,1,1,4,1,2,1
9228,2024,419750,1,1,1,1,1,3,1
9229,2024,165300,1,1,1,3,1,2,1
9230,2024,78700,1,1,1,3,1,2,1
9231,2024,185094,1,1,1,1,1,2,1
9232,2024,132210,1,1,1,1,1,2,1
9233,2024,209000,2,1,1,2,1,1,1
9234,2024,101000,2,1,1,2,1,1,1
9235,2024,82000,2,1,1,2,1,4,1
9236,2024,113664,2,1,1,1,1,4,1
9237,2024,75216,2,1,1,1,1,4,1
9238,2024,210000,1,1,1,4,1,1,1
9239,2024,180000,1,1,1,4,1,1,1
9240,2024,98250,1,1,1,1,1,2,1
9241,2024,120400,1,1,1,1,1,1,1
9242,2024,80300,1,1,1,1,1,1,1
9243,2024,144600,1,1,1,4,1,2,1
9244,2024,96400,1,1,1,4,1,2,1
9245,2024,46900,1,1,1,2,1,2,1
9246,2024,242200,1,1,1,1,1,1,1
9247,2024,129400,1,1,1,1,1,1,1
9248,2024,201300,1,1,1,1,1,2,1
9249,2024,123900,1,1,1,1,1,2,1
9250,2024,250500,1,1,1,1,1,2,1
9251,2024,192300,1,2,1,1,1,4,1
9252,2024,95680,1,2,1,1,1,4,1
9253,2024,221170,1,1,1,1,1,1,1
9254,2024,163830,1,1,1,1,1,1,1
9255,2024,280000,2,1,1,1,1,1,1
9256,2024,220800,2,1,1,1,1,2,1
9257,2024,231800,2,1,1,1,1,2,1
9258,2024,185440,2,1,1,1,1,2,1
9259,2024,110900,2,1,1,2,1,2,1
9260,2024,59101,2,1,1,2,1,2,1
9261,2024,88000,1,1,1,3,1,3,1
9262,2024,72000,1,1,1,3,1,3,1
9263,2024,235000,2,1,1,1,1,1,1
9264,2024,165000,1,1,1,1,1,3,1
9265,2024,97400,1,1,1,2,1,1,1
9266,2024,111000,2,1,1,2,1,2,1
9267,2024,170112,1,1,1,1,1,1,1
9268,2024,223500,1,1,1,1,1,5,1
9269,2024,94200,1,1,1,1,1,5,1
9270,2024,216000,1,1,1,2,1,4,1
9271,2024,144000,1,1,1,2,1,4,1
9272,2024,110240,1,1,1,3,1,1,1
9273,2024,139700,1,1,1,1,1,5,1
9274,2024,77000,2,1,1,2,1,5,1
9275,2024,337000,1,1,1,1,1,1,1
9276,2024,142800,2,1,1,2,1,1,1
9277,2024,90000,2,1,1,2,1,3,1
9278,2024,85000,2,1,1,2,1,3,1
9279,2024,232000,1,1,1,1,1,1,1
9280,2024,187920,1,1,1,1,1,1,1
9281,2024,174129,1,1,1,2,1,2,1
9282,2024,177140,1,1,1,1,1,2,1
9283,2024,175420,1,1,1,1,1,2,1
9284,2024,170640,1,1,1,1,1,2,1
9285,2024,73008,1,1,1,1,1,2,1
9286,2024,241100,1,1,1,2,1,1,1
9287,2024,155700,1,1,1,1,1,1,1
9288,2024,75500,1,1,1,1,1,1,1
9289,2024,163000,1,1,1,2,1,2,1
9290,2024,270000,1,1,1,2,1,2,1
9291,2024,154660,1,1,1,2,1,2,1
9292,2024,139565,1,1,1,2,1,2,1
9293,2024,93450,2,1,1,2,1,2,1
9294,2024,80100,2,1,1,2,1,2,1
9295,2024,117400,1,1,1,3,1,2,1
9296,2024,92475,2,1,1,3,2,2,1
9297,2024,44956,2,1,1,3,2,2,1
9298,2024,125338,1,1,1,1,1,2,1
9299,2024,91155,1,1,1,1,1,2,1
9300,2024,249600,1,1,1,1,1,4,1
9301,2024,145410,1,1,1,2,1,4,1
9302,2024,111350,1,1,1,2,1,4,1
9303,2024,124950,1,1,1,1,1,2,1
9304,2024,83300,1,1,1,1,1,2,1
9305,2024,83232,1,1,1,3,1,2,1
9306,2024,60532,1,1,1,3,1,2,1
9307,2024,204000,1,1,1,2,1,4,1
9308,2024,234300,1,1,1,2,1,2,1
9309,2024,149100,1,1,1,2,1,2,1
9310,2024,167900,1,1,1,1,1,1,1
9311,2024,98000,1,1,1,1,1,1,1
9312,2024,165000,2,1,1,1,1,5,1
9313,2024,125000,2,1,1,1,1,5,1
9314,2024,270962,1,1,1,2,1,1,1
9315,2024,187391,1,1,1,1,1,4,1
9316,2024,89430,1,1,1,3,1,2,1
9317,2024,73170,1,1,1,3,1,2,1
9318,2024,327750,1,1,1,1,1,4,1
9319,2024,117900,1,1,1,3,1,2,1
9320,2024,57500,1,1,1,3,1,2,1
9321,2024,135600,1,1,1,3,1,2,1
9322,2024,66100,1,1,1,3,1,2,1
9323,2024,83268,2,1,1,2,1,2,1
9324,2024,65281,2,1,1,2,1,2,1
9325,2024,56800,1,1,1,3,1,2,1
9326,2024,193800,1,1,1,1,1,5,1
9327,2024,107300,1,1,1,1,1,5,1
9328,2024,139319,1,1,1,2,1,2,1
9329,2024,92879,1,1,1,2,1,2,1
9330,2024,157450,2,1,1,1,1,2,1
9331,2024,87100,2,1,1,1,1,2,1
9332,2024,230880,1,1,1,1,1,2,1
9333,2024,141960,1,1,1,1,1,2,1
9334,2024,59000,1,1,1,1,1,2,1
9335,2024,235100,2,1,1,2,1,2,1
9336,2024,149400,2,1,1,2,1,2,1
9337,2024,235800,1,1,1,1,1,2,1
9338,2024,202500,1,1,1,1,1,4,1
9339,2024,162240,2,1,1,3,1,5,1
9340,2024,47840,2,1,1,3,1,5,1
9341,2024,183300,2,1,1,1,1,6,1
9342,2024,101400,2,1,1,1,1,6,1
9343,2024,190833,1,1,1,1,1,1,1
9344,2024,174699,1,1,1,1,1,1,1
9345,2024,267800,1,1,1,1,1,2,1
9346,2024,188040,1,1,1,1,1,5,1
9347,2024,125360,1,1,1,1,1,5,1
9348,2024,144000,1,2,1,3,1,2,1
9349,2024,96000,1,2,1,3,1,2,1
9350,2024,155995,1,2,1,3,1,2,1
9351,2024,103997,1,2,1,3,1,2,1
9352,2024,142996,1,2,1,3,1,2,1
9353,2024,77998,1,2,1,3,1,2,1
9354,2024,155995,1,2,1,2,1,2,1
9355,2024,103997,1,2,1,2,1,2,1
9356,2024,171835,1,2,1,1,1,2,1
9357,2024,114557,1,2,1,1,1,2,1
9358,2024,282000,1,2,1,2,1,1,1
9359,2024,187000,1,2,1,2,1,1,1
9360,2024,130925,1,2,1,1,1,2,1
9361,2024,87283,1,2,1,1,1,2,1
9362,2024,285000,1,2,1,2,1,1,1
9363,2024,153000,1,2,1,2,1,1,1
9364,2024,305280,1,2,1,1,1,4,1
9365,2024,203520,1,2,1,1,1,4,1
9366,2024,219000,1,2,1,2,1,2,1
9367,2024,145000,1,2,1,2,1,2,1
9368,2024,120715,1,2,1,2,1,2,1
9369,2024,80477,1,2,1,2,1,2,1
9370,2024,124805,1,2,1,3,1,3,1
9371,2024,83203,1,2,1,3,1,3,1
9372,2024,178000,1,2,1,1,1,2,1
9373,2024,100000,1,2,1,1,1,2,1
9374,2024,138000,1,2,1,2,1,1,1
9375,2024,91000,1,2,1,2,1,1,1
9376,2024,85000,1,2,1,1,1,1,1
9377,2024,138000,1,2,1,2,1,4,1
9378,2024,91000,1,2,1,2,1,4,1
9379,2024,177000,1,2,1,2,1,4,1
9380,2024,117000,1,2,1,2,1,4,1
9381,2024,272400,1,1,1,1,1,1,1
9382,2024,261500,1,2,1,1,1,1,1
9383,2024,151300,1,2,1,1,1,1,1
9384,2024,165600,1,1,1,2,1,4,1
9385,2024,132480,1,1,1,2,1,4,1
9386,2024,290000,1,1,1,1,1,6,1
9387,2024,240000,1,1,1,1,1,6,1
9388,2024,170200,1,1,1,2,1,2,1
9389,2024,83900,1,1,1,2,1,2,1
9390,2024,133200,2,1,1,1,1,2,1
9391,2024,154500,2,1,1,2,1,2,1
9392,2024,131325,2,1,1,2,1,2,1
9393,2024,165830,2,1,1,1,1,2,1
9394,2024,147290,2,1,1,1,1,2,1
9395,2024,314200,1,1,1,1,1,1,1
9396,2024,211600,1,1,1,1,1,1,1
9397,2024,256000,1,1,1,2,1,3,1
9398,2024,303500,1,1,1,1,1,4,1
9399,2024,159800,1,1,1,1,1,4,1
9400,2024,226000,2,1,1,1,1,3,1
9401,2024,102000,1,1,1,1,1,4,1
9402,2024,180200,2,1,1,1,1,1,1
9403,2024,257500,2,1,1,1,1,6,1
9404,2024,175100,2,1,1,1,1,6,1
9405,2024,202000,1,1,1,1,1,4,1
9406,2024,93876,1,1,1,2,1,2,1
9407,2024,122500,1,1,1,1,1,4,1
9408,2024,104000,2,1,1,1,1,5,1
9409,2024,77000,2,1,1,1,1,5,1
9410,2024,143500,2,1,1,1,1,4,1
9411,2024,103500,2,1,1,1,1,4,1
9412,2024,129600,1,1,1,3,1,3,1
9413,2024,112200,1,1,1,3,1,3,1
9414,2024,232222,1,1,1,3,1,2,1
9415,2024,235400,2,1,1,1,1,2,1
9416,2024,183695,2,1,1,1,1,2,1
9417,2024,94920,1,1,1,2,1,2,1
9418,2024,72320,1,1,1,2,1,2,1
9419,2024,153600,1,1,1,3,1,4,1
9420,2024,115200,1,1,1,3,1,4,1
9421,2024,320500,1,1,1,1,1,4,1
9422,2024,232000,1,1,1,1,1,4,1
9423,2024,296020,1,1,1,1,1,1,1
9424,2024,156864,1,1,1,1,1,1,1
9425,2024,279400,2,1,1,1,1,2,1
9426,2024,242585,2,1,1,1,1,2,1
9427,2024,296300,1,1,1,2,1,2,1
9428,2024,172400,1,1,1,1,1,1,1
9429,2024,82100,1,1,1,1,1,1,1
9430,2024,280000,1,1,1,1,1,2,1
9431,2024,230000,2,1,1,4,1,4,1
9432,2024,180000,2,1,1,4,1,4,1
9433,2024,195700,1,2,1,2,1,2,1
9434,2024,118400,1,2,1,2,1,2,1
9435,2024,294700,1,2,1,1,1,1,1
9436,2024,170500,1,2,1,1,1,1,1
9437,2024,285670,1,1,1,2,1,4,1
9438,2024,207760,1,1,1,2,1,4,1
9439,2024,315000,1,1,1,2,1,6,1
9440,2024,227374,1,1,1,1,1,2,1
9441,2024,168426,1,1,1,1,1,2,1
9442,2024,234637,1,1,1,1,1,3,1
9443,2024,199441,1,1,1,1,1,3,1
9444,2024,203100,1,1,1,2,1,3,1
9445,2024,152100,1,1,1,2,1,3,1
9446,2024,147000,2,1,1,1,1,2,1
9447,2024,72800,1,1,1,2,1,2,1
9448,2024,255000,1,1,1,4,1,1,1
9449,2024,321500,2,1,1,2,1,1,1
9450,2024,214300,2,1,1,2,1,1,1
9451,2024,348000,1,1,1,2,1,4,1
9452,2024,96800,1,1,1,2,1,1,1
9453,2024,155000,2,1,1,1,1,5,1
9454,2024,283400,1,1,1,1,1,1,1
9455,2024,136300,1,1,1,1,1,1,1
9456,2024,206515,1,1,1,1,1,4,1
9457,2024,206315,1,1,1,1,1,4,1
9458,2024,275600,2,1,1,1,1,2,1
9459,2024,183800,2,1,1,1,1,2,1
9460,2024,296100,1,1,1,1,1,2,1
9461,2024,144500,1,1,1,1,1,2,1
9462,2024,400838,1,1,1,1,1,1,1
9463,2024,229163,1,1,1,1,1,1,1
9464,2024,40000,2,1,1,2,1,2,1
9465,2024,32000,2,1,1,2,1,2,1
9466,2024,196500,1,1,1,2,1,4,1
9467,2024,88000,2,1,1,2,1,2,1
9468,2024,79000,2,1,1,2,1,2,1
9469,2024,139809,1,1,1,2,1,4,1
9470,2024,141200,1,1,1,1,1,3,1
9471,2024,75400,1,1,1,1,1,3,1
9472,2024,135111,1,1,1,3,1,2,1
9473,2024,67555,1,1,1,3,1,2,1
9474,2024,234000,1,1,1,1,1,6,1
9475,2024,146000,1,1,1,1,1,6,1
9476,2024,96000,2,1,1,2,1,2,1
9477,2024,72000,2,1,1,2,1,2,1
9478,2024,82999,1,1,1,2,1,2,1
9479,2024,55333,1,1,1,2,1,2,1
9480,2024,46736,1,1,1,2,1,2,1
9481,2024,216000,2,1,1,2,1,2,1
9482,2024,200200,2,1,1,2,1,4,1
9483,2024,177747,2,1,1,2,1,4,1
9484,2024,200200,2,1,1,2,1,1,1
9485,2024,175000,2,1,1,2,1,1,1
9486,2024,408000,1,1,1,2,1,1,1
9487,2024,155000,1,1,1,3,1,2,1
9488,2024,89611,1,1,1,2,1,1,1
9489,2024,67151,1,1,1,2,1,1,1
9490,2024,179431,1,1,1,1,1,2,1
9491,2024,107658,1,1,1,1,1,2,1
9492,2024,110800,1,1,1,3,1,2,1
9493,2024,108300,1,1,1,2,1,2,1
9494,2024,72200,1,1,1,2,1,2,1
9495,2024,148000,1,1,1,2,1,2,1
9496,2024,88800,1,1,1,2,1,2,1
9497,2024,267500,1,1,1,4,1,2,1
9498,2024,170000,1,1,1,4,1,2,1
9499,2024,110000,1,1,1,3,1,5,1
9500,2024,297700,2,1,1,1,1,4,1
9501,2024,186300,2,1,1,1,1,4,1
9502,2024,164600,1,1,1,1,1,1,1
9503,2024,99200,1,1,1,1,1,1,1
9504,2024,155375,1,1,1,2,1,2,1
9505,2024,93225,1,1,1,2,1,2,1
9506,2024,179875,1,1,1,2,1,2,1
9507,2024,107925,1,1,1,2,1,2,1
9508,2024,85400,2,1,1,2,1,2,1
9509,2024,56900,2,1,1,2,1,2,1
9510,2024,287100,1,1,1,1,1,3,1
9511,2024,120300,1,1,1,1,1,3,1
9512,2024,85400,2,1,1,1,1,2,1
9513,2024,208250,1,1,1,1,1,5,1
9514,2024,124950,1,1,1,1,1,5,1
9515,2024,248400,1,1,1,1,1,4,1
9516,2024,140600,1,1,1,1,1,4,1
9517,2024,193800,1,1,1,3,1,2,1
9518,2024,106100,1,1,1,2,1,2,1
9519,2024,51800,1,1,1,2,1,2,1
9520,2024,67000,1,1,1,3,1,2,1
9521,2024,99400,2,1,1,2,1,2,1
9522,2024,59600,2,1,1,2,1,2,1
9523,2024,136200,1,1,1,3,1,2,1
9524,2024,67400,1,1,1,3,1,2,1
9525,2024,189750,1,1,1,1,1,4,1
9526,2024,139476,1,1,1,2,1,4,1
9527,2024,145990,1,1,1,1,1,4,1
9528,2024,176220,1,1,1,2,1,4,1
9529,2024,253000,2,1,1,2,1,1,1
9530,2024,92000,1,1,1,1,1,4,1
9531,2024,167200,2,1,1,1,1,5,1
9532,2024,129402,1,1,1,2,1,1,1
9533,2024,92430,1,1,1,2,1,1,1
9534,2024,379500,2,1,1,1,1,1,1
9535,2024,124400,1,1,1,1,1,2,1
9536,2024,92800,1,1,1,1,1,2,1
9537,2024,112781,2,1,1,3,1,1,1
9538,2024,83175,2,1,1,3,1,1,1
9539,2024,135830,1,1,1,2,1,2,1
9540,2024,84894,1,1,1,2,1,2,1
9541,2024,119500,2,1,1,1,1,2,1
9542,2024,251094,1,1,1,2,1,1,1
9543,2024,108472,1,1,1,2,1,1,1
9544,2024,43908,1,1,1,2,1,2,1
9545,2024,196075,1,1,1,2,1,1,1
9546,2024,85600,1,1,1,2,1,1,1
9547,2024,167900,1,1,1,2,1,3,1
9548,2024,87600,1,1,1,2,1,3,1
9549,2024,94400,1,1,1,3,1,2,1
9550,2024,53800,1,1,1,3,1,2,1
9551,2024,178200,2,1,1,1,1,4,1
9552,2024,74800,2,1,1,1,1,4,1
9553,2024,162225,1,1,1,2,1,2,1
9554,2024,64300,1,1,1,2,1,2,1
9555,2024,299792,1,1,1,2,1,2,1
9556,2024,187370,1,1,1,2,1,2,1
9557,2024,176700,1,1,1,1,1,1,1
9558,2024,168125,1,1,1,1,1,2,1
9559,2024,128840,1,1,1,1,1,2,1
9560,2024,158200,1,1,1,3,1,2,1
9561,2024,65600,1,1,1,3,1,2,1
9562,2024,295000,1,1,1,1,1,3,1
9563,2024,142000,1,1,1,2,1,3,1
9564,2024,301600,1,1,1,1,1,4,1
9565,2024,181000,1,1,1,1,1,4,1
9566,2024,301600,1,1,1,1,1,3,1
9567,2024,181000,1,1,1,1,1,3,1
9568,2024,122430,1,1,1,1,1,2,1
9569,2024,81620,1,1,1,1,1,2,1
9570,2024,98700,1,1,1,3,1,2,1
9571,2024,59400,1,1,1,3,1,2,1
9572,2024,107968,2,1,1,2,1,2,1
9573,2024,63511,2,1,1,2,1,2,1
9574,2024,258000,2,1,1,1,1,1,1
9575,2024,147500,1,1,1,4,1,2,1
9576,2024,145900,1,1,1,2,1,2,1
9577,2024,210700,1,1,1,2,1,2,1
9578,2024,99500,1,1,1,1,1,4,1
9579,2024,73581,1,1,1,3,1,2,1
9580,2024,111072,2,1,1,1,1,2,1
9581,2024,88858,2,1,1,1,1,2,1
9582,2024,85179,1,1,1,3,1,2,1
9583,2024,140160,1,1,1,1,1,2,1
9584,2024,93440,1,1,1,1,1,2,1
9585,2024,182000,2,1,1,1,1,2,1
9586,2024,58400,1,1,1,3,1,2,1
9587,2024,237600,1,1,1,2,1,2,1
9588,2024,139803,1,1,1,1,1,2,1
9589,2024,103331,1,1,1,1,1,2,1
9590,2024,192900,1,1,1,1,1,2,1
9591,2024,96350,1,1,1,2,1,4,1
9592,2024,69050,1,1,1,2,1,4,1
9593,2024,201250,1,1,1,2,1,1,1
9594,2024,157500,1,1,1,1,1,1,1
9595,2024,110000,1,1,1,2,1,5,1
9596,2024,177880,1,2,1,3,1,2,1
9597,2024,87700,1,2,1,3,1,2,1
9598,2024,201200,1,2,1,2,1,1,1
9599,2024,116300,1,2,1,2,1,1,1
9600,2024,140000,1,1,1,3,1,4,1
9601,2024,96720,2,1,1,3,1,2,1
9602,2024,83940,2,1,1,3,1,2,1
9603,2024,129617,1,1,1,1,1,2,1
9604,2024,90732,1,1,1,1,1,2,1
9605,2024,142000,1,1,1,1,1,4,1
9606,2024,289400,2,1,1,1,1,2,1
9607,2024,206700,2,1,1,1,1,2,1
9608,2024,216000,1,1,1,2,1,2,1
9609,2024,292500,2,1,1,4,1,2,1
9610,2024,227500,2,1,1,4,1,2,1
9611,2024,184900,1,1,1,2,1,4,1
9612,2024,247300,2,1,1,1,1,5,1
9613,2024,139900,2,1,1,1,1,5,1
9614,2024,260570,1,1,1,3,1,1,1
9615,2024,167030,1,1,1,3,1,1,1
9616,2024,135148,1,1,1,2,1,2,1
9617,2024,94604,1,1,1,2,1,2,1
9618,2024,245300,1,1,1,1,1,4,1
9619,2024,208505,1,1,1,1,1,4,1
9620,2024,151000,1,1,1,1,1,1,1
9621,2024,185619,1,1,1,3,1,1,1
9622,2024,108355,1,1,1,3,1,1,1
9623,2024,175633,1,1,1,3,1,1,1
9624,2024,101846,1,1,1,3,1,1,1
9625,2024,112713,1,1,1,2,1,1,1
9626,2024,237500,2,1,1,1,1,1,1
9627,2024,219000,2,1,1,1,1,1,1
9628,2024,132000,2,1,1,1,1,1,1
9629,2024,211300,1,1,1,1,1,3,1
9630,2024,101500,1,1,1,1,1,3,1
9631,2024,202800,1,1,1,1,1,1,1
9632,2024,91300,1,1,1,3,1,2,1
9633,2024,61100,1,1,1,3,1,2,1
9634,2024,89280,1,1,1,1,1,2,1
9635,2024,98400,1,1,1,2,1,2,1
9636,2024,179270,1,1,1,2,1,1,1
9637,2024,96038,1,1,1,2,1,1,1
9638,2024,304000,1,1,1,1,1,6,1
9639,2024,190000,1,1,1,1,1,6,1
9640,2024,137100,2,1,1,1,1,2,1
9641,2024,138278,1,1,1,3,1,2,1
9642,2024,86424,1,1,1,3,1,2,1
9643,2024,53800,1,1,1,2,1,4,1
9644,2024,209330,1,1,1,2,1,2,1
9645,2024,161755,1,1,1,2,1,2,1
9646,2024,225060,1,1,1,2,1,2,1
9647,2024,173910,1,1,1,2,1,2,1
9648,2024,86250,1,1,1,2,1,2,1
9649,2024,69722,1,1,1,2,1,2,1
9650,2024,135392,1,1,1,3,2,2,1
9651,2024,79643,1,1,1,3,2,2,1
9652,2024,149100,1,1,1,1,1,2,1
9653,2024,144300,2,1,1,1,1,4,1
9654,2024,104800,2,1,1,1,1,4,1
9655,2024,86940,1,1,1,3,1,2,1
9656,2024,38894,1,1,1,2,1,2,1
9657,2024,79800,1,1,1,3,1,2,1
9658,2024,213210,1,1,1,1,1,1,1
9659,2024,106605,1,1,1,1,1,1,1
9660,2024,206690,2,1,1,1,1,3,1
9661,2024,119800,2,1,1,1,1,3,1
9662,2024,59110,1,1,1,2,1,2,1
9663,2024,47760,1,1,1,2,1,2,1
9664,2024,125680,1,1,1,1,1,2,1
9665,2024,77100,1,1,1,1,1,2,1
9666,2024,79193,1,1,1,2,1,2,1
9667,2024,225396,1,1,1,1,1,1,1
9668,2024,276000,2,1,1,1,1,4,1
9669,2024,148000,2,1,1,1,1,4,1
9670,2024,30000,1,1,1,3,1,1,1
9671,2024,107784,1,1,1,4,1,1,1
9672,2024,60084,1,1,1,4,1,1,1
9673,2024,187909,1,1,1,2,1,1,1
9674,2024,268500,1,1,1,1,1,4,1
9675,2024,144500,1,1,1,1,1,4,1
9676,2024,165000,1,1,1,2,1,5,1
9677,2024,68604,1,1,1,1,1,2,1
9678,2024,56484,1,1,1,1,1,2,1
9679,2024,239190,2,1,1,1,1,4,1
9680,2024,142370,2,1,1,1,1,4,1
9681,2024,74088,1,1,1,2,1,2,1
9682,2024,61008,1,1,1,2,1,2,1
9683,2024,334750,2,1,1,2,1,1,1
9684,2024,175100,2,1,1,2,1,1,1
9685,2024,86000,2,1,1,2,1,2,1
9686,2024,306800,1,1,1,1,1,4,1
9687,2024,165200,1,1,1,1,1,4,1
9688,2024,321000,1,1,1,2,1,2,1
9689,2024,166363,1,1,1,2,1,1,1
9690,2024,103977,1,1,1,2,1,1,1
9691,2024,42700,1,1,1,3,1,2,1
9692,2024,112872,1,1,1,2,1,2,1
9693,2024,60816,1,1,1,2,1,2,1
9694,2024,105500,2,1,1,2,1,2,1
9695,2024,79685,1,1,1,3,1,2,1
9696,2024,154660,1,1,1,1,1,2,1
9697,2024,185000,1,1,1,2,1,3,1
9698,2024,200200,2,1,1,1,1,4,1
9699,2024,182541,2,1,1,1,1,4,1
9700,2024,103000,1,1,1,1,1,1,1
9701,2024,292128,2,1,1,1,1,3,1
9702,2024,141990,2,1,1,1,1,3,1
9703,2024,105000,2,1,1,2,1,3,1
9704,2024,180000,2,1,1,2,1,3,1
9705,2024,405000,1,1,1,2,1,1,1
9706,2024,260100,2,1,1,2,1,4,1
9707,2024,185800,2,1,1,2,1,4,1
9708,2024,289400,2,1,1,1,1,4,1
9709,2024,206700,2,1,1,1,1,4,1
9710,2024,179165,1,1,1,2,1,4,1
9711,2024,193034,1,1,1,1,1,2,1
9712,2024,267100,2,1,1,1,1,6,1
9713,2024,190800,2,1,1,1,1,6,1
9714,2024,203280,1,1,1,2,1,2,1
9715,2024,188586,1,1,1,2,1,2,1
9716,2024,345000,2,1,1,1,1,5,1
9717,2024,314000,1,1,1,1,1,1,1
9718,2024,221000,1,1,1,1,1,1,1
9719,2024,231000,1,1,1,2,1,6,1
9720,2024,154000,1,1,1,2,1,6,1
9721,2024,273000,1,1,1,4,1,1,1
9722,2024,182000,1,1,1,4,1,1,1
9723,2024,186000,1,1,1,2,1,6,1
9724,2024,124000,1,1,1,2,1,6,1
9725,2024,212500,1,1,1,1,1,2,1
9726,2024,260625,1,1,1,2,1,2,1
9727,2024,108100,1,1,1,2,1,2,1
9728,2024,69600,1,1,1,2,1,2,1
9729,2024,147877,1,1,1,2,1,5,1
9730,2024,75980,1,1,1,2,1,5,1
9731,2024,179820,1,1,1,2,1,4,1
9732,2024,124550,1,1,1,2,1,2,1
9733,2024,181600,2,1,1,2,1,2,1
9734,2024,116100,2,1,1,2,1,2,1
9735,2024,142700,1,1,1,4,1,2,1
9736,2024,128000,1,1,1,4,1,2,1
9737,2024,121900,1,1,1,3,1,2,1
9738,2024,79150,1,1,1,3,1,2,1
9739,2024,229000,1,1,1,2,1,1,1
9740,2024,171900,1,1,1,1,1,1,1
9741,2024,79600,1,1,1,1,1,1,1
9742,2024,187180,1,1,1,2,1,2,1
9743,2024,111410,1,1,1,2,1,2,1
9744,2024,164800,2,1,1,3,1,2,1
9745,2024,98090,2,1,1,3,1,2,1
9746,2024,184500,1,1,1,1,1,2,1
9747,2024,281100,1,1,1,2,1,1,1
9748,2024,146300,1,1,1,2,1,1,1
9749,2024,60300,1,1,1,1,1,2,1
9750,2024,284400,1,1,1,2,1,3,1
9751,2024,150700,1,1,1,2,1,3,1
9752,2024,167700,2,1,1,1,1,2,1
9753,2024,79800,2,1,1,1,1,2,1
9754,2024,48500,1,1,1,2,1,2,1
9755,2024,81000,1,1,1,1,1,5,1
9756,2024,243100,1,1,1,1,1,4,1
9757,2024,150260,1,1,1,1,1,1,1
9758,2024,112200,1,1,1,1,1,1,1
9759,2024,166200,1,1,1,1,1,2,1
9760,2024,245400,1,1,1,4,1,1,1
9761,2024,163600,1,1,1,4,1,1,1
9762,2024,79310,1,1,1,3,1,3,1
9763,2024,59400,1,1,1,3,1,3,1
9764,2024,237120,2,1,1,1,1,5,1
9765,2024,130000,2,1,1,1,1,5,1
9766,2024,222880,2,1,1,2,1,1,1
9767,2024,237440,2,1,1,2,1,1,1
9768,2024,108300,1,1,1,1,1,2,1
9769,2024,136100,1,1,1,1,1,4,1
9770,2024,276000,1,1,1,4,1,1,1
9771,2024,175000,1,1,1,4,1,1,1
9772,2024,200000,1,2,1,2,1,1,1
9773,2024,99500,1,2,1,2,1,1,1
9774,2024,223100,1,2,1,2,1,1,1
9775,2024,129100,1,2,1,2,1,1,1
9776,2024,182437,1,1,1,1,1,2,1
9777,2024,216500,2,1,1,1,1,2,1
9778,2024,142200,2,1,1,1,1,2,1
9779,2024,267905,2,1,1,1,1,2,1
9780,2024,223254,2,1,1,1,1,2,1
9781,2024,233400,2,1,1,1,1,2,1
9782,2024,163194,1,1,1,2,1,2,1
9783,2024,135000,1,1,1,4,1,3,1
9784,2024,180600,2,1,1,1,1,2,1
9785,2024,189000,2,1,1,2,1,2,1
9786,2024,136600,2,1,1,2,1,2,1
9787,2024,273000,1,1,1,2,1,1,1
9788,2024,289400,1,1,1,1,1,4,1
9789,2024,206700,1,1,1,1,1,4,1
9790,2024,208800,1,1,1,3,1,3,1
9791,2024,98300,1,1,1,3,1,3,1
9792,2024,176532,1,1,1,2,1,1,1
9793,2024,234900,1,1,1,1,1,2,1
9794,2024,136500,2,1,1,3,1,2,1
9795,2024,92800,2,1,1,3,1,2,1
9796,2024,91900,1,1,1,2,1,2,1
9797,2024,76900,1,1,1,2,1,2,1
9798,2024,64300,1,1,1,1,1,2,1
9799,2024,169000,1,1,1,2,1,4,1
9800,2024,146000,1,1,1,2,1,4,1
9801,2024,119000,2,1,1,2,1,1,1
9802,2024,89000,2,1,1,2,1,1,1
9803,2024,292000,1,1,1,1,1,1,1
9804,2024,331320,2,1,1,1,1,4,1
9805,2024,240960,2,1,1,1,1,4,1
9806,2024,285670,2,1,1,1,1,4,1
9807,2024,207760,2,1,1,1,1,4,1
9808,2024,215055,1,1,1,1,1,1,1
9809,2024,138945,1,1,1,1,1,1,1
9810,2024,200000,1,1,1,3,1,2,1
9811,2024,234000,1,1,1,1,1,3,1
9812,2024,176700,1,1,1,1,1,2,1
9813,2024,154000,2,1,1,3,1,2,1
9814,2024,94000,2,1,1,3,1,2,1
9815,2024,132000,1,1,1,2,1,2,1
9816,2024,166000,1,1,1,2,1,4,1
9817,2024,122246,1,1,1,1,1,2,1
9818,2024,88907,1,1,1,1,1,2,1
9819,2024,128000,1,1,1,3,1,4,1
9820,2024,175960,1,1,1,2,1,1,1
9821,2024,94747,1,1,1,2,1,1,1
9822,2024,89230,2,1,1,3,1,2,1
9823,2024,52488,2,1,1,3,1,2,1
9824,2024,143300,1,1,1,2,1,1,1
9825,2024,79600,1,1,1,2,1,1,1
9826,2024,255500,1,1,1,1,1,5,1
9827,2024,111000,1,1,1,1,1,5,1
9828,2024,40000,1,1,1,3,1,1,1
9829,2024,135000,1,1,1,2,3,3,1
9830,2024,110000,1,1,1,2,3,3,1
9831,2024,267500,1,1,1,1,1,2,1
9832,2024,227600,1,1,1,1,1,1,1
9833,2024,133900,1,1,1,1,1,1,1
9834,2024,156600,1,1,1,2,1,2,1
9835,2024,84200,1,1,1,2,1,2,1
9836,2024,161100,2,1,1,1,1,2,1
9837,2024,90900,2,1,1,1,1,2,1
9838,2024,122250,1,1,1,1,1,2,1
9839,2024,339250,2,1,1,2,1,4,1
9840,2024,242974,2,1,1,2,1,2,1
9841,2024,101239,2,1,1,2,1,2,1
9842,2024,143525,1,1,1,1,1,2,1
9843,2024,201066,1,1,1,1,1,2,1
9844,2024,170373,1,1,1,1,1,2,1
9845,2024,105120,1,1,1,4,1,2,1
9846,2024,70080,1,1,1,4,1,2,1
9847,2024,102864,2,1,1,2,1,6,1
9848,2024,67920,2,1,1,2,1,6,1
9849,2024,185000,2,1,1,4,1,1,1
9850,2024,157500,2,1,1,4,1,1,1
9851,2024,251500,1,1,1,2,1,1,1
9852,2024,215800,1,1,1,1,1,2,1
9853,2024,69200,2,1,1,1,1,2,1
9854,2024,66800,2,1,1,1,1,5,1
9855,2024,198000,2,1,1,1,1,1,1
9856,2024,202800,1,1,1,2,1,1,1
9857,2024,124200,1,1,1,2,1,1,1
9858,2024,139100,1,1,1,1,1,1,1
9859,2024,85300,1,1,1,1,1,1,1
9860,2024,154210,2,1,1,2,1,2,1
9861,2024,96450,2,1,1,2,1,2,1
9862,2024,144660,2,1,1,2,1,2,1
9863,2024,90480,2,1,1,2,1,2,1
9864,2024,312230,2,1,1,1,1,4,1
9865,2024,189250,2,1,1,1,1,4,1
9866,2024,211180,2,1,1,1,1,5,1
9867,2024,127890,2,1,1,1,1,5,1
9868,2024,130100,1,1,1,1,1,2,1
9869,2024,173450,1,1,1,3,1,1,1
9870,2024,126200,1,1,1,3,1,1,1
9871,2024,112500,1,2,1,2,1,1,1
9872,2024,52700,1,2,1,2,1,1,1
9873,2024,135000,2,1,1,4,1,1,1
9874,2024,110000,2,1,1,4,1,1,1
9875,2024,211000,2,1,1,1,1,2,1
9876,2024,207204,1,1,1,1,1,2,1
9877,2024,199234,1,1,1,1,1,2,1
9878,2024,90000,1,1,1,3,3,2,1
9879,2024,80000,1,1,1,3,3,2,1
9880,2024,303050,1,1,1,1,1,1,1
9881,2024,202350,1,1,1,1,1,1,1
9882,2024,253800,2,1,1,1,1,1,1
9883,2024,158000,2,1,1,1,1,1,1
9884,2024,208000,1,1,1,1,1,6,1
9885,2024,141340,1,1,1,1,1,6,1
9886,2024,116900,1,1,1,2,1,1,1
9887,2024,139650,1,1,1,3,1,1,1
9888,2024,106590,1,1,1,3,1,1,1
9889,2024,38000,1,1,1,2,1,2,1
9890,2024,234000,1,1,1,2,1,4,1
9891,2024,282900,1,1,1,1,1,1,1
9892,2024,177100,1,1,1,1,1,1,1
9893,2024,332100,1,1,1,1,1,1,1
9894,2024,207900,1,1,1,1,1,1,1
9895,2024,319000,1,1,1,1,1,4,1
9896,2024,155550,1,1,1,1,1,4,1
9897,2024,103700,1,1,1,1,1,4,1
9898,2024,150895,1,1,1,1,1,4,1
9899,2024,120715,1,1,1,1,1,4,1
9900,2024,101000,1,1,1,1,1,1,1
9901,2024,91000,1,1,1,2,1,1,1
9902,2024,183750,1,1,1,2,1,4,1
9903,2024,147000,1,1,1,3,1,3,1
9904,2024,249700,2,1,1,1,1,2,1
9905,2024,156300,2,1,1,1,1,2,1
9906,2024,134550,1,1,1,1,1,2,1
9907,2024,99450,1,1,1,1,1,2,1
9908,2024,220000,2,1,1,2,1,2,1
9909,2024,292000,1,1,1,4,1,1,1
9910,2024,91990,2,1,1,3,1,2,1
9911,2024,61320,2,1,1,3,1,2,1
9912,2024,106700,1,1,1,2,1,2,1
9913,2024,252450,1,1,1,1,1,2,1
9914,2024,340300,1,2,1,1,1,2,1
9915,2024,196900,1,2,1,1,1,2,1
9916,2024,106500,1,1,1,1,1,2,1
9917,2024,248000,2,1,1,1,1,4,1
9918,2024,139000,2,1,1,1,1,4,1
9919,2024,251950,1,1,1,1,1,1,1
9920,2024,183100,1,1,1,1,1,1,1
9921,2024,125945,1,1,1,1,1,2,1
9922,2024,100756,1,1,1,1,1,2,1
9923,2024,150000,2,1,1,2,3,2,1
9924,2024,144000,2,1,1,2,3,2,1
9925,2024,399000,1,1,1,4,1,1,1
9926,2024,278000,1,1,1,4,1,1,1
9927,2024,467998,2,1,1,1,1,4,1
9928,2024,227299,2,1,1,1,1,4,1
9929,2024,166000,2,1,1,2,1,2,1
9930,2024,179688,2,1,1,2,1,2,1
9931,2024,132813,2,1,1,2,1,2,1
9932,2024,307000,1,1,1,4,1,3,1
9933,2024,242000,1,1,1,4,1,3,1
9934,2024,172551,1,1,1,1,1,4,1
9935,2024,74800,1,1,1,2,1,1,1
9936,2024,265000,2,1,1,1,1,6,1
9937,2024,200000,2,1,1,1,1,6,1
9938,2024,550000,1,1,1,1,1,3,1
9939,2024,310000,1,1,1,1,1,3,1
9940,2024,305600,2,1,1,1,1,3,1
9941,2024,229200,2,1,1,1,1,3,1
9942,2024,149850,2,1,1,1,1,2,1
9943,2024,182400,2,1,1,2,1,2,1
9944,2024,76000,2,1,1,2,1,2,1
9945,2024,430000,1,1,1,1,1,4,1
9946,2024,182000,1,1,1,2,1,4,1
9947,2024,210255,1,1,1,1,1,1,1
9948,2024,139200,1,1,1,2,1,2,1
9949,2024,252500,2,1,1,1,1,2,1
9950,2024,182300,2,1,1,1,1,2,1
9951,2024,177747,1,1,1,1,1,4,1
9952,2024,157000,1,1,1,2,1,5,1
9953,2024,111000,1,1,1,2,1,5,1
9954,2024,91000,1,1,1,1,1,2,1
9955,2024,142200,1,1,1,1,1,2,1
9956,2024,85300,1,1,1,1,1,2,1
9957,2024,79616,1,1,1,2,1,2,1
9958,2024,162000,1,1,1,2,1,2,1
9959,2024,195000,2,1,1,1,1,4,1
9960,2024,178500,1,1,1,1,1,2,1
9961,2024,119000,1,1,1,3,1,3,1
9962,2024,91550,1,1,1,3,1,2,1
9963,2024,65350,1,1,1,3,1,2,1
9964,2024,265080,1,1,1,4,1,1,1
9965,2024,176720,1,1,1,4,1,1,1
9966,2024,391406,1,1,1,1,1,2,1
9967,2024,169088,1,1,1,1,1,2,1
9968,2024,144600,1,1,1,1,1,1,1
9969,2024,81500,1,1,1,1,1,5,1
9970,2024,327500,1,1,1,1,1,4,1
9971,2024,80000,2,1,1,3,1,4,1
9972,2024,127200,1,1,1,3,1,2,1
9973,2024,168200,1,1,1,1,1,2,1
9974,2024,195840,1,1,1,2,1,4,1
9975,2024,85920,1,1,1,2,1,4,1
9976,2024,117343,1,1,1,1,1,2,1
9977,2024,78230,1,1,1,1,1,2,1
9978,2024,263900,1,1,1,1,1,3,1
9979,2024,195100,1,1,1,1,1,3,1
9980,2024,44000,1,1,1,3,1,4,1
9981,2024,231540,1,1,1,4,1,2,1
9982,2024,171350,1,1,1,2,1,1,1
9983,2024,104550,1,1,1,2,1,1,1
9984,2024,126650,1,1,1,1,1,1,1
9985,2024,89700,1,1,1,3,1,4,1
9986,2024,66300,1,1,1,3,1,4,1
9987,2024,109250,1,1,1,2,1,4,1
9988,2024,80750,1,1,1,2,1,4,1
9989,2024,212750,1,1,1,1,1,4,1
9990,2024,157250,1,1,1,1,1,4,1
9991,2024,123950,1,1,1,1,1,1,1
9992,2024,247000,1,1,1,1,1,2,1
9993,2024,296000,1,1,1,1,1,2,1
9994,2024,114500,1,1,1,1,1,2,1
9995,2024,53200,1,1,1,3,1,2,1
9996,2024,50000,1,1,1,3,1,1,1
9997,2024,311600,1,1,1,2,1,1,1
9998,2024,182312,1,1,1,2,1,4,1
9999,2024,172800,1,1,1,1,1,4,1
10000,2024,128502,1,1,1,1,1,4,1
10001,2024,156500,1,1,1,2,1,1,1
10002,2024,99800,1,1,1,2,1,1,1
10003,2024,194286,1,1,1,1,1,2,1
10004,2024,58000,1,1,1,3,1,4,1
10005,2024,46000,1,1,1,3,1,4,1
10006,2024,378000,1,1,1,4,1,1,1
10007,2024,216000,1,1,1,4,1,1,1
10008,2024,218900,1,1,1,1,1,3,1
10009,2024,105100,1,1,1,1,1,3,1
10010,2024,383500,1,1,1,1,1,1,1
10011,2024,152580,1,1,1,2,1,5,1
10012,2024,101720,1,1,1,2,1,5,1
10013,2024,153600,1,1,1,2,1,1,1
10014,2024,93100,1,1,1,2,1,1,1
10015,2024,200875,1,1,1,2,1,2,1
10016,2024,120525,1,1,1,2,1,2,1
10017,2024,143000,1,1,1,2,1,4,1
10018,2024,109000,1,1,1,2,1,4,1
10019,2024,120050,1,1,1,2,1,1,1
10020,2024,76380,1,1,1,2,1,1,1
10021,2024,194065,1,1,1,1,1,1,1
10022,2024,114000,1,1,1,3,1,1,1
10023,2024,346500,1,1,1,1,1,3,1
10024,2024,198000,1,1,1,1,1,3,1
10025,2024,111600,1,1,1,3,1,3,1
10026,2024,74400,1,1,1,3,1,3,1
10027,2024,231250,1,1,1,1,1,3,1
10028,2024,251511,1,1,1,4,1,2,1
10029,2024,143244,1,1,1,4,1,2,1
10030,2024,151770,1,1,1,2,1,2,1
10031,2024,91062,1,1,1,2,1,2,1
10032,2024,98450,1,1,1,2,1,2,1
10033,2024,105600,1,1,1,2,1,2,1
10034,2024,209600,1,1,1,1,1,1,1
10035,2024,149300,1,1,1,1,1,1,1
10036,2024,216200,1,1,1,2,1,1,1
10037,2024,127500,1,1,1,2,1,1,1
10038,2024,55000,1,1,1,1,1,2,1
10039,2024,101800,1,1,1,1,1,2,1
10040,2024,227979,1,1,1,1,1,1,1
10041,2024,136787,1,1,1,1,1,1,1
10042,2024,192840,1,1,1,2,1,1,1
10043,2024,115704,1,1,1,2,1,1,1
10044,2024,211000,1,1,1,1,1,4,1
10045,2024,124100,1,1,1,1,1,4,1
10046,2024,104550,1,1,1,2,1,6,1
10047,2024,121200,1,1,1,1,1,1,1
10048,2024,151800,1,1,1,2,1,4,1
10049,2024,90950,1,1,1,2,1,4,1
10050,2024,107600,1,1,1,3,1,2,1
10051,2024,71800,1,1,1,3,1,2,1
10052,2024,48000,2,1,1,3,2,2,1
10053,2024,34000,2,1,1,3,2,2,1
10054,2024,203940,1,1,1,1,1,1,1
10055,2024,101970,1,1,1,1,1,1,1
10056,2024,182312,1,1,1,1,1,4,1
10057,2024,296400,1,1,1,2,1,4,1
10058,2024,185800,1,1,1,2,1,4,1
10059,2024,150550,1,1,1,1,1,1,1
10060,2024,129375,1,1,1,1,1,2,1
10061,2024,86250,1,1,1,1,1,2,1
10062,2024,209700,1,1,1,1,1,3,1
10063,2024,123300,1,1,1,1,1,3,1
10064,2024,212800,1,2,1,2,1,3,1
10065,2024,136000,1,2,1,2,1,3,1
10066,2024,212800,2,1,1,1,1,3,1
10067,2024,177300,2,1,1,1,1,3,1
10068,2024,60000,1,1,1,3,2,1,1
10069,2024,50000,1,1,1,3,2,1,1
10070,2024,235400,2,1,1,2,1,2,1
10071,2024,209720,2,1,1,2,1,2,1
10072,2024,223500,1,1,1,3,1,2,1
10073,2024,308800,2,1,1,1,1,2,1
10074,2024,192200,2,1,1,1,1,2,1
10075,2024,218900,2,1,1,1,1,3,1
10076,2024,202000,2,1,1,1,1,4,1
10077,2024,40000,1,1,1,1,1,3,1
10078,2024,220067,2,1,1,1,1,2,1
10079,2024,135549,2,1,1,1,1,2,1
10080,2024,159500,1,1,1,1,1,2,1
10081,2024,63400,1,1,1,3,1,2,1
10082,2024,60216,1,1,1,3,1,2,1
10083,2024,90342,1,1,1,3,1,2,1
10084,2024,130514,1,1,1,2,1,2,1
10085,2024,330146,1,1,1,1,1,4,1
10086,2024,160520,1,1,1,1,1,4,1
10087,2024,267100,1,1,1,1,1,1,1
10088,2024,252368,1,1,1,1,1,1,1
10089,2024,200200,1,1,1,3,1,1,1
10090,2024,160856,1,1,1,3,1,1,1
10091,2024,154000,2,1,1,1,1,5,1
10092,2024,181900,1,1,1,2,1,2,1
10093,2024,121300,1,1,1,2,1,2,1
10094,2024,164200,2,1,1,2,1,2,1
10095,2024,109400,2,1,1,2,1,2,1
10096,2024,124683,1,1,1,2,1,1,1
10097,2024,99705,1,1,1,2,1,1,1
10098,2024,234520,1,1,1,1,1,1,1
10099,2024,208936,1,1,1,1,1,1,1
10100,2024,143500,1,1,1,1,1,4,1
10101,2024,77101,1,1,1,1,1,4,1
10102,2024,87000,1,1,1,2,1,2,1
10103,2024,118400,1,1,1,1,1,2,1
10104,2024,100700,1,1,1,1,1,2,1
10105,2024,205500,1,1,1,1,1,2,1
10106,2024,202198,1,1,1,1,1,2,1
10107,2024,86800,1,1,1,3,1,2,1
10108,2024,102092,2,1,1,1,1,2,1
10109,2024,75624,2,1,1,1,1,2,1
10110,2024,140000,1,1,1,1,3,1,1
10111,2024,85000,1,1,1,1,3,1,1
10112,2024,131200,1,1,1,1,1,2,1
10113,2024,95300,1,1,1,1,1,2,1
10114,2024,227559,1,1,1,2,1,2,1
10115,2024,329600,1,1,1,2,1,2,1
10116,2024,219300,1,1,1,2,1,2,1
10117,2024,134561,2,1,1,1,1,2,1
10118,2024,79154,2,1,1,1,1,2,1
10119,2024,233761,1,1,1,2,1,2,1
10120,2024,180217,1,1,1,1,1,2,1
10121,2024,82000,2,1,1,3,1,2,1
10122,2024,37000,2,1,1,3,1,2,1
10123,2024,183300,1,1,1,1,1,4,1
10124,2024,101400,1,1,1,1,1,4,1
10125,2024,201000,1,1,1,1,1,3,1
10126,2024,125500,1,1,1,1,1,3,1
10127,2024,306000,1,1,1,2,1,1,1
10128,2024,199400,1,1,1,1,1,5,1
10129,2024,97800,1,1,1,1,1,5,1
10130,2024,100700,1,1,1,1,1,4,1
10131,2024,154700,1,1,1,3,1,2,1
10132,2024,88200,1,1,1,3,1,2,1
10133,2024,177000,1,1,1,3,1,1,1
10134,2024,208800,1,1,1,1,1,2,1
10135,2024,85068,1,1,1,3,1,2,1
10136,2024,168715,1,1,1,1,1,2,1
10137,2024,99230,1,1,1,1,1,2,1
10138,2024,276000,1,1,1,3,1,4,1
10139,2024,148000,1,1,1,3,1,4,1
10140,2024,323400,1,1,1,1,1,5,1
10141,2024,223000,1,1,1,1,1,5,1
10142,2024,296400,1,1,1,4,1,4,1
10143,2024,229986,1,1,1,4,1,4,1
10144,2024,217200,1,1,1,1,1,1,1
10145,2024,143500,1,1,1,1,1,1,1
10146,2024,229986,1,1,1,2,1,4,1
10147,2024,96750,1,1,1,1,1,2,1
10148,2024,69600,1,1,1,1,1,2,1
10149,2024,138200,1,1,1,1,1,1,1
10150,2024,145700,1,1,1,1,1,5,1
10151,2024,80700,1,1,1,1,1,5,1
10152,2024,370002,1,1,1,1,1,2,1
10153,2024,196008,1,1,1,1,1,2,1
10154,2024,145537,2,1,1,2,1,2,1
10155,2024,119076,2,1,1,2,1,2,1
10156,2024,167000,1,1,1,1,1,3,1
10157,2024,163300,1,1,1,1,1,2,1
10158,2024,103300,1,1,1,2,1,2,1
10159,2024,258000,1,1,1,1,1,4,1
10160,2024,258100,1,1,1,1,1,2,1
10161,2024,192300,1,1,1,4,1,2,1
10162,2024,155413,1,1,1,1,1,2,1
10163,2024,118414,1,1,1,1,1,2,1
10164,2024,398983,2,1,1,1,1,4,1
10165,2024,193960,2,1,1,1,1,4,1
10166,2024,234000,1,1,1,2,1,2,1
10167,2024,156975,1,1,1,1,1,1,1
10168,2024,137029,1,1,1,1,1,2,1
10169,2024,231600,1,1,1,1,1,2,1
10170,2024,135100,1,1,1,1,1,2,1
10171,2024,236300,1,1,1,2,1,2,1
10172,2024,141300,1,1,1,2,1,2,1
10173,2024,52700,1,1,1,2,1,2,1
10174,2024,274000,2,1,1,1,1,4,1
10175,2024,212800,2,1,1,1,1,1,1
10176,2024,177300,2,1,1,1,1,1,1
10177,2024,264200,1,1,1,3,1,3,1
10178,2024,143100,1,1,1,3,1,3,1
10179,2024,185752,1,1,1,2,1,3,1
10180,2024,152400,1,1,1,2,1,1,1
10181,2024,88900,1,1,1,2,1,1,1
10182,2024,250000,1,1,1,4,1,4,1
10183,2024,150000,1,1,1,4,1,4,1
10184,2024,241875,1,1,1,1,1,4,1
10185,2024,161250,1,1,1,1,1,4,1
10186,2024,289000,1,1,1,2,1,1,1
10187,2024,148752,1,1,1,1,1,4,1
10188,2024,269100,1,1,1,1,1,1,1
10189,2024,131300,1,1,1,1,1,1,1
10190,2024,162344,1,1,1,2,1,1,1
10191,2024,93876,1,1,1,2,1,1,1
10192,2024,176800,1,1,1,2,1,4,1
10193,2024,294300,1,1,1,2,1,3,1
10194,2024,141200,1,1,1,2,1,3,1
10195,2024,61000,1,1,1,3,1,2,1
10196,2024,251094,2,1,1,1,1,2,1
10197,2024,108472,2,1,1,1,1,2,1
10198,2024,99000,1,1,1,3,1,3,1
10199,2024,77000,1,1,1,3,1,3,1
10200,2024,237500,1,1,1,4,1,3,1
10201,2024,157500,1,1,1,4,1,3,1
10202,2024,181900,1,1,1,1,1,1,1
10203,2024,128100,1,1,1,1,1,1,1
10204,2024,186956,1,1,1,2,1,3,1
10205,2024,259600,1,1,1,2,1,1,1
10206,2024,107300,1,1,1,2,1,1,1
10207,2024,170640,2,1,1,1,1,2,1
10208,2024,73008,2,1,1,1,1,2,1
10209,2024,199100,1,1,1,1,1,2,1
10210,2024,120600,1,1,1,1,1,2,1
10211,2024,107910,1,1,1,2,1,2,1
10212,2024,187867,1,1,1,1,1,2,1
10213,2024,138859,1,1,1,1,1,2,1
10214,2024,153400,2,1,1,2,1,4,1
10215,2024,101098,2,1,1,2,1,2,1
10216,2024,59469,2,1,1,2,1,2,1
10217,2024,92475,1,1,1,3,1,2,1
10218,2024,54397,1,1,1,3,1,2,1
10219,2024,83552,2,1,1,3,1,2,1
10220,2024,49148,2,1,1,3,1,2,1
10221,2024,215896,1,1,1,1,1,4,1
10222,2024,211000,1,1,1,2,1,3,1
10223,2024,117832,1,1,1,2,1,1,1
10224,2024,279400,1,1,1,1,1,2,1
10225,2024,224028,1,1,1,1,1,2,1
10226,2024,217749,1,1,1,2,1,2,1
10227,2024,39600,2,1,1,2,1,2,1
10228,2024,76980,1,1,1,2,1,2,1
10229,2024,125000,1,1,1,2,1,5,1
10230,2024,372900,1,1,1,4,1,4,1
10231,2024,223000,1,1,1,4,1,4,1
10232,2024,276000,1,1,1,2,1,2,1
10233,2024,173040,1,1,1,3,1,2,1
10234,2024,86520,1,1,1,3,1,2,1
10235,2024,194000,2,1,1,1,1,1,1
10236,2024,185495,1,1,1,2,1,4,1
10237,2024,173100,1,1,1,4,1,3,1
10238,2024,98155,1,1,1,1,1,2,1
10239,2024,149600,1,1,1,1,1,2,1
10240,2024,119680,1,1,1,1,1,2,1
10241,2024,255600,1,1,1,1,1,4,1
10242,2024,170400,1,1,1,1,1,4,1
10243,2024,229900,2,1,1,2,1,1,1
10244,2024,164200,2,1,1,2,1,1,1
10245,2024,225600,1,1,1,2,1,4,1
10246,2024,190000,1,1,1,3,1,2,1
10247,2024,192500,2,1,1,1,1,2,1
10248,2024,122500,2,1,1,1,1,2,1
10249,2024,275000,1,1,1,1,1,3,1
10250,2024,337000,1,1,1,4,1,1,1
10251,2024,240000,1,1,1,4,1,1,1
10252,2024,106350,1,1,1,1,1,1,1
10253,2024,147000,1,1,1,1,1,4,1
10254,2024,169400,1,1,1,2,1,1,1
10255,2024,123200,1,1,1,2,1,1,1
10256,2024,465000,1,1,1,1,1,4,1
10257,2024,170560,1,1,1,1,1,1,1
10258,2024,146200,1,1,1,1,1,2,1
10259,2024,226800,2,1,1,1,1,1,1
10260,2024,129200,2,1,1,1,1,1,1
10261,2024,226800,1,1,1,1,1,1,1
10262,2024,129200,1,1,1,1,1,1,1
10263,2024,260000,1,1,1,1,1,3,1
10264,2024,84000,1,1,1,2,1,3,1
10265,2024,227800,1,1,1,1,1,2,1
10266,2024,138100,1,1,1,1,1,2,1
10267,2024,200875,1,1,1,1,1,2,1
10268,2024,120525,1,1,1,1,1,2,1
10269,2024,172200,1,1,1,2,1,2,1
10270,2024,140100,1,1,1,2,1,1,1
10271,2024,82400,1,1,1,2,1,1,1
10272,2024,172200,1,1,1,2,1,4,1
10273,2024,101300,1,1,1,2,1,4,1
10274,2024,120200,1,1,1,2,1,2,1
10275,2024,166000,1,1,1,2,2,1,1
10276,2024,104000,1,1,1,2,2,1,1
10277,2024,212800,1,1,1,2,1,3,1
10278,2024,116600,1,1,1,2,1,3,1
10279,2024,132600,1,1,1,1,1,4,1
10280,2024,398900,1,1,1,1,1,2,1
10281,2024,37000,1,1,1,3,1,2,1
10282,2024,90900,1,1,1,3,1,2,1
10283,2024,232223,1,1,1,2,1,1,1
10284,2024,211536,1,1,1,2,1,1,1
10285,2024,176100,1,1,1,1,1,2,1
10286,2024,120800,1,1,1,2,1,2,1
10287,2024,63600,1,1,1,2,1,2,1
10288,2024,234400,1,1,1,1,1,2,1
10289,2024,141100,1,1,1,1,1,2,1
10290,2024,96000,2,1,1,2,1,4,1
10291,2024,305000,1,1,1,1,1,2,1
10292,2024,164500,1,1,1,2,1,1,1
10293,2024,178000,1,1,1,2,1,6,1
10294,2024,86400,2,1,1,2,1,2,1
10295,2024,165400,1,1,1,2,1,1,1
10296,2024,112600,1,1,1,2,1,1,1
10297,2024,105711,1,1,1,1,1,5,1
10298,2024,64000,1,1,1,2,1,4,1
10299,2024,185400,1,1,1,2,1,2,1
10300,2024,92100,1,1,1,2,1,2,1
10301,2024,281700,1,1,1,1,1,2,1
10302,2024,104235,2,1,1,3,1,2,1
10303,2024,63450,2,1,1,3,1,2,1
10304,2024,313700,2,1,1,1,1,1,1
10305,2024,196400,2,1,1,1,1,1,1
10306,2024,144600,1,1,1,3,1,2,1
10307,2024,77800,1,1,1,3,1,2,1
10308,2024,150300,1,1,1,1,1,1,1
10309,2024,51600,1,1,1,3,1,2,1
10310,2024,51600,1,1,1,2,1,2,1
10311,2024,85810,1,1,1,1,1,1,1
10312,2024,70190,1,1,1,1,1,1,1
10313,2024,109250,1,1,1,3,1,2,1
10314,2024,87400,1,1,1,3,1,2,1
10315,2024,83500,1,1,1,3,1,2,1
10316,2024,69000,1,1,1,3,1,2,1
10317,2024,210800,1,1,1,1,1,2,1
10318,2024,168800,1,1,1,1,1,3,1
10319,2024,171000,2,1,1,1,1,4,1
10320,2024,88031,1,1,1,1,1,1,1
10321,2024,60296,1,1,1,1,1,1,1
10322,2024,169400,1,1,1,1,1,2,1
10323,2024,123200,1,1,1,1,1,2,1
10324,2024,157590,1,1,1,1,1,4,1
10325,2024,190220,1,1,1,1,1,2,1
10326,2024,155635,1,1,1,1,1,2,1
10327,2024,256600,1,1,1,1,1,4,1
10328,2024,196900,1,1,1,1,1,4,1
10329,2024,282000,1,1,1,1,1,6,1
10330,2024,170000,1,1,1,1,1,6,1
10331,2024,172500,1,1,1,1,1,5,1
10332,2024,165000,1,1,1,1,1,5,1
10333,2024,148122,1,1,1,1,1,4,1
10334,2024,128250,1,1,1,3,1,2,1
10335,2024,268400,2,1,1,1,1,2,1
10336,2024,167100,2,1,1,1,1,2,1
10337,2024,58500,1,1,1,2,1,4,1
10338,2024,152500,1,1,1,2,1,4,1
10339,2024,66500,1,1,1,2,1,4,1
10340,2024,230000,1,1,1,4,1,1,1
10341,2024,155000,1,1,1,4,1,1,1
10342,2024,118000,1,1,1,2,1,4,1
10343,2024,166000,2,1,1,3,1,2,1
10344,2024,316000,1,1,1,2,1,2,1
10345,2024,266000,1,1,1,2,1,4,1
10346,2024,150400,1,1,1,2,1,4,1
10347,2024,218500,1,1,1,1,1,1,1
10348,2024,94500,1,1,1,2,1,2,1
10349,2024,135000,2,1,1,1,1,6,1
10350,2024,105000,2,1,1,1,1,6,1
10351,2024,247600,1,2,1,1,1,3,1
10352,2024,143300,1,2,1,1,1,3,1
10353,2024,179500,1,2,1,2,1,1,1
10354,2024,85900,1,2,1,2,1,1,1
10355,2024,201600,1,1,1,1,1,2,1
10356,2024,134400,1,1,1,1,1,2,1
10357,2024,145000,2,1,1,3,1,2,1
10358,2024,136500,2,1,1,1,1,2,1
10359,2024,92800,2,1,1,1,1,2,1
10360,2024,201000,2,1,1,1,1,2,1
10361,2024,173689,1,1,1,1,1,2,1
10362,2024,105267,1,1,1,1,1,2,1
10363,2024,232300,2,1,1,1,1,3,1
10364,2024,171700,2,1,1,1,1,3,1
10365,2024,212780,1,1,1,2,1,2,1
10366,2024,178660,1,1,1,2,1,2,1
10367,2024,107766,1,1,1,2,1,2,1
10368,2024,195000,2,1,1,1,1,3,1
10369,2024,215000,1,1,1,2,1,1,1
10370,2024,129150,1,1,1,2,1,2,1
10371,2024,235000,2,1,1,1,1,5,1
10372,2024,110000,2,1,1,1,1,5,1
10373,2024,108445,1,1,1,1,1,2,1
10374,2024,249000,2,1,1,1,1,4,1
10375,2024,211650,2,1,1,1,1,4,1
10376,2024,273675,1,1,1,1,1,1,1
10377,2024,165825,1,1,1,1,1,1,1
10378,2024,338600,1,1,1,1,1,1,1
10379,2024,142900,1,1,1,1,1,1,1
10380,2024,145300,1,1,1,1,1,1,1
10381,2024,72700,1,1,1,1,1,1,1
10382,2024,312867,1,1,1,1,1,2,1
10383,2024,183581,1,1,1,1,1,2,1
10384,2024,227200,1,1,1,1,1,1,1
10385,2024,199100,1,1,1,1,1,1,1
10386,2024,315000,1,1,1,1,1,4,1
10387,2024,400000,1,1,1,2,1,4,1
10388,2024,55200,1,1,1,1,1,2,1
10389,2024,162225,1,1,1,1,1,2,1
10390,2024,146005,1,1,1,1,1,2,1
10391,2024,93420,1,1,1,1,1,2,1
10392,2024,265080,1,1,1,4,1,2,1
10393,2024,176720,1,1,1,4,1,2,1
10394,2024,101953,1,1,1,2,1,2,1
10395,2024,86660,1,1,1,2,1,2,1
10396,2024,239000,1,1,1,2,1,3,1
10397,2024,161000,1,1,1,2,1,3,1
10398,2024,192221,1,1,1,1,1,3,1
10399,2024,128147,1,1,1,1,1,3,1
10400,2024,176090,1,1,1,2,1,3,1
10401,2024,117394,1,1,1,2,1,3,1
10402,2024,201040,1,1,1,1,1,3,1
10403,2024,134026,1,1,1,1,1,3,1
10404,2024,176580,1,1,1,2,1,2,1
10405,2024,117220,1,1,1,2,1,2,1
10406,2024,160470,1,1,1,1,1,2,1
10407,2024,102690,1,1,1,1,1,2,1
10408,2024,178300,1,1,1,1,1,2,1
10409,2024,114100,1,1,1,1,1,2,1
10410,2024,296000,1,1,1,1,1,1,1
10411,2024,208956,1,1,1,1,1,3,1
10412,2024,151968,1,1,1,1,1,3,1
10413,2024,94700,1,1,1,1,1,4,1
10414,2024,214560,2,1,1,1,1,1,1
10415,2024,83200,2,1,1,1,1,1,1
10416,2024,168326,1,1,1,3,1,2,1
10417,2024,100996,1,1,1,3,1,2,1
10418,2024,290950,1,1,1,2,1,3,1
10419,2024,211600,1,1,1,2,1,3,1
10420,2024,122200,1,1,1,1,1,2,1
10421,2024,261250,1,1,1,3,1,2,1
10422,2024,123626,1,1,1,3,1,2,1
10423,2024,104500,1,1,1,2,1,2,1
10424,2024,91922,2,1,1,1,1,5,1
10425,2024,270400,1,1,1,1,1,3,1
10426,2024,145600,1,1,1,1,1,3,1
10427,2024,322300,1,1,1,1,1,1,1
10428,2024,160200,1,1,1,1,1,1,1
10429,2024,168800,1,1,1,1,1,2,1
10430,2024,267600,1,1,1,1,1,1,1
10431,2024,140200,1,1,1,1,1,1,1
10432,2024,151323,1,1,1,1,1,2,1
10433,2024,137100,1,1,1,1,1,1,1
10434,2024,130900,2,1,1,2,1,3,1
10435,2024,83100,2,1,1,2,1,3,1
10436,2024,193300,2,1,1,1,1,3,1
10437,2024,122800,2,1,1,1,1,3,1
10438,2024,202400,1,1,1,2,1,1,1
10439,2024,156400,1,1,1,2,1,1,1
10440,2024,89472,1,1,1,2,1,2,1
10441,2024,66132,1,1,1,2,1,2,1
10442,2024,180000,1,1,1,3,1,4,1
10443,2024,96250,1,1,1,3,1,3,1
10444,2024,61600,1,1,1,3,1,3,1
10445,2024,175300,2,1,1,1,1,1,1
10446,2024,142020,2,1,1,1,1,1,1
10447,2024,198000,1,1,1,2,1,1,1
10448,2024,243500,2,1,1,1,1,2,1
10449,2024,112302,2,1,1,1,1,2,1
10450,2024,83187,2,1,1,1,1,2,1
10451,2024,64900,1,1,1,1,1,2,1
10452,2024,126100,1,1,1,3,1,2,1
10453,2024,86700,1,1,1,1,1,1,1
10454,2024,149300,1,1,1,2,1,1,1
10455,2024,130125,1,1,1,2,1,3,1
10456,2024,288300,1,1,1,1,1,3,1
10457,2024,144100,1,1,1,1,1,3,1
10458,2024,169000,1,1,1,2,1,2,1
10459,2024,148017,2,1,1,1,1,2,1
10460,2024,87069,2,1,1,1,1,2,1
10461,2024,85300,1,1,1,3,1,2,1
10462,2024,208578,1,1,1,3,1,2,1
10463,2024,111467,1,1,1,3,1,2,1
10464,2024,253300,1,1,1,1,1,1,1
10465,2024,154818,1,1,1,2,1,1,1
10466,2024,96761,1,1,1,2,1,1,1
10467,2024,234700,1,1,1,1,1,4,1
10468,2024,220500,1,1,1,1,1,4,1
10469,2024,120500,1,1,1,1,1,4,1
10470,2024,259900,1,1,1,1,1,1,1
10471,2024,144400,1,1,1,1,1,1,1
10472,2024,65600,1,1,1,2,1,2,1
10473,2024,47700,1,1,1,2,1,2,1
10474,2024,198500,1,1,1,1,1,4,1
10475,2024,110100,1,1,1,2,1,1,1
10476,2024,204300,1,2,1,2,1,3,1
10477,2024,118200,1,2,1,2,1,3,1
10478,2024,67500,1,1,1,3,1,2,1
10479,2024,311900,1,1,1,1,1,2,1
10480,2024,207900,1,1,1,1,1,2,1
10481,2024,252450,1,1,1,1,1,3,1
10482,2024,183600,1,1,1,1,1,3,1
10483,2024,258100,1,1,1,1,1,3,1
10484,2024,151900,1,1,1,1,1,3,1
10485,2024,209100,1,2,1,1,1,2,1
10486,2024,156312,1,2,1,1,1,2,1
10487,2024,115000,1,1,1,2,1,5,1
10488,2024,83000,1,1,1,2,1,5,1
10489,2024,264000,2,1,1,4,1,3,1
10490,2024,195000,2,1,1,4,1,3,1
10491,2024,213600,1,1,1,2,1,2,1
10492,2024,67200,1,1,1,2,1,2,1
10493,2024,254024,2,1,1,1,1,2,1
10494,2024,123470,2,1,1,1,1,2,1
10495,2024,328800,2,1,1,1,1,4,1
10496,2024,282000,2,1,1,1,1,4,1
10497,2024,146850,2,1,1,2,1,2,1
10498,2024,88125,2,1,1,2,1,2,1
10499,2024,218900,1,1,1,1,1,2,1
10500,2024,135300,2,1,1,1,1,2,1
10501,2024,250000,2,1,1,2,1,4,1
10502,2024,162240,1,1,1,2,1,1,1
10503,2024,97344,1,1,1,2,1,1,1
10504,2024,122000,1,1,1,2,1,3,1
10505,2024,210000,1,1,1,3,1,1,1
10506,2024,152250,1,1,1,2,1,1,1
10507,2024,139250,1,1,1,2,1,1,1
10508,2024,217900,2,1,1,1,1,1,1
10509,2024,224000,2,1,1,2,1,1,1
10510,2024,128000,2,1,1,2,1,2,1
10511,2024,105100,1,1,1,1,1,2,1
10512,2024,107700,1,1,1,1,1,2,1
10513,2024,294600,1,1,1,2,1,2,1
10514,2024,141400,1,1,1,2,1,2,1
10515,2024,229900,1,1,1,1,1,3,1
10516,2024,188500,1,1,1,1,1,3,1
10517,2024,265080,1,1,1,2,1,2,1
10518,2024,176720,1,1,1,2,1,2,1
10519,2024,117400,2,1,1,2,1,2,1
10520,2024,187040,1,1,1,1,1,3,1
10521,2024,248600,1,1,1,1,1,1,1
10522,2024,149200,1,1,1,1,1,1,1
10523,2024,173650,1,1,1,1,1,2,1
10524,2024,87550,1,1,1,1,1,2,1
10525,2024,161500,1,1,1,4,1,1,1
10526,2024,171350,1,1,1,3,1,1,1
10527,2024,82450,1,1,1,3,1,1,1
10528,2024,172500,1,1,1,1,1,4,1
10529,2024,127500,1,1,1,1,1,4,1
10530,2024,141450,1,1,1,2,1,4,1
10531,2024,253529,1,1,1,2,1,1,1
10532,2024,134561,2,1,1,2,1,4,1
10533,2024,79154,2,1,1,2,1,4,1
10534,2024,167200,1,1,1,1,1,6,1
10535,2024,83600,1,1,1,1,1,6,1
10536,2024,89000,1,1,1,1,1,2,1
10537,2024,108600,1,1,1,2,1,2,1
10538,2024,113050,1,1,1,1,1,2,1
10539,2024,215200,1,1,1,1,1,1,1
10540,2024,299000,1,1,1,2,1,1,1
10541,2024,142300,1,1,1,1,1,5,1
10542,2024,94900,1,1,1,1,1,5,1
10543,2024,322300,1,1,1,4,1,2,1
10544,2024,205100,1,1,1,4,1,2,1
10545,2024,63260,1,1,1,2,1,2,1
10546,2024,42120,1,1,1,2,1,2,1
10547,2024,69620,1,1,1,3,1,2,1
10548,2024,46340,1,1,1,3,1,2,1
10549,2024,191400,1,1,1,1,1,4,1
10550,2024,235200,1,2,1,3,1,1,1
10551,2024,136100,1,2,1,3,1,1,1
10552,2024,110300,1,1,1,2,1,2,1
10553,2024,78100,1,1,1,2,1,2,1
10554,2024,95700,1,1,1,3,1,2,1
10555,2024,240000,2,1,1,1,1,3,1
10556,2024,169000,2,1,1,1,1,3,1
10557,2024,120000,1,1,1,2,3,2,1
10558,2024,80000,1,1,1,2,3,2,1
10559,2024,256300,1,1,1,2,1,2,1
10560,2024,126400,1,1,1,2,1,2,1
10561,2024,121400,1,1,1,1,1,2,1
10562,2024,191000,1,1,1,4,1,2,1
10563,2024,450000,1,1,1,1,1,1,1
10564,2024,132400,1,1,1,2,1,2,1
10565,2024,163400,1,1,1,2,1,2,1
10566,2024,136032,2,1,1,3,1,2,1
10567,2024,156450,2,1,1,2,1,2,1
10568,2024,119200,2,1,1,2,1,2,1
10569,2024,113786,1,1,1,1,1,2,1
10570,2024,312000,1,1,1,1,1,1,1
10571,2024,185800,1,1,1,1,1,1,1
10572,2024,219700,1,1,1,1,1,2,1
10573,2024,164299,1,1,1,1,1,2,1
10574,2024,234300,1,1,1,1,1,1,1
10575,2024,96900,1,1,1,1,1,1,1
10576,2024,335600,1,1,1,4,1,1,1
10577,2024,195400,1,1,1,4,1,1,1
10578,2024,71384,1,1,1,3,1,2,1
10579,2024,64480,1,1,1,3,1,2,1
10580,2024,130800,1,1,1,1,1,2,1
10581,2024,79300,1,1,1,1,1,2,1
10582,2024,153600,1,1,1,3,1,2,1
10583,2024,93100,1,1,1,3,1,2,1
10584,2024,87190,1,1,1,2,1,2,1
10585,2024,67374,1,1,1,2,1,2,1
10586,2024,285000,1,1,1,3,1,2,1
10587,2024,205000,1,1,1,3,1,2,1
10588,2024,110000,1,1,1,2,3,1,1
10589,2024,100000,1,1,1,2,3,1,1
10590,2024,106800,1,1,1,2,1,4,1
10591,2024,110400,2,1,1,2,1,1,1
10592,2024,68000,2,1,1,2,1,1,1
10593,2024,215000,1,1,1,2,1,4,1
10594,2024,74200,1,1,1,2,1,3,1
10595,2024,137972,1,1,1,1,1,2,1
10596,2024,82783,1,1,1,1,1,2,1
10597,2024,361000,1,1,1,4,1,2,1
10598,2024,102600,1,1,1,1,1,2,1
10599,2024,187450,1,1,1,1,1,2,1
10600,2024,118150,1,1,1,1,1,2,1
10601,2024,135530,1,1,1,2,1,2,1
10602,2024,100175,1,1,1,2,1,2,1
10603,2024,218600,1,1,1,1,1,1,1
10604,2024,131200,1,1,1,1,1,1,1
10605,2024,345000,1,1,1,1,1,3,1
10606,2024,81000,1,1,1,3,1,2,1
10607,2024,95500,2,1,1,2,1,4,1
10608,2024,294000,1,1,1,2,1,4,1
10609,2024,137600,1,1,1,2,1,4,1
10610,2024,130000,1,1,1,1,1,6,1
10611,2024,136000,1,1,1,3,1,4,1
10612,2024,133450,2,1,1,1,1,4,1
10613,2024,115000,1,1,1,4,1,2,1
10614,2024,190000,2,1,1,2,1,6,1
10615,2024,113050,2,1,1,2,1,6,1
10616,2024,199500,2,1,1,1,1,4,1
10617,2024,121500,2,1,1,1,1,4,1
10618,2024,196500,1,1,1,1,1,2,1
10619,2024,154800,1,1,1,1,1,2,1
10620,2024,67200,1,1,1,1,1,2,1
10621,2024,285000,1,1,1,1,1,2,1
10622,2024,280000,2,1,1,4,1,1,1
10623,2024,250000,2,1,1,4,1,1,1
10624,2024,99385,2,1,1,3,1,2,1
10625,2024,72280,2,1,1,3,1,2,1
10626,2024,212606,2,1,1,1,1,2,1
10627,2024,127564,2,1,1,1,1,2,1
10628,2024,128544,1,1,1,3,1,2,1
10629,2024,74984,1,1,1,3,1,2,1
10630,2024,221046,1,1,1,2,1,4,1
10631,2024,132960,1,1,1,2,1,4,1
10632,2024,234520,2,1,1,1,1,4,1
10633,2024,170560,2,1,1,1,1,4,1
10634,2024,235200,1,1,1,1,1,3,1
10635,2024,156800,1,1,1,1,1,3,1
10636,2024,245400,1,1,1,1,1,4,1
10637,2024,139000,1,1,1,1,1,4,1
10638,2024,280000,1,1,1,2,1,3,1
10639,2024,97760,1,1,1,2,1,1,1
10640,2024,66560,1,1,1,2,1,1,1
10641,2024,97760,1,1,1,3,1,1,1
10642,2024,66560,1,1,1,3,1,1,1
10643,2024,197100,1,1,1,3,1,2,1
10644,2024,64900,1,1,1,3,1,2,1
10645,2024,93800,1,1,1,3,1,2,1
10646,2024,68300,1,1,1,3,1,2,1
10647,2024,152300,1,1,1,3,1,2,1
10648,2024,91400,1,1,1,3,1,2,1
10649,2024,74600,1,1,1,1,1,2,1
10650,2024,134360,1,1,1,3,1,2,1
10651,2024,97720,1,1,1,3,1,2,1
10652,2024,111800,1,1,1,2,1,2,1
10653,2024,67800,1,1,1,2,1,2,1
10654,2024,232900,1,1,1,1,1,2,1
10655,2024,152100,1,1,1,1,1,2,1
10656,2024,211000,1,1,1,2,1,2,1
10657,2024,160000,1,1,1,4,1,4,1
10658,2024,100000,1,1,1,4,1,4,1
10659,2024,199700,2,1,1,1,1,1,1
10660,2024,227000,2,1,1,1,1,5,1
10661,2024,198900,2,1,1,1,1,5,1
10662,2024,110700,1,1,1,1,1,2,1
10663,2024,88560,1,1,1,1,1,2,1
10664,2024,241800,2,1,1,1,1,3,1
10665,2024,157800,2,1,1,1,1,3,1
10666,2024,159800,2,1,1,1,1,4,1
10667,2024,165600,1,2,1,1,1,2,1
10668,2024,74100,1,2,1,1,1,2,1
10669,2024,192500,1,1,1,1,1,3,1
10670,2024,119000,1,1,1,1,1,3,1
10671,2024,272400,1,2,1,2,1,1,1
10672,2024,157600,1,2,1,2,1,1,1
10673,2024,119700,1,1,1,1,1,1,1
10674,2024,266400,1,1,1,2,1,2,1
10675,2024,169300,1,1,1,2,1,2,1
10676,2024,254100,1,1,1,1,1,2,1
10677,2024,163400,2,1,1,1,1,2,1
10678,2024,123520,2,1,1,1,1,2,1
10679,2024,257000,2,1,1,1,1,2,1
10680,2024,180500,1,1,1,1,1,1,1
10681,2024,142500,1,1,1,1,1,1,1
10682,2024,147800,1,1,1,1,1,1,1
10683,2024,118200,1,1,1,1,1,1,1
10684,2024,160000,1,1,1,1,1,6,1
10685,2024,125400,1,1,1,1,1,4,1
10686,2024,123000,1,1,1,2,1,4,1
10687,2024,155000,1,1,1,3,1,4,1
10688,2024,125000,1,1,1,3,1,4,1
10689,2024,165648,1,1,1,1,1,1,1
10690,2024,115954,1,1,1,1,1,1,1
10691,2024,150000,1,1,1,3,1,4,1
10692,2024,86462,1,1,1,2,1,1,1
10693,2024,144500,1,1,1,1,1,1,1
10694,2024,140690,1,1,1,3,1,2,1
10695,2024,133000,1,1,1,3,1,2,1
10696,2024,78520,1,1,1,1,1,2,1
10697,2024,52000,1,1,1,1,1,2,1
10698,2024,140600,1,1,1,1,1,1,1
10699,2024,486000,1,1,1,1,1,3,1
10700,2024,278800,1,1,1,2,1,1,1
10701,2024,177900,2,2,1,1,1,1,1
10702,2024,107600,2,2,1,1,1,1,1
10703,2024,300000,1,1,1,2,1,3,1
10704,2024,300000,2,1,1,3,1,1,1
10705,2024,300000,1,1,1,3,1,1,1
10706,2024,245400,2,1,1,1,1,3,1
10707,2024,139000,2,1,1,1,1,3,1
10708,2024,126400,2,2,1,2,1,1,1
10709,2024,68900,2,2,1,2,1,1,1
10710,2024,176000,2,1,1,2,1,2,1
10711,2024,117000,2,1,1,2,1,2,1
10712,2024,140250,2,1,1,2,1,2,1
10713,2024,313000,1,1,1,1,1,3,1
10714,2024,232000,1,1,1,1,1,3,1
10715,2024,333500,1,1,1,1,1,3,1
10716,2024,183000,1,1,1,1,1,3,1
10717,2024,221400,1,1,1,2,1,1,1
10718,2024,147600,1,1,1,2,1,1,1
10719,2024,231110,1,1,1,2,1,1,1
10720,2024,164492,1,1,1,2,1,1,1
10721,2024,174600,1,1,1,2,1,1,1
10722,2024,81900,1,1,1,2,1,1,1
10723,2024,152580,1,1,1,2,1,3,1
10724,2024,101720,1,1,1,2,1,3,1
10725,2024,143302,1,1,1,2,1,2,1
10726,2024,180677,1,1,1,2,1,2,1
10727,2024,84000,2,1,1,3,1,2,1
10728,2024,125200,1,1,1,2,1,2,1
10729,2024,258524,1,1,1,2,1,1,1
10730,2024,135014,1,1,1,2,1,1,1
10731,2024,160000,2,1,1,1,1,5,1
10732,2024,71160,1,1,1,2,1,1,1
10733,2024,123750,1,1,1,2,1,1,1
10734,2024,196000,1,1,1,2,1,2,1
10735,2024,98800,1,1,1,2,1,2,1
10736,2024,156700,1,1,1,1,1,2,1
10737,2024,102540,1,1,1,2,1,2,1
10738,2024,92290,1,1,1,2,1,2,1
10739,2024,366000,1,1,1,1,1,3,1
10740,2024,58000,1,1,1,3,2,1,1
10741,2024,54000,1,1,1,3,2,1,1
10742,2024,134300,1,1,1,1,1,1,1
10743,2024,79000,1,1,1,1,1,1,1
10744,2024,149040,1,1,1,2,1,1,1
10745,2024,69690,2,1,1,2,1,2,1
10746,2024,264500,2,1,1,1,1,3,1
10747,2024,250900,1,1,1,2,1,3,1
10748,2024,135200,1,1,1,2,1,3,1
10749,2024,133400,1,1,1,2,1,2,1
10750,2024,98600,1,1,1,2,1,2,1
10751,2024,76700,1,1,1,1,1,2,1
10752,2024,215625,1,1,1,1,1,2,1
10753,2024,217100,2,1,1,1,1,3,1
10754,2024,116900,2,1,1,1,1,3,1
10755,2024,106800,1,1,1,1,1,4,1
10756,2024,290180,2,1,1,2,1,4,1
10757,2024,242888,2,1,1,2,1,4,1
10758,2024,133900,2,1,1,2,1,2,1
10759,2024,83800,2,1,1,2,1,2,1
10760,2024,139001,1,1,1,2,1,2,1
10761,2024,102739,1,1,1,2,1,2,1
10762,2024,65325,1,1,1,2,1,2,1
10763,2024,54437,1,1,1,2,1,2,1
10764,2024,119850,1,1,1,1,1,1,1
10765,2024,113900,1,1,1,1,1,1,1
10766,2024,163500,1,1,1,1,1,2,1
10767,2024,120800,1,1,1,1,1,1,1
10768,2024,129300,1,1,1,3,1,2,1
10769,2024,68600,1,1,1,3,1,2,1
10770,2024,179600,1,2,1,1,1,2,1
10771,2024,104700,1,2,1,1,1,2,1
10772,2024,320000,1,1,1,1,1,3,1
10773,2024,217600,1,1,1,1,1,3,1
10774,2024,213600,1,1,1,1,1,2,1
10775,2024,103200,1,1,1,1,1,2,1
10776,2024,113900,2,1,1,1,1,1,1
10777,2024,210600,2,1,1,2,1,1,1
10778,2024,148800,1,1,1,3,1,2,1
10779,2024,105600,1,1,1,2,1,1,1
10780,2024,251600,1,1,1,2,1,4,1
10781,2024,96800,1,1,1,2,1,4,1
10782,2024,73332,2,1,1,2,1,2,1
10783,2024,222400,1,1,1,1,1,2,1
10784,2024,177100,1,1,1,3,1,3,1
10785,2024,130900,1,1,1,3,1,3,1
10786,2024,162500,1,1,1,2,1,2,1
10787,2024,335600,1,1,1,1,1,1,1
10788,2024,195400,1,1,1,1,1,1,1
10789,2024,88100,1,1,1,2,1,1,1
10790,2024,245000,2,1,1,1,1,5,1
10791,2024,365100,2,1,1,1,1,1,1
10792,2024,260800,2,1,1,1,1,1,1
10793,2024,184662,1,1,1,2,1,4,1
10794,2024,136800,1,1,1,2,1,1,1
10795,2024,99500,1,1,1,2,1,2,1
10796,2024,64000,2,1,1,2,1,2,1
10797,2024,168000,1,1,1,4,1,1,1
10798,2024,134000,1,1,1,4,1,1,1
10799,2024,162309,1,1,1,1,1,2,1
10800,2024,115935,1,1,1,1,1,2,1
10801,2024,177300,1,1,1,2,1,3,1
10802,2024,104300,1,1,1,2,1,3,1
10803,2024,214500,1,1,1,2,1,2,1
10804,2024,121909,1,1,1,2,1,2,1
10805,2024,165100,1,1,1,1,1,4,1
10806,2024,134300,1,1,1,1,1,4,1
10807,2024,212310,1,1,1,2,1,1,1
10808,2024,151650,1,1,1,2,1,1,1
10809,2024,196225,1,1,1,2,1,1,1
10810,2024,108550,1,1,1,2,1,1,1
10811,2024,66560,1,1,1,3,1,2,1
10812,2024,168300,1,1,1,1,1,4,1
10813,2024,234300,2,1,1,2,1,2,1
10814,2024,149100,2,1,1,2,1,2,1
10815,2024,106400,1,1,1,1,1,1,1
10816,2024,278000,2,1,1,1,1,2,1
10817,2024,135150,2,1,1,1,1,2,1
10818,2024,207000,2,1,1,1,1,2,1
10819,2024,178000,1,1,1,2,1,4,1
10820,2024,261000,1,1,1,1,1,2,1
10821,2024,238500,2,1,1,1,1,2,1
10822,2024,125500,2,1,1,1,1,2,1
10823,2024,111740,1,1,1,2,1,2,1
10824,2024,75500,1,1,1,2,1,2,1
10825,2024,140250,2,1,1,1,1,2,1
10826,2024,214300,1,1,1,2,1,2,1
10827,2024,148800,1,1,1,3,1,1,1
10828,2024,222000,1,1,1,1,1,4,1
10829,2024,214300,1,1,1,2,1,1,1
10830,2024,129792,1,1,1,3,1,1,1
10831,2024,75712,1,1,1,3,1,1,1
10832,2024,177300,1,1,1,2,1,4,1
10833,2024,111500,1,1,1,2,1,1,1
10834,2024,78970,1,1,1,2,1,1,1
10835,2024,98153,1,1,1,1,1,1,1
10836,2024,93948,1,1,1,2,1,4,1
10837,2024,47975,2,1,1,2,1,2,1
10838,2024,177100,1,1,1,2,1,4,1
10839,2024,130900,1,1,1,2,1,4,1
10840,2024,196500,1,1,1,1,1,3,1
10841,2024,132250,1,1,1,2,1,3,1
10842,2024,97750,1,1,1,2,1,3,1
10843,2024,219638,1,1,1,1,1,2,1
10844,2024,88700,1,1,1,1,1,2,1
10845,2024,101098,1,1,1,3,1,2,1
10846,2024,59469,1,1,1,3,1,2,1
10847,2024,264800,1,1,1,1,1,2,1
10848,2024,172900,1,1,1,1,1,2,1
10849,2024,116979,1,1,1,1,1,2,1
10850,2024,177100,1,1,1,2,1,1,1
10851,2024,112200,1,1,1,2,1,1,1
10852,2024,206882,1,1,1,2,1,1,1
10853,2024,111780,1,1,1,2,1,1,1
10854,2024,184700,1,1,1,1,1,1,1
10855,2024,159300,1,1,1,1,1,1,1
10856,2024,170500,1,1,1,3,1,2,1
10857,2024,163238,2,1,1,1,1,2,1
10858,2024,156100,1,1,1,3,1,2,1
10859,2024,297000,1,1,1,1,1,1,1
10860,2024,147368,1,1,1,1,1,4,1
10861,2024,94000,1,1,1,1,1,4,1
10862,2024,89400,1,1,1,2,1,2,1
10863,2024,307407,2,1,1,2,1,1,1
10864,2024,181990,2,1,1,2,1,1,1
10865,2024,223150,1,1,1,1,1,2,1
10866,2024,148784,1,1,1,1,1,2,1
10867,2024,261800,1,1,1,1,1,2,1
10868,2024,175600,1,1,1,1,1,2,1
10869,2024,229900,2,1,1,2,1,2,1
10870,2024,168000,2,1,1,1,1,2,1
10871,2024,83054,1,1,1,2,1,2,1
10872,2024,52853,1,1,1,2,1,2,1
10873,2024,314000,2,1,1,1,1,1,1
10874,2024,184000,2,1,1,1,1,1,1
10875,2024,92494,1,1,1,3,1,2,1
10876,2024,47433,1,1,1,3,1,2,1
10877,2024,227500,2,1,1,1,1,4,1
10878,2024,147500,2,1,1,1,1,4,1
10879,2024,315000,2,1,1,4,1,1,1
10880,2024,303400,2,1,1,1,1,4,1
10881,2024,216700,2,1,1,1,1,4,1
10882,2024,322000,2,1,1,1,1,3,1
10883,2024,230000,2,1,1,1,1,3,1
10884,2024,260100,2,1,1,1,1,4,1
10885,2024,185800,2,1,1,1,1,4,1
10886,2024,255600,2,1,1,1,1,4,1
10887,2024,170400,2,1,1,1,1,4,1
10888,2024,325000,2,1,1,1,1,4,1
10889,2024,243000,2,1,1,1,1,4,1
10890,2024,244700,2,1,1,2,1,3,1
10891,2024,163100,2,1,1,2,1,3,1
10892,2024,125000,1,1,1,2,1,3,1
10893,2024,177670,1,1,1,2,1,4,1
10894,2024,115400,1,1,1,2,1,4,1
10895,2024,380000,1,1,1,1,1,4,1
10896,2024,209440,2,1,1,1,1,6,1
10897,2024,152320,2,1,1,1,1,6,1
10898,2024,315000,1,1,1,2,1,1,1
10899,2024,277300,1,1,1,2,1,1,1
10900,2024,213300,1,1,1,2,1,1,1
10901,2024,170000,1,1,1,2,1,6,1
10902,2024,155000,1,1,1,2,1,6,1
10903,2024,170955,1,1,1,1,1,2,1
10904,2024,130270,1,1,1,1,1,2,1
10905,2024,92144,2,1,1,2,1,2,1
10906,2024,57616,2,1,1,2,1,2,1
10907,2024,201600,2,1,1,1,1,1,1
10908,2024,181440,2,1,1,1,1,1,1
10909,2024,128500,1,1,1,4,1,2,1
10910,2024,293800,1,1,1,2,1,2,1
10911,2024,65500,1,1,1,2,1,2,1
10912,2024,271000,1,1,1,1,1,2,1
10913,2024,204600,2,1,1,1,1,2,1
10914,2024,84500,2,1,1,1,1,2,1
10915,2024,139577,1,1,1,2,1,4,1
10916,2024,215658,1,1,1,2,1,4,1
10917,2024,197659,1,1,1,2,1,2,1
10918,2024,170443,1,1,1,2,1,2,1
10919,2024,86100,1,1,1,2,1,1,1
10920,2024,257900,1,1,1,1,1,2,1
10921,2024,155200,1,1,1,1,1,2,1
10922,2024,281800,1,1,1,4,1,2,1
10923,2024,233100,1,1,1,4,1,2,1
10924,2024,123084,2,1,1,1,1,2,1
10925,2024,72402,2,1,1,1,1,2,1
10926,2024,123200,1,1,1,1,1,1,1
10927,2024,89600,1,1,1,1,1,1,1
10928,2024,313600,1,1,1,4,1,1,1
10929,2024,274800,1,1,1,4,1,1,1
10930,2024,313600,1,1,1,1,1,1,1
10931,2024,274800,1,1,1,1,1,1,1
10932,2024,210900,1,1,1,1,1,4,1
10933,2024,358000,1,1,1,1,1,1,1
10934,2024,290200,1,1,1,1,1,2,1
10935,2024,165800,1,1,1,1,1,2,1
10936,2024,153100,1,1,1,3,1,2,1
10937,2024,86200,1,1,1,3,1,2,1
10938,2024,194810,1,1,1,1,1,1,1
10939,2024,150535,1,1,1,1,1,1,1
10940,2024,171000,1,1,1,1,1,4,1
10941,2024,130680,2,1,1,2,1,2,1
10942,2024,87120,2,1,1,2,1,2,1
10943,2024,85500,1,1,1,2,1,2,1
10944,2024,118450,1,1,1,1,1,2,1
10945,2024,264000,1,1,1,4,1,2,1
10946,2024,176000,1,1,1,4,1,2,1
10947,2024,125820,1,1,1,2,1,2,1
10948,2024,284100,1,1,1,4,1,4,1
10949,2024,200700,1,1,1,4,1,4,1
10950,2024,202800,1,1,1,1,1,2,1
10951,2024,108200,1,1,1,1,1,2,1
10952,2024,257000,1,1,1,1,1,4,1
10953,2024,90000,2,1,1,1,1,6,1
10954,2024,329000,1,1,1,1,1,3,1
10955,2024,201650,1,1,1,1,1,1,1
10956,2024,124600,1,1,1,1,1,1,1
10957,2024,82400,1,1,1,1,1,2,1
10958,2024,245500,2,1,1,1,1,2,1
10959,2024,223000,2,1,1,1,1,2,1
10960,2024,203000,2,1,1,1,1,2,1
10961,2024,182500,2,1,1,1,1,2,1
10962,2024,218400,2,1,1,1,1,6,1
10963,2024,145600,2,1,1,1,1,6,1
10964,2024,260000,2,1,1,2,1,1,1
10965,2024,217900,2,1,1,1,1,4,1
10966,2024,165500,2,1,1,1,1,4,1
10967,2024,117000,2,1,1,1,1,1,1
10968,2024,123000,2,1,1,1,1,1,1
10969,2024,71000,1,1,1,2,1,2,1
10970,2024,81638,1,1,1,3,1,2,1
10971,2024,58250,1,1,1,3,1,2,1
10972,2024,152776,2,1,1,3,1,2,1
10973,2024,73332,2,1,1,3,1,2,1
10974,2024,177076,2,1,1,3,1,2,1
10975,2024,84996,2,1,1,3,1,2,1
10976,2024,175300,2,1,1,2,1,2,1
10977,2024,142020,2,1,1,2,1,2,1
10978,2024,215000,1,1,1,3,1,4,1
10979,2024,81000,1,1,1,2,1,1,1
10980,2024,55000,2,1,1,2,1,2,1
10981,2024,124740,1,1,1,1,1,2,1
10982,2024,120470,1,1,1,2,1,2,1
10983,2024,86330,1,1,1,2,1,2,1
10984,2024,130800,1,1,1,1,1,5,1
10985,2024,79300,1,1,1,1,1,5,1
10986,2024,132324,2,1,1,2,1,1,1
10987,2024,75395,2,1,1,2,1,1,1
10988,2024,173400,1,1,1,1,1,2,1
10989,2024,222000,1,1,1,2,1,3,1
10990,2024,178600,1,1,1,1,1,3,1
10991,2024,88600,1,1,1,1,1,3,1
10992,2024,289800,1,1,1,1,1,3,1
10993,2024,201600,1,1,1,1,1,3,1
10994,2024,162350,2,1,1,1,1,2,1
10995,2024,130900,1,1,1,1,1,2,1
10996,2024,204250,1,1,1,1,1,2,1
10997,2024,85000,1,1,1,3,1,4,1
10998,2024,65000,1,1,1,3,1,4,1
10999,2024,215424,2,1,1,1,1,4,1
11000,2024,137781,2,1,1,1,1,4,1
11001,2024,105301,1,1,1,1,1,4,1
11002,2024,103685,1,1,1,2,1,4,1
11003,2024,297850,1,1,1,1,1,1,1
11004,2024,207200,1,1,1,1,1,1,1
11005,2024,139700,2,1,1,1,1,5,1
11006,2024,239400,2,1,1,1,1,1,1
11007,2024,180880,2,1,1,1,1,1,1
11008,2024,469000,1,1,1,1,1,2,1
11009,2024,304000,1,1,1,1,1,2,1
11010,2024,331640,1,1,1,1,1,2,1
11011,2024,258960,1,1,1,1,1,2,1
11012,2024,332100,1,1,1,1,1,4,1
11013,2024,207900,1,1,1,1,1,4,1
11014,2024,116425,1,1,1,3,1,2,1
11015,2024,74500,1,1,1,3,1,2,1
11016,2024,151500,1,1,1,3,1,2,1
11017,2024,79000,1,1,1,3,1,2,1
11018,2024,240050,2,1,1,1,1,2,1
11019,2024,558700,1,1,1,1,1,3,1
11020,2024,349000,1,1,1,1,1,3,1
11021,2024,84700,1,1,1,1,1,1,1
11022,2024,59513,1,1,1,3,1,2,1
11023,2024,49576,1,1,1,3,1,2,1
11024,2024,441300,1,1,1,1,1,2,1
11025,2024,169900,1,1,1,1,1,2,1
11026,2024,140000,2,1,1,4,1,1,1
11027,2024,90000,2,1,1,4,1,1,1
11028,2024,87000,1,1,1,1,1,1,1
11029,2024,609000,1,1,1,1,1,3,1
11030,2024,137972,1,1,1,2,1,2,1
11031,2024,82783,1,1,1,2,1,2,1
11032,2024,134000,2,1,1,1,1,2,1
11033,2024,67725,1,1,1,3,1,2,1
11034,2024,190900,1,1,1,2,1,2,1
11035,2024,95500,1,1,1,2,1,2,1
11036,2024,333000,1,1,1,2,1,1,1
11037,2024,175600,1,1,1,1,1,3,1
11038,2024,104000,1,1,1,1,1,3,1
11039,2024,392251,1,1,1,1,1,2,1
11040,2024,217648,1,1,1,1,1,2,1
11041,2024,188600,1,1,1,1,1,3,1
11042,2024,128300,1,1,1,1,1,3,1
11043,2024,258700,1,1,1,1,1,1,1
11044,2024,138600,1,1,1,1,1,1,1
11045,2024,245500,1,1,1,1,1,2,1
11046,2024,215197,1,1,1,1,1,4,1
11047,2024,323400,1,1,1,4,1,4,1
11048,2024,274206,1,1,1,4,1,4,1
11049,2024,276206,1,1,1,2,1,4,1
11050,2024,274206,1,1,1,2,1,4,1
11051,2024,145537,2,1,1,1,1,4,1
11052,2024,119076,2,1,1,1,1,4,1
11053,2024,56000,2,1,1,2,1,2,1
11054,2024,117000,2,1,1,3,1,2,1
11055,2024,56000,2,1,1,3,1,2,1
11056,2024,57000,1,1,1,1,1,5,1
11057,2024,75200,1,1,1,1,1,1,1
11058,2024,160425,1,1,1,2,1,1,1
11059,2024,112298,1,1,1,2,1,1,1
11060,2024,189000,1,1,1,2,1,2,1
11061,2024,135285,1,1,1,2,1,2,1
11062,2024,237050,1,1,1,1,1,2,1
11063,2024,68000,1,1,1,3,2,2,1
11064,2024,64000,1,1,1,3,2,2,1
11065,2024,74250,1,1,1,3,2,2,1
11066,2024,58824,1,1,1,3,2,2,1
11067,2024,97000,2,1,1,1,1,1,1
11068,2024,105100,1,1,1,1,1,1,1
11069,2024,194750,1,1,1,3,1,1,1
11070,2024,129960,1,1,1,3,1,1,1
11071,2024,92030,1,1,1,2,1,4,1
11072,2024,135000,1,1,1,2,1,6,1
11073,2024,157550,1,1,1,2,1,3,1
11074,2024,77350,1,1,1,2,1,3,1
11075,2024,181300,2,1,1,1,1,2,1
11076,2024,108800,2,1,1,1,1,2,1
11077,2024,137500,1,1,1,3,1,2,1
11078,2024,120200,1,1,1,3,1,1,1
11079,2024,70700,1,1,1,3,1,1,1
11080,2024,189750,1,1,1,1,1,2,1
11081,2024,266875,1,1,1,1,1,2,1
11082,2024,128250,1,1,1,1,1,2,1
11083,2024,161500,1,1,1,1,1,4,1
11084,2024,181800,1,1,1,2,1,6,1
11085,2024,118050,1,1,1,2,1,6,1
11086,2024,175900,1,1,1,1,1,1,1
11087,2024,173900,1,1,1,1,1,2,1
11088,2024,334000,2,1,1,4,1,1,1
11089,2024,214000,2,1,1,4,1,1,1
11090,2024,199408,1,1,1,1,1,2,1
11091,2024,189200,1,1,1,1,1,6,1
11092,2024,129000,1,1,1,1,1,6,1
11093,2024,189200,1,1,1,1,1,1,1
11094,2024,198000,2,1,1,2,1,2,1
11095,2024,201500,1,1,1,1,1,3,1
11096,2024,170000,1,1,1,3,1,3,1
11097,2024,150000,1,1,1,3,1,3,1
11098,2024,268000,2,1,1,1,1,3,1
11099,2024,205000,2,1,1,1,1,3,1
11100,2024,330000,1,1,1,1,1,3,1
11101,2024,180200,1,1,1,1,1,3,1
11102,2024,44000,1,1,1,2,1,2,1
11103,2024,203000,2,1,1,2,1,2,1
11104,2024,113000,2,1,1,2,1,2,1
11105,2024,52016,1,1,1,2,1,1,1
11106,2024,368000,2,1,1,1,1,4,1
11107,2024,106080,1,1,1,2,1,1,1
11108,2024,184000,1,1,1,2,1,2,1
11109,2024,170186,1,1,1,3,1,2,1
11110,2024,152580,1,1,1,2,1,2,1
11111,2024,101720,1,1,1,2,1,2,1
11112,2024,246000,1,1,1,1,1,6,1
11113,2024,118000,1,1,1,1,1,6,1
11114,2024,219200,1,1,1,2,1,4,1
11115,2024,149300,1,1,1,2,1,4,1
11116,2024,105400,1,1,1,3,1,3,1
11117,2024,52700,1,1,1,3,1,3,1
11118,2024,100050,1,1,1,2,1,3,1
11119,2024,68850,1,1,1,2,1,3,1
11120,2024,234700,1,1,1,1,1,3,1
11121,2024,102795,1,1,1,3,1,2,1
11122,2024,193300,1,1,1,2,1,2,1
11123,2024,122800,1,1,1,2,1,2,1
11124,2024,151000,1,1,1,1,1,2,1
11125,2024,112017,1,1,1,2,1,2,1
11126,2024,84014,1,1,1,2,1,2,1
11127,2024,132200,1,1,1,3,2,2,1
11128,2024,76400,1,1,1,3,2,2,1
11129,2024,187100,1,1,1,2,1,2,1
11130,2024,124700,1,1,1,2,1,2,1
11131,2024,195800,1,1,1,1,1,2,1
11132,2024,97497,1,1,1,1,1,2,1
11133,2024,84400,2,1,1,2,1,2,1
11134,2024,151300,1,1,1,1,1,1,1
11135,2024,118500,1,1,1,2,1,1,1
11136,2024,410000,1,1,1,3,1,1,1
11137,2024,194000,1,1,1,3,1,1,1
11138,2024,182000,1,1,1,2,1,1,1
11139,2024,294600,1,1,1,2,1,1,1
11140,2024,141400,1,1,1,2,1,1,1
11141,2024,191100,1,1,1,1,1,1,1
11142,2024,202920,1,1,1,3,1,1,1
11143,2024,111000,1,1,1,3,1,1,1
11144,2024,188100,1,1,1,3,1,1,1
11145,2024,103000,1,1,1,3,1,1,1
11146,2024,182394,1,1,1,2,1,4,1
11147,2024,200200,1,1,1,3,1,4,1
11148,2024,173301,1,1,1,3,1,4,1
11149,2024,50000,1,1,1,1,1,2,1
11150,2024,149250,1,1,1,1,1,1,1
11151,2024,157000,2,1,1,2,1,1,1
11152,2024,113000,2,1,1,2,1,1,1
11153,2024,170450,1,1,1,1,1,4,1
11154,2024,123050,1,1,1,2,1,4,1
11155,2024,60800,1,1,1,2,1,2,1
11156,2024,251250,1,1,1,1,1,2,1
11157,2024,59500,1,1,1,2,1,2,1
11158,2024,123000,2,1,1,1,1,4,1
11159,2024,158600,1,1,1,2,1,2,1
11160,2024,213000,1,1,1,1,1,2,1
11161,2024,120700,1,1,1,1,1,2,1
11162,2024,58834,1,1,1,1,1,2,1
11163,2024,100000,1,1,1,2,3,2,1
11164,2024,129792,1,1,1,3,1,4,1
11165,2024,75712,1,1,1,3,1,4,1
11166,2024,153000,2,1,1,1,1,4,1
11167,2024,324000,1,1,1,1,1,1,1
11168,2024,177815,1,1,1,2,1,2,1
11169,2024,113368,1,1,1,2,1,2,1
11170,2024,100000,1,1,1,1,3,2,1
11171,2024,157600,2,1,1,1,1,1,1
11172,2024,198880,1,1,1,2,1,2,1
11173,2024,144640,1,1,1,2,1,2,1
11174,2024,223200,1,1,1,1,1,1,1
11175,2024,178560,1,1,1,1,1,1,1
11176,2024,55000,2,1,1,2,1,1,1
11177,2024,126880,1,1,1,3,1,1,1
11178,2024,76960,1,1,1,3,1,1,1
11179,2024,550000,1,1,1,4,1,1,1
11180,2024,450000,1,1,1,4,1,1,1
11181,2024,530000,1,1,1,1,1,1,1
11182,2024,183000,1,1,1,1,1,1,1
11183,2024,94400,1,1,1,1,1,2,1
11184,2024,237050,1,1,1,2,1,2,1
11185,2024,96250,1,1,1,2,1,2,1
11186,2024,124080,1,1,1,1,1,2,1
11187,2024,99100,1,1,1,1,1,2,1
11188,2024,114375,1,1,1,1,1,2,1
11189,2024,157200,1,1,1,3,1,2,1
11190,2024,267000,1,1,1,2,1,1,1
11191,2024,360200,1,1,1,2,1,1,1
11192,2024,208300,1,1,1,2,1,1,1
11193,2024,105500,1,1,1,1,1,4,1
11194,2024,259400,1,1,1,2,1,2,1
11195,2024,164800,1,1,1,2,1,2,1
11196,2024,204200,1,1,1,1,1,2,1
11197,2024,122600,1,1,1,1,1,2,1
11198,2024,163111,1,1,1,1,1,1,1
11199,2024,108740,1,1,1,1,1,1,1
11200,2024,175900,1,1,1,1,1,6,1
11201,2024,117300,1,1,1,1,1,6,1
11202,2024,136300,1,1,1,2,1,3,1
11203,2024,155900,1,1,1,2,1,1,1
11204,2024,84200,1,1,1,2,1,1,1
11205,2024,158950,1,1,1,1,1,1,1
11206,2024,135150,1,1,1,1,1,1,1
11207,2024,151770,1,1,1,1,1,2,1
11208,2024,91062,1,1,1,1,1,2,1
11209,2024,185600,1,1,1,1,1,5,1
11210,2024,52800,1,1,1,1,1,5,1
11211,2024,159000,2,1,1,2,1,1,1
11212,2024,92600,2,1,1,2,1,1,1
11213,2024,247250,1,1,1,2,1,1,1
11214,2024,110400,1,1,1,3,1,6,1
11215,2024,81600,1,1,1,3,1,6,1
11216,2024,112200,1,1,1,2,1,2,1
11217,2024,300100,2,1,1,1,1,4,1
11218,2024,187900,2,1,1,1,1,4,1
11219,2024,155100,1,1,1,1,1,2,1
11220,2024,202000,2,1,1,1,1,2,1
11221,2024,288000,2,1,1,1,1,2,1
11222,2024,209500,2,1,1,1,1,2,1
11223,2024,216000,1,1,1,3,1,3,1
11224,2024,144000,1,1,1,3,1,3,1
11225,2024,288000,2,1,1,1,1,4,1
11226,2024,209000,2,1,1,1,1,4,1
11227,2024,177500,2,1,1,1,1,4,1
11228,2024,98000,2,1,1,3,1,2,1
11229,2024,58800,1,1,1,1,1,2,1
11230,2024,241875,1,1,1,1,1,1,1
11231,2024,161250,1,1,1,1,1,1,1
11232,2024,85000,1,1,1,4,1,1,1
11233,2024,70000,1,1,1,4,1,1,1
11234,2024,79000,1,1,1,2,1,1,1
11235,2024,84320,2,1,1,2,1,1,1
11236,2024,280000,1,1,1,3,1,4,1
11237,2024,185000,2,1,1,2,1,6,1
11238,2024,160000,2,1,1,2,1,6,1
11239,2024,224000,1,1,1,2,1,4,1
11240,2024,142000,1,1,1,2,1,4,1
11241,2024,193200,2,1,1,1,1,1,1
11242,2024,141525,2,1,1,1,1,1,1
11243,2024,119803,1,1,1,1,1,1,1
11244,2024,116000,1,1,1,1,1,1,1
11245,2024,76700,1,1,1,1,1,5,1
11246,2024,149500,1,1,1,3,1,2,1
11247,2024,22000,1,1,1,3,2,2,1
11248,2024,98880,2,1,1,2,1,2,1
11249,2024,65920,2,1,1,2,1,2,1
11250,2024,80860,1,1,1,3,1,2,1
11251,2024,195374,1,1,1,2,1,4,1
11252,2024,116979,1,1,1,2,1,4,1
11253,2024,148932,1,1,1,2,1,2,1
11254,2024,87607,1,1,1,2,1,2,1
11255,2024,87125,1,1,1,1,1,2,1
11256,2024,48200,1,1,1,1,1,2,1
11257,2024,181800,1,1,1,2,1,2,1
11258,2024,121200,1,1,1,2,1,2,1
11259,2024,199600,1,1,1,1,1,2,1
11260,2024,233923,1,1,1,1,1,1,1
11261,2024,167088,1,1,1,1,1,1,1
11262,2024,130700,1,1,1,1,1,1,1
11263,2024,106300,1,1,1,1,1,1,1
11264,2024,160500,1,1,1,2,1,1,1
11265,2024,94400,1,1,1,2,1,1,1
11266,2024,172500,1,1,1,2,1,4,1
11267,2024,206500,1,1,1,1,1,2,1
11268,2024,145900,1,1,1,2,1,4,1
11269,2024,78500,1,1,1,2,1,4,1
11270,2024,187300,1,1,1,1,1,4,1
11271,2024,100900,1,1,1,1,1,4,1
11272,2024,60400,1,1,1,2,1,1,1
11273,2024,207000,1,1,1,3,1,2,1
11274,2024,117120,1,1,1,2,1,1,1
11275,2024,95825,1,1,1,2,1,1,1
11276,2024,324000,1,1,1,2,1,4,1
11277,2024,165120,1,1,1,1,1,1,1
11278,2024,148000,2,1,1,2,1,2,1
11279,2024,76500,2,1,1,2,1,2,1
11280,2024,185350,1,1,1,1,1,1,1
11281,2024,134800,1,1,1,1,1,1,1
11282,2024,122000,1,1,1,1,1,3,1
11283,2024,162000,1,1,1,3,1,2,1
11284,2024,227712,1,1,1,1,1,4,1
11285,2024,282000,1,1,1,4,1,2,1
11286,2024,208000,1,1,1,4,1,2,1
11287,2024,240465,1,1,1,1,1,4,1
11288,2024,177735,1,1,1,1,1,4,1
11289,2024,295000,2,1,1,1,1,3,1
11290,2024,221000,2,1,1,1,1,3,1
11291,2024,239000,2,1,1,1,1,3,1
11292,2024,148000,2,1,1,1,1,3,1
11293,2024,238280,2,1,1,2,1,3,1
11294,2024,165760,2,1,1,2,1,3,1
11295,2024,149500,2,1,1,2,1,2,1
11296,2024,174250,2,1,1,1,1,2,1
11297,2024,330146,2,1,1,1,1,4,1
11298,2024,160520,2,1,1,1,1,4,1
11299,2024,107800,1,1,1,1,1,1,1
11300,2024,90000,1,1,1,1,1,5,1
11301,2024,375000,1,1,1,1,1,1,1
11302,2024,206000,2,1,1,1,1,4,1
11303,2024,175800,2,1,1,1,1,4,1
11304,2024,121600,1,1,1,1,1,3,1
11305,2024,329000,1,1,1,2,1,2,1
11306,2024,395000,1,1,1,2,1,2,1
11307,2024,213345,1,1,1,1,1,2,1
11308,2024,70020,1,1,1,1,1,2,1
11309,2024,296020,1,1,1,2,1,1,1
11310,2024,194750,1,1,1,3,1,3,1
11311,2024,129200,1,1,1,3,1,3,1
11312,2024,135072,1,1,1,2,1,6,1
11313,2024,88440,1,1,1,2,1,6,1
11314,2024,228000,1,1,1,3,1,2,1
11315,2024,136800,1,1,1,3,1,2,1
11316,2024,153972,1,1,1,2,1,1,1
11317,2024,109980,1,1,1,2,1,1,1
11318,2024,176386,1,1,1,2,1,4,1
11319,2024,83900,1,1,1,1,1,2,1
11320,2024,385250,1,1,1,2,1,1,1
11321,2024,284400,1,1,1,1,1,2,1
11322,2024,150700,1,1,1,1,1,2,1
11323,2024,245400,2,1,1,1,1,2,1
11324,2024,135800,2,1,1,1,1,2,1
11325,2024,279900,1,2,1,1,1,1,1
11326,2024,161900,1,2,1,1,1,1,1
11327,2024,125800,1,1,1,1,1,2,1
11328,2024,122400,2,1,1,1,1,2,1
11329,2024,101587,1,1,1,2,1,1,1
11330,2024,71843,1,1,1,2,1,1,1
11331,2024,125000,2,1,1,3,1,2,1
11332,2024,87500,2,1,1,3,1,2,1
11333,2024,124600,1,1,1,3,1,2,1
11334,2024,121000,1,1,1,3,1,2,1
11335,2024,269100,1,1,1,1,1,5,1
11336,2024,131300,1,1,1,1,1,5,1
11337,2024,196250,2,1,1,2,1,2,1
11338,2024,207000,2,1,1,2,1,2,1
11339,2024,150500,2,1,1,2,1,2,1
11340,2024,157476,2,1,1,1,1,2,1
11341,2024,104981,2,1,1,1,1,2,1
11342,2024,257300,1,1,1,1,1,1,1
11343,2024,171500,1,1,1,1,1,1,1
11344,2024,240292,1,1,1,1,1,4,1
11345,2024,177607,1,1,1,1,1,4,1
11346,2024,231000,1,1,1,3,1,1,1
11347,2024,280000,2,1,1,2,1,4,1
11348,2024,203500,2,1,1,2,1,4,1
11349,2024,166500,2,1,1,2,1,4,1
11350,2024,278000,1,1,1,2,1,4,1
11351,2024,313600,1,1,1,4,1,2,1
11352,2024,274800,1,1,1,4,1,2,1
11353,2024,136800,1,1,1,1,1,4,1
11354,2024,240240,2,1,1,1,1,4,1
11355,2024,229965,2,1,1,1,1,4,1
11356,2024,147767,1,1,1,1,1,2,1
11357,2024,74118,1,1,1,1,1,2,1
11358,2024,140190,2,1,1,2,1,4,1
11359,2024,220000,1,1,1,3,1,1,1
11360,2024,126000,1,1,1,3,1,1,1
11361,2024,176000,1,1,1,1,1,5,1
11362,2024,106500,1,1,1,1,1,5,1
11363,2024,290180,2,1,1,2,1,1,1
11364,2024,259846,2,1,1,2,1,1,1
11365,2024,293000,1,1,1,2,1,1,1
11366,2024,158400,1,1,1,3,1,4,1
11367,2024,132843,1,1,1,3,1,4,1
11368,2024,210255,1,1,1,2,1,4,1
11369,2024,219200,1,1,1,1,1,4,1
11370,2024,149300,1,1,1,1,1,4,1
11371,2024,118600,1,1,1,1,1,2,1
11372,2024,58700,1,1,1,1,1,2,1
11373,2024,388700,2,1,1,1,1,1,1
11374,2024,272400,2,1,1,1,1,1,1
11375,2024,395280,1,1,1,1,1,2,1
11376,2024,201000,1,1,1,1,1,2,1
11377,2024,237908,1,1,1,1,1,2,1
11378,2024,175845,1,1,1,1,1,2,1
11379,2024,164450,1,1,1,2,1,2,1
11380,2024,121550,1,1,1,2,1,2,1
11381,2024,205000,1,1,1,3,1,3,1
11382,2024,136800,1,1,1,3,1,3,1
11383,2024,151000,1,1,1,2,1,3,1
11384,2024,94500,1,1,1,2,1,3,1
11385,2024,96000,1,1,1,1,1,3,1
11386,2024,191100,1,1,1,1,1,3,1
11387,2024,210600,1,1,1,1,1,4,1
11388,2024,175100,1,1,1,2,1,4,1
11389,2024,103000,1,1,1,2,1,4,1
11390,2024,170900,1,1,1,2,1,2,1
11391,2024,109000,2,1,1,2,1,2,1
11392,2024,175300,1,1,1,1,1,2,1
11393,2024,111400,1,1,1,1,1,2,1
11394,2024,213400,1,1,1,2,1,2,1
11395,2024,135240,1,1,1,1,1,5,1
11396,2024,111600,1,1,1,1,1,5,1
11397,2024,112000,2,1,1,1,1,1,1
11398,2024,162800,1,1,1,2,1,1,1
11399,2024,102200,1,1,1,2,1,1,1
11400,2024,152375,2,1,1,2,1,2,1
11401,2024,216000,1,1,1,3,1,2,1
11402,2024,73164,1,1,1,1,1,2,1
11403,2024,58542,1,1,1,1,1,2,1
11404,2024,121909,1,1,1,2,1,4,1
11405,2024,138300,1,1,1,2,1,5,1
11406,2024,99700,1,1,1,2,1,5,1
11407,2024,112200,1,1,1,3,1,2,1
11408,2024,175888,1,1,1,1,1,4,1
11409,2024,125634,1,1,1,1,1,4,1
11410,2024,193032,2,1,1,1,1,2,1
11411,2024,120645,2,1,1,1,1,2,1
11412,2024,105900,1,1,1,1,1,2,1
11413,2024,136850,1,1,1,2,1,2,1
11414,2024,101150,1,1,1,2,1,2,1
11415,2024,151000,1,1,1,2,1,2,1
11416,2024,149925,1,1,1,2,1,2,1
11417,2024,91260,1,1,1,2,1,2,1
11418,2024,103500,1,1,1,2,1,2,1
11419,2024,76500,1,1,1,2,1,2,1
11420,2024,200200,2,1,1,1,1,1,1
11421,2024,122600,2,1,1,1,1,1,1
11422,2024,141750,1,1,1,1,1,3,1
11423,2024,225500,1,1,1,3,1,2,1
11424,2024,164000,1,1,1,3,1,2,1
11425,2024,79925,2,1,1,3,1,2,1
11426,2024,66602,2,1,1,3,1,2,1
11427,2024,158500,2,1,1,3,1,2,1
11428,2024,76500,2,1,1,3,1,2,1
11429,2024,142600,1,1,1,1,1,4,1
11430,2024,134900,2,1,1,1,1,1,1
11431,2024,138200,1,1,1,2,1,2,1
11432,2024,95200,1,1,1,1,1,1,1
11433,2024,187651,1,1,1,2,1,4,1
11434,2024,135650,1,1,1,1,1,1,1
11435,2024,229900,1,1,1,1,1,4,1
11436,2024,201400,1,1,1,1,1,4,1
11437,2024,185400,1,1,1,1,1,2,1
11438,2024,102000,2,1,1,3,1,2,1
11439,2024,182549,1,1,1,1,1,2,1
11440,2024,82940,1,1,1,1,1,2,1
11441,2024,89600,1,2,1,1,1,1,1
11442,2024,269100,1,1,1,1,1,2,1
11443,2024,131300,1,1,1,1,1,2,1
11444,2024,113700,1,1,1,2,1,5,1
11445,2024,127000,1,1,1,3,1,4,1
11446,2024,78146,1,1,1,2,1,2,1
11447,2024,69404,1,1,1,2,1,2,1
11448,2024,103710,1,1,1,2,1,2,1
11449,2024,216500,2,1,1,1,1,3,1
11450,2024,142200,2,1,1,1,1,3,1
11451,2024,209000,2,1,1,2,1,2,1
11452,2024,181000,2,1,1,2,1,2,1
11453,2024,116942,1,1,1,1,1,2,1
11454,2024,142800,1,1,1,1,1,2,1
11455,2024,166600,2,1,1,1,1,2,1
11456,2024,182900,2,1,1,1,1,2,1
11457,2024,121900,2,1,1,1,1,2,1
11458,2024,236000,2,1,1,1,1,1,1
11459,2024,114750,2,1,1,1,1,1,1
11460,2024,69139,1,1,1,2,1,2,1
11461,2024,49275,1,1,1,2,1,2,1
11462,2024,66700,1,1,1,1,1,1,1
11463,2024,160000,1,1,1,4,1,1,1
11464,2024,288700,1,1,1,1,1,4,1
11465,2024,158200,1,1,1,3,1,4,1
11466,2024,62100,1,1,1,3,1,4,1
11467,2024,141300,1,1,1,3,1,1,1
11468,2024,156000,2,1,1,1,1,1,1
11469,2024,157200,1,1,1,2,1,2,1
11470,2024,194750,1,1,1,2,1,4,1
11471,2024,129960,1,1,1,2,1,4,1
11472,2024,153600,1,1,1,3,1,3,1
11473,2024,300000,2,1,1,1,1,4,1
11474,2024,86300,1,1,1,1,1,1,1
11475,2024,179655,1,1,1,1,1,1,1
11476,2024,128400,1,1,1,1,1,1,1
11477,2024,246000,1,1,1,2,1,1,1
11478,2024,106590,1,1,1,3,1,3,1
11479,2024,483000,1,1,1,1,1,2,1
11480,2024,239000,1,1,1,1,1,2,1
11481,2024,181600,2,1,1,1,1,2,1
11482,2024,145500,1,1,1,2,1,2,1
11483,2024,290225,1,1,1,1,1,3,1
11484,2024,170721,1,1,1,1,1,3,1
11485,2024,609000,1,1,1,4,1,1,1
11486,2024,288000,1,1,1,4,1,1,1
11487,2024,128350,1,1,1,2,1,1,1
11488,2024,88500,1,1,1,2,1,1,1
11489,2024,107700,1,1,1,2,1,2,1
11490,2024,83000,2,1,1,2,1,2,1
11491,2024,216900,1,1,1,2,1,2,1
11492,2024,137800,1,1,1,2,1,2,1
11493,2024,173000,1,1,1,4,1,4,1
11494,2024,143000,1,1,1,4,1,4,1
11495,2024,235100,1,1,1,2,1,2,1
11496,2024,149400,1,1,1,2,1,2,1
11497,2024,168800,1,1,1,1,1,1,1
11498,2024,93800,1,1,1,1,1,1,1
11499,2024,51700,1,1,1,2,1,1,1
11500,2024,102300,1,1,1,2,1,5,1
11501,2024,190400,1,1,1,1,1,1,1
11502,2024,191000,2,1,1,2,1,1,1
11503,2024,162350,2,1,1,2,1,1,1
11504,2024,143860,1,1,1,1,1,2,1
11505,2024,105000,1,1,1,2,1,5,1
11506,2024,191000,1,1,1,1,1,5,1
11507,2024,134500,1,1,1,1,1,5,1
11508,2024,89102,1,1,1,2,1,2,1
11509,2024,62371,1,1,1,2,1,2,1
11510,2024,114500,1,1,1,1,1,1,1
11511,2024,255600,2,1,1,2,1,1,1
11512,2024,170400,2,1,1,2,1,1,1
11513,2024,106000,2,1,1,3,1,2,1
11514,2024,256000,1,1,1,2,1,1,1
11515,2024,236925,1,1,1,1,1,4,1
11516,2024,153075,1,1,1,1,1,4,1
11517,2024,285670,1,1,1,1,1,4,1
11518,2024,207760,1,1,1,1,1,4,1
11519,2024,95000,2,1,1,2,1,4,1
11520,2024,213600,1,1,1,1,1,1,1
11521,2024,151470,2,1,1,1,1,1,1
11522,2024,54690,1,1,1,2,1,1,1
11523,2024,99200,2,1,1,3,1,2,1
11524,2024,69400,2,1,1,3,1,2,1
11525,2024,250000,1,1,1,4,1,3,1
11526,2024,150000,1,1,1,4,1,3,1
11527,2024,237050,1,1,1,1,1,4,1
11528,2024,151700,1,1,1,1,1,4,1
11529,2024,178200,1,1,1,3,1,2,1
11530,2024,73800,1,1,1,3,1,2,1
11531,2024,84700,1,1,1,2,1,1,1
11532,2024,210000,1,1,1,4,1,2,1
11533,2024,158290,1,1,1,1,1,1,1
11534,2024,112586,1,1,1,1,1,1,1
11535,2024,214560,1,1,1,1,1,2,1
11536,2024,104300,1,1,1,2,1,2,1
11537,2024,98870,1,1,1,2,1,2,1
11538,2024,313000,1,1,1,2,1,4,1
11539,2024,181000,1,1,1,2,1,4,1
11540,2024,151300,2,1,1,2,1,2,1
11541,2024,90800,2,1,1,2,1,2,1
11542,2024,127600,1,1,1,1,1,2,1
11543,2024,77400,1,1,1,1,1,2,1
11544,2024,240700,1,1,1,1,1,1,1
11545,2024,168700,1,1,1,1,1,1,1
11546,2024,240240,1,1,1,1,1,3,1
11547,2024,222634,1,1,1,1,1,3,1
11548,2024,290180,1,1,1,1,1,4,1
11549,2024,254937,1,1,1,1,1,4,1
11550,2024,294100,1,1,1,4,1,1,1
11551,2024,219300,1,1,1,4,1,1,1
11552,2024,135100,2,1,1,1,1,4,1
11553,2024,151800,1,1,1,3,1,5,1
11554,2024,92000,1,1,1,3,1,5,1
11555,2024,134200,1,1,1,3,1,5,1
11556,2024,81000,1,1,1,3,1,5,1
11557,2024,213876,1,1,1,1,1,4,1
11558,2024,171875,2,1,1,1,1,1,1
11559,2024,209600,1,1,1,1,1,4,1
11560,2024,156300,1,1,1,1,1,4,1
11561,2024,83800,1,1,1,3,1,2,1
11562,2024,212750,1,1,1,1,1,6,1
11563,2024,128350,1,1,1,1,1,6,1
11564,2024,173650,1,1,1,2,1,1,1
11565,2024,176800,1,1,1,2,1,1,1
11566,2024,104305,1,1,1,2,1,1,1
11567,2024,137972,1,1,1,2,1,5,1
11568,2024,82783,1,1,1,2,1,5,1
11569,2024,136218,1,1,1,1,1,2,1
11570,2024,117343,1,1,1,2,1,2,1
11571,2024,78230,1,1,1,2,1,2,1
11572,2024,172400,1,1,1,1,1,2,1
11573,2024,52900,1,1,1,2,1,2,1
11574,2024,147500,2,1,1,2,1,1,1
11575,2024,98300,2,1,1,2,1,1,1
11576,2024,297000,1,1,1,2,1,4,1
11577,2024,168700,1,1,1,1,1,6,1
11578,2024,96400,1,1,1,1,1,6,1
11579,2024,115920,1,1,1,2,1,2,1
11580,2024,229300,1,1,1,2,1,2,1
11581,2024,127300,1,1,1,2,1,2,1
11582,2024,153850,1,1,1,1,1,2,1
11583,2024,91900,2,1,1,2,1,2,1
11584,2024,55400,2,1,1,2,1,2,1
11585,2024,367000,1,1,1,1,1,4,1
11586,2024,157650,1,1,1,1,1,1,1
11587,2024,23000,1,1,1,2,1,4,1
11588,2024,295000,1,1,1,4,1,1,1
11589,2024,158800,1,1,1,4,1,1,1
11590,2024,282450,1,1,1,1,1,1,1
11591,2024,188400,1,1,1,1,1,1,1
11592,2024,144000,2,1,1,2,1,2,1
11593,2024,59500,2,1,1,3,1,2,1
11594,2024,149400,1,1,1,2,1,4,1
11595,2024,180500,2,1,1,1,1,1,1
11596,2024,125611,1,1,1,1,1,1,1
11597,2024,88629,1,1,1,1,1,1,1
11598,2024,172000,2,1,1,2,1,2,1
11599,2024,103000,2,1,1,2,1,2,1
11600,2024,126200,2,1,1,1,1,2,1
11601,2024,324000,1,1,1,1,1,2,1
11602,2024,96600,2,1,1,1,1,2,1
11603,2024,188847,2,1,1,1,1,4,1
11604,2024,86797,1,1,1,2,1,2,1
11605,2024,138240,2,1,1,1,1,2,1
11606,2024,188100,1,2,1,2,1,6,1
11607,2024,74100,1,2,1,2,1,6,1
11608,2024,145620,1,1,1,1,1,2,1
11609,2024,98400,1,1,1,1,1,2,1
11610,2024,102300,1,1,1,1,1,4,1
11611,2024,139200,1,1,1,2,1,1,1
11612,2024,237650,1,1,1,1,1,1,1
11613,2024,118500,1,1,1,2,1,2,1
11614,2024,160480,1,1,1,2,1,5,1
11615,2024,109920,1,1,1,2,1,5,1
11616,2024,127500,1,1,1,2,1,2,1
11617,2024,162630,1,1,1,3,1,2,1
11618,2024,130104,1,1,1,3,1,2,1
11619,2024,115400,1,1,1,1,1,2,1
11620,2024,109500,1,1,1,1,1,2,1
11621,2024,269000,1,1,1,2,1,4,1
11622,2024,187000,1,1,1,2,1,4,1
11623,2024,145600,2,1,1,1,1,4,1
11624,2024,93704,2,1,1,2,1,1,1
11625,2024,65593,2,1,1,2,1,1,1
11626,2024,112000,1,1,1,1,3,1,1
11627,2024,133000,1,1,1,2,1,2,1
11628,2024,115498,1,1,1,2,1,2,1
11629,2024,80766,1,1,1,2,1,2,1
11630,2024,256500,1,1,1,3,1,2,1
11631,2024,139650,1,1,1,3,1,2,1
11632,2024,86800,2,1,1,3,1,2,1
11633,2024,332300,2,1,1,1,1,1,1
11634,2024,232900,2,1,1,1,1,1,1
11635,2024,178970,1,1,1,1,1,3,1
11636,2024,127350,1,1,1,1,1,3,1
11637,2024,188800,1,1,1,1,1,2,1
11638,2024,105700,1,1,1,1,1,2,1
11639,2024,219230,1,1,1,1,1,2,1
11640,2024,136510,1,1,1,1,1,2,1
11641,2024,52800,1,1,1,1,1,2,1
11642,2024,329000,1,1,1,1,1,2,1
11643,2024,176355,1,1,1,1,1,2,1
11644,2024,168150,1,1,1,2,1,3,1
11645,2024,119000,1,1,1,2,1,3,1
11646,2024,143900,1,1,1,3,1,2,1
11647,2024,125200,1,1,1,2,1,6,1
11648,2024,93400,1,1,1,2,1,6,1
11649,2024,167419,2,1,1,1,1,1,1
11650,2024,100464,2,1,1,1,1,1,1
11651,2024,297000,1,1,1,2,1,2,1
11652,2024,57300,1,1,1,2,1,1,1
11653,2024,198600,1,1,1,1,1,5,1
11654,2024,105800,1,1,1,1,1,5,1
11655,2024,359400,1,1,1,1,1,1,1
11656,2024,239600,1,1,1,1,1,1,1
11657,2024,113100,1,1,1,2,1,2,1
11658,2024,197000,1,1,1,1,1,2,1
11659,2024,171040,1,1,1,3,1,2,1
11660,2024,113300,1,1,1,3,1,2,1
11661,2024,133500,2,1,1,1,1,3,1
11662,2024,92208,1,1,1,3,1,2,1
11663,2024,82329,1,1,1,3,1,2,1
11664,2024,114910,1,1,1,2,1,2,1
11665,2024,71600,1,1,1,3,1,2,1
11666,2024,53700,1,1,1,3,1,2,1
11667,2024,136500,2,1,1,2,1,2,1
11668,2024,299000,2,1,1,1,1,2,1
11669,2024,205500,2,1,1,1,1,2,1
11670,2024,142500,2,1,1,1,1,2,1
11671,2024,105600,2,1,1,1,1,2,1
11672,2024,308000,1,1,1,1,1,2,1
11673,2024,167344,1,1,1,1,1,2,1
11674,2024,100406,1,1,1,1,1,2,1
11675,2024,125250,1,1,1,2,1,4,1
11676,2024,99000,1,1,1,2,1,4,1
11677,2024,170750,1,1,1,2,1,4,1
11678,2024,131000,1,1,1,2,1,4,1
11679,2024,149800,1,2,1,3,1,1,1
11680,2024,89700,1,2,1,3,1,1,1
11681,2024,155975,1,1,1,1,1,2,1
11682,2024,124779,1,1,1,1,1,2,1
11683,2024,328000,1,1,1,1,1,6,1
11684,2024,193000,1,1,1,1,1,6,1
11685,2024,330000,1,1,1,1,1,4,1
11686,2024,290000,1,1,1,1,1,4,1
11687,2024,160330,1,1,1,2,1,4,1
11688,2024,160130,1,1,1,2,1,4,1
11689,2024,240000,2,1,1,2,1,4,1
11690,2024,168000,2,1,1,2,1,4,1
11691,2024,199742,1,1,1,1,1,2,1
11692,2024,121056,1,1,1,1,1,2,1
11693,2024,190900,1,1,1,1,1,4,1
11694,2024,225000,1,1,1,1,1,5,1
11695,2024,157875,1,1,1,1,1,5,1
11696,2024,75286,2,1,1,2,1,2,1
11697,2024,180000,2,1,1,2,1,6,1
11698,2024,140000,2,1,1,2,1,6,1
11699,2024,151800,1,1,1,2,1,1,1
11700,2024,175633,1,1,1,1,1,1,1
11701,2024,101846,1,1,1,1,1,1,1
11702,2024,185619,1,1,1,1,1,1,1
11703,2024,108355,1,1,1,1,1,1,1
11704,2024,213345,1,1,1,2,1,4,1
11705,2024,63720,1,1,1,2,1,4,1
11706,2024,237050,1,1,1,2,1,4,1
11707,2024,70800,1,1,1,2,1,4,1
11708,2024,215658,2,1,1,1,1,4,1
11709,2024,139000,1,1,1,1,1,5,1
11710,2024,176580,1,1,1,3,1,4,1
11711,2024,117220,1,1,1,3,1,4,1
11712,2024,119000,1,1,1,3,1,4,1
11713,2024,167687,1,1,1,2,1,2,1
11714,2024,100612,1,1,1,2,1,2,1
11715,2024,192840,2,1,1,2,1,2,1
11716,2024,115704,2,1,1,2,1,2,1
11717,2024,337250,1,1,1,1,1,1,1
11718,2024,163000,1,1,1,2,1,6,1
11719,2024,77000,1,1,1,2,1,6,1
11720,2024,120750,1,1,1,2,1,1,1
11721,2024,89250,1,1,1,2,1,1,1
11722,2024,191922,1,1,1,2,1,1,1
11723,2024,218700,1,1,1,1,1,2,1
11724,2024,329333,1,1,1,1,1,2,1
11725,2024,526400,1,1,1,4,1,2,1
11726,2024,351000,1,1,1,4,1,2,1
11727,2024,168154,1,1,1,1,1,3,1
11728,2024,291500,1,1,1,4,1,2,1
11729,2024,201400,1,1,1,4,1,2,1
11730,2024,202800,1,1,1,1,1,6,1
11731,2024,115000,1,1,1,1,1,6,1
11732,2024,203940,1,1,1,2,1,2,1
11733,2024,101970,1,1,1,2,1,2,1
11734,2024,124600,1,1,1,2,1,2,1
11735,2024,117480,1,1,1,2,1,2,1
11736,2024,78320,1,1,1,2,1,2,1
11737,2024,190300,1,1,1,1,1,2,1
11738,2024,110300,1,1,1,1,1,2,1
11739,2024,142900,1,1,1,1,1,2,1
11740,2024,213345,1,1,1,2,1,2,1
11741,2024,57870,1,1,1,2,1,2,1
11742,2024,282000,1,1,1,1,1,2,1
11743,2024,108352,1,1,1,2,1,2,1
11744,2024,78801,1,1,1,2,1,2,1
11745,2024,234565,1,1,1,1,1,2,1
11746,2024,63720,1,1,1,1,1,2,1
11747,2024,91862,2,1,1,2,1,4,1
11748,2024,73490,2,1,1,2,1,4,1
11749,2024,337500,1,1,1,1,1,2,1
11750,2024,142897,1,1,1,3,1,2,1
11751,2024,119674,1,1,1,3,1,2,1
11752,2024,162450,1,1,1,1,1,4,1
11753,2024,132300,1,1,1,1,1,4,1
11754,2024,154000,2,1,1,1,1,1,1
11755,2024,106965,1,1,1,2,1,1,1
11756,2024,85572,1,1,1,2,1,1,1
11757,2024,85100,1,1,1,3,1,2,1
11758,2024,172057,1,1,1,2,1,2,1
11759,2024,83100,1,1,1,2,1,2,1
11760,2024,126345,1,1,1,2,1,2,1
11761,2024,107395,1,1,1,2,1,2,1
11762,2024,177147,1,1,1,1,1,1,1
11763,2024,128833,1,1,1,1,1,1,1
11764,2024,284000,1,1,1,1,1,3,1
11765,2024,174117,1,1,1,1,1,2,1
11766,2024,329334,1,1,1,1,1,2,1
11767,2024,176356,1,1,1,1,1,2,1
11768,2024,94000,2,1,1,1,1,4,1
11769,2024,243500,2,1,1,1,1,1,1
11770,2024,170700,2,1,1,1,1,1,1
11771,2024,205700,1,1,1,1,1,1,1
11772,2024,229900,1,1,1,1,1,2,1
11773,2024,73950,1,1,1,3,1,2,1
11774,2024,197800,1,1,1,2,1,2,1
11775,2024,359400,1,1,1,1,1,3,1
11776,2024,239600,1,1,1,1,1,3,1
11777,2024,134900,1,1,1,2,1,2,1
11778,2024,280400,1,1,1,1,1,1,1
11779,2024,224300,1,1,1,1,1,1,1
11780,2024,181100,1,1,1,1,1,4,1
11781,2024,144900,1,1,1,1,1,4,1
11782,2024,277600,1,1,1,1,1,1,1
11783,2024,172800,2,1,1,1,1,2,1
11784,2024,146960,1,1,1,1,1,2,1
11785,2024,122450,1,1,1,1,1,2,1
11786,2024,138750,2,1,1,1,1,2,1
11787,2024,186846,1,1,1,1,1,2,1
11788,2024,233200,1,1,1,1,1,4,1
11789,2024,186448,1,1,1,1,1,1,1
11790,2024,137810,1,1,1,1,1,1,1
11791,2024,220348,1,1,1,1,1,1,1
11792,2024,162866,1,1,1,1,1,1,1
11793,2024,229091,1,1,1,1,1,4,1
11794,2024,183273,1,1,1,1,1,4,1
11795,2024,304000,2,1,1,1,1,1,1
11796,2024,244000,2,1,1,1,1,1,1
11797,2024,140000,2,1,1,1,1,5,1
11798,2024,260625,1,1,1,1,1,2,1
11799,2024,70800,1,1,1,1,1,2,1
11800,2024,92400,2,1,1,2,1,2,1
11801,2024,64700,2,1,1,2,1,2,1
11802,2024,105975,1,1,1,2,1,2,1
11803,2024,144050,1,1,1,1,1,2,1
11804,2024,178090,2,1,1,2,1,2,1
11805,2024,81978,2,1,1,2,1,2,1
11806,2024,341250,1,1,1,1,1,1,1
11807,2024,183750,1,1,1,1,1,1,1
11808,2024,83850,1,1,1,3,1,5,1
11809,2024,55900,1,1,1,3,1,5,1
11810,2024,81900,1,1,1,2,1,4,1
11811,2024,143000,1,1,1,1,1,5,1
11812,2024,156300,1,1,1,1,1,2,1
11813,2024,82000,2,1,1,2,1,2,1
11814,2024,126500,1,1,1,3,1,2,1
11815,2024,186700,2,1,1,1,1,2,1
11816,2024,100500,2,1,1,1,1,2,1
11817,2024,232000,1,1,1,3,1,1,1
11818,2024,125600,1,1,1,1,1,4,1
11819,2024,69000,1,1,1,3,2,2,1
11820,2024,35776,1,1,1,3,2,2,1
11821,2024,116000,1,1,1,2,1,3,1
11822,2024,161863,1,1,1,1,1,2,1
11823,2024,193300,1,1,1,1,1,2,1
11824,2024,118514,1,1,1,1,1,2,1
11825,2024,91163,1,1,1,1,1,2,1
11826,2024,101109,1,1,1,2,1,2,1
11827,2024,54496,1,1,1,2,1,2,1
11828,2024,64000,2,1,1,2,1,1,1
11829,2024,77000,2,1,1,2,1,1,1
11830,2024,254000,1,1,1,2,1,2,1
11831,2024,254000,1,1,1,1,1,1,1
11832,2024,136800,1,1,1,1,1,1,1
11833,2024,155625,1,1,1,1,1,1,1
11834,2024,248600,1,1,1,4,1,5,1
11835,2024,149200,1,1,1,4,1,5,1
11836,2024,186800,1,1,1,2,1,1,1
11837,2024,161616,1,1,1,2,1,1,1
11838,2024,184208,2,1,1,1,1,2,1
11839,2024,133969,2,1,1,1,1,2,1
11840,2024,210300,2,1,1,2,1,4,1
11841,2024,131700,2,1,1,2,1,4,1
11842,2024,151736,1,1,1,2,1,2,1
11843,2024,136856,1,1,1,1,1,2,1
11844,2024,133800,1,1,1,3,1,2,1
11845,2024,108098,1,1,1,3,1,2,1
11846,2024,112200,1,1,1,2,1,5,1
11847,2024,70300,1,1,1,2,1,5,1
11848,2024,124500,1,1,1,2,1,1,1
11849,2024,405000,1,1,1,2,1,3,1
11850,2024,425000,1,1,1,1,1,6,1
11851,2024,315000,1,1,1,1,1,6,1
11852,2024,510000,1,1,1,1,1,4,1
11853,2024,179700,1,1,1,1,1,1,1
11854,2024,103050,1,1,1,1,1,1,1
11855,2024,510000,1,1,1,1,1,1,1
11856,2024,625000,1,1,1,1,1,1,1
11857,2024,600000,1,1,1,1,1,4,1
11858,2024,405000,1,1,1,2,1,4,1
11859,2024,300000,1,1,1,2,1,4,1
11860,2024,405000,1,1,1,1,1,5,1
11861,2024,300000,1,1,1,1,1,5,1
11862,2024,425000,1,1,1,1,1,1,1
11863,2024,625000,1,1,1,2,1,1,1
11864,2024,405000,1,1,1,1,1,3,1
11865,2024,187158,1,1,1,1,1,2,1
11866,2024,116974,1,1,1,1,1,2,1
11867,2024,126200,1,2,1,2,1,5,1
11868,2024,75600,1,2,1,2,1,5,1
11869,2024,225000,1,1,1,2,1,6,1
11870,2024,203000,2,1,1,1,1,4,1
11871,2024,154800,1,1,1,1,1,5,1
11872,2024,76300,1,1,1,1,1,5,1
11873,2024,186688,1,1,1,1,1,4,1
11874,2024,145745,1,1,1,1,1,4,1
11875,2024,202000,2,1,1,2,1,3,1
11876,2024,161202,2,1,1,2,1,3,1
11877,2024,245575,1,1,1,1,1,1,1
11878,2024,171903,1,1,1,1,1,1,1
11879,2024,66000,1,1,1,1,1,3,1
11880,2024,194100,1,1,1,1,1,3,1
11881,2024,152300,1,1,1,1,1,3,1
11882,2024,196000,1,1,1,1,1,3,1
11883,2024,280000,2,1,1,1,1,5,1
11884,2024,225000,2,1,1,1,1,5,1
11885,2024,370000,1,1,1,2,1,1,1
11886,2024,127905,1,1,1,1,1,2,1
11887,2024,220300,1,1,1,1,1,2,1
11888,2024,121800,1,1,1,2,1,2,1
11889,2024,257300,1,1,1,1,1,2,1
11890,2024,171500,1,1,1,1,1,2,1
11891,2024,145200,2,1,1,3,1,2,1
11892,2024,105600,2,1,1,3,1,2,1
11893,2024,169680,2,1,1,1,1,2,1
11894,2024,113120,2,1,1,1,1,2,1
11895,2024,309400,2,1,1,1,1,4,1
11896,2024,206300,2,1,1,1,1,4,1
11897,2024,278400,2,1,1,1,1,4,1
11898,2024,185600,2,1,1,1,1,4,1
11899,2024,237000,1,1,1,2,1,1,1
11900,2024,342000,1,1,1,1,1,4,1
11901,2024,342000,1,1,1,2,1,4,1
11902,2024,235000,1,1,1,2,1,4,1
11903,2024,151000,1,1,1,2,1,4,1
11904,2024,319000,1,1,1,1,1,1,1
11905,2024,226000,1,1,1,2,1,4,1
11906,2024,319000,1,1,1,2,1,1,1
11907,2024,221000,1,1,1,2,1,1,1
11908,2024,197438,1,1,1,1,1,4,1
11909,2024,225000,1,1,1,3,1,1,1
11910,2024,151000,2,1,1,1,1,4,1
11911,2024,85000,2,1,1,1,1,1,1
11912,2024,130000,2,1,1,2,1,5,1
11913,2024,75000,2,1,1,2,1,5,1
11914,2024,255000,1,1,1,2,1,5,1
11915,2024,200000,1,1,1,2,1,5,1
11916,2024,202000,1,1,1,1,1,6,1
11917,2024,141000,1,1,1,1,1,6,1
11918,2024,203000,1,1,1,1,1,6,1
11919,2024,279000,1,1,1,2,1,1,1
11920,2024,263000,1,1,1,1,1,5,1
11921,2024,151800,1,1,1,1,1,1,1
11922,2024,330000,1,1,1,2,1,1,1
11923,2024,179270,1,1,1,1,1,1,1
11924,2024,96038,1,1,1,1,1,1,1
11925,2024,370000,1,1,1,1,1,4,1
11926,2024,218300,1,1,1,1,1,1,1
11927,2024,180100,1,1,1,1,1,1,1
11928,2024,201097,1,1,1,1,1,4,1
11929,2024,196000,1,1,1,4,1,2,1
11930,2024,142000,1,1,1,4,1,2,1
11931,2024,216315,1,1,1,1,1,2,1
11932,2024,113850,1,1,1,1,1,2,1
11933,2024,155975,1,1,1,2,1,2,1
11934,2024,99473,1,1,1,2,1,2,1
11935,2024,282000,1,1,1,2,1,2,1
11936,2024,325000,1,1,1,1,1,3,1
11937,2024,291900,2,1,1,1,1,2,1
11938,2024,139300,2,1,1,1,1,2,1
11939,2024,179270,1,1,1,1,1,4,1
11940,2024,96038,1,1,1,1,1,4,1
11941,2024,129148,1,1,1,1,1,4,1
11942,2024,95665,1,1,1,1,1,4,1
11943,2024,223500,1,1,1,1,1,1,1
11944,2024,94200,1,1,1,1,1,1,1
11945,2024,80000,1,1,1,1,1,5,1
11946,2024,294000,1,1,1,4,1,1,1
11947,2024,137600,1,1,1,4,1,1,1
11948,2024,145430,2,1,1,1,1,2,1
11949,2024,85547,2,1,1,1,1,2,1
11950,2024,253198,1,1,1,1,1,2,1
11951,2024,135799,1,1,1,1,1,2,1
11952,2024,198853,1,1,1,2,1,2,1
11953,2024,107799,1,1,1,2,1,2,1
11954,2024,248700,1,1,1,1,1,1,1
11955,2024,65600,2,1,1,2,1,2,1
11956,2024,47700,2,1,1,2,1,2,1
11957,2024,235008,1,1,1,1,1,3,1
11958,2024,156672,1,1,1,1,1,3,1
11959,2024,163825,2,1,1,2,1,4,1
11960,2024,96367,2,1,1,2,1,4,1
11961,2024,313600,1,1,1,1,1,2,1
11962,2024,274800,1,1,1,1,1,2,1
11963,2024,118020,1,1,1,2,1,2,1
11964,2024,84580,1,1,1,2,1,2,1
11965,2024,151300,1,1,1,2,1,5,1
11966,2024,90800,1,1,1,2,1,5,1
11967,2024,152300,1,1,1,2,1,2,1
11968,2024,91400,1,1,1,2,1,2,1
11969,2024,222480,1,1,1,2,1,1,1
11970,2024,111240,1,1,1,2,1,1,1
11971,2024,173800,2,1,1,4,1,2,1
11972,2024,133700,2,1,1,4,1,2,1
11973,2024,164700,1,1,1,2,1,2,1
11974,2024,198200,1,1,1,1,1,2,1
11975,2024,113100,1,1,1,1,1,2,1
11976,2024,212510,1,1,1,1,1,1,1
11977,2024,114428,1,1,1,1,1,1,1
11978,2024,66800,1,1,1,1,1,2,1
11979,2024,291500,1,1,1,1,1,2,1
11980,2024,316300,2,1,1,1,1,5,1
11981,2024,178900,2,1,1,1,1,5,1
11982,2024,204800,1,1,1,1,1,2,1
11983,2024,216000,1,1,1,4,1,2,1
11984,2024,172800,1,1,1,4,1,2,1
11985,2024,107957,1,1,1,2,1,2,1
11986,2024,336500,1,1,1,1,1,1,1
11987,2024,269833,1,1,1,1,1,3,1
11988,2024,410000,1,1,1,4,1,1,1
11989,2024,323000,1,1,1,4,1,1,1
11990,2024,195800,1,1,1,2,1,1,1
11991,2024,180400,1,1,1,1,1,2,1
11992,2024,62148,1,1,1,3,1,2,1
11993,2024,201825,1,1,1,1,1,1,1
11994,2024,134550,1,1,1,1,1,1,1
11995,2024,118000,2,1,1,2,3,4,1
11996,2024,100000,2,1,1,2,3,4,1
11997,2024,99100,1,1,1,2,1,2,1
11998,2024,191300,1,1,1,2,1,2,1
11999,2024,149656,1,1,1,1,1,2,1
12000,2024,94702,1,1,1,1,1,2,1
12001,2024,126651,1,1,1,2,1,2,1
12002,2024,84448,1,1,1,2,1,2,1
12003,2024,139260,1,1,1,1,1,1,1
12004,2024,101300,1,1,1,1,1,1,1
12005,2024,198650,1,1,1,1,1,2,1
12006,2024,234700,1,1,1,4,1,2,1
12007,2024,173500,1,1,1,4,1,2,1
12008,2024,219400,1,1,1,2,1,2,1
12009,2024,146300,1,1,1,2,1,2,1
12010,2024,214500,1,1,1,2,1,1,1
12011,2024,241200,1,1,1,2,1,3,1
12012,2024,142800,1,1,1,2,1,3,1
12013,2024,173279,1,1,1,1,1,2,1
12014,2024,123771,1,1,1,1,1,2,1
12015,2024,96800,1,1,1,2,1,2,1
12016,2024,60600,1,1,1,2,1,2,1
12017,2024,121500,1,1,1,2,1,2,1
12018,2024,72900,1,1,1,2,1,2,1
12019,2024,83000,1,1,1,2,1,1,1
12020,2024,171102,1,1,1,1,1,4,1
12021,2024,282200,1,1,1,1,1,4,1
12022,2024,133600,1,1,1,1,1,4,1
12023,2024,198072,1,1,1,1,1,1,1
12024,2024,141480,1,1,1,1,1,1,1
12025,2024,118100,1,1,1,1,1,2,1
12026,2024,53500,1,1,1,1,1,2,1
12027,2024,104936,1,1,1,2,1,2,1
12028,2024,69957,1,1,1,2,1,2,1
12029,2024,90000,2,1,1,1,1,5,1
12030,2024,167687,1,1,1,1,1,5,1
12031,2024,100612,1,1,1,1,1,5,1
12032,2024,212124,1,1,1,1,1,1,1
12033,2024,127274,1,1,1,1,1,1,1
12034,2024,170040,1,1,1,1,1,3,1
12035,2024,113360,1,1,1,1,1,3,1
12036,2024,128800,2,1,1,1,1,4,1
12037,2024,67700,2,1,1,1,1,4,1
12038,2024,171350,1,1,1,1,1,1,1
12039,2024,227600,1,1,1,1,1,2,1
12040,2024,107500,1,1,1,1,1,2,1
12041,2024,105420,1,1,1,1,1,1,1
12042,2024,88340,1,1,1,1,1,1,1
12043,2024,231000,1,1,1,2,1,4,1
12044,2024,183800,2,1,1,1,1,1,1
12045,2024,153200,2,1,1,1,1,1,1
12046,2024,260000,1,2,1,1,1,1,1
12047,2024,150400,1,2,1,1,1,1,1
12048,2024,177800,1,2,1,2,1,5,1
12049,2024,79600,1,2,1,2,1,5,1
12050,2024,166800,2,1,1,1,1,6,1
12051,2024,139000,2,1,1,1,1,6,1
12052,2024,105400,1,1,1,2,1,1,1
12053,2024,89772,1,1,1,3,1,2,1
12054,2024,71864,1,1,1,3,1,2,1
12055,2024,275000,1,1,1,2,1,2,1
12056,2024,106200,2,1,1,2,1,2,1
12057,2024,90300,2,1,1,2,1,2,1
12058,2024,86797,1,1,1,1,1,5,1
12059,2024,64600,1,1,1,1,1,1,1
12060,2024,260000,1,1,1,4,1,1,1
12061,2024,176400,1,1,1,2,1,4,1
12062,2024,117600,1,1,1,2,1,4,1
12063,2024,228000,2,1,1,1,1,4,1
12064,2024,136000,2,1,1,1,1,4,1
12065,2024,204600,1,1,1,2,1,3,1
12066,2024,142563,1,1,1,2,1,3,1
12067,2024,213880,1,1,1,2,1,3,1
12068,2024,135283,1,1,1,2,1,4,1
12069,2024,114285,1,1,1,2,1,2,1
12070,2024,73730,1,1,1,2,1,2,1
12071,2024,102795,1,1,1,1,1,2,1
12072,2024,150550,2,1,1,1,1,4,1
12073,2024,109500,2,1,1,1,1,4,1
12074,2024,247600,2,1,1,1,1,2,1
12075,2024,143300,2,1,1,1,1,2,1
12076,2024,229000,1,1,1,1,1,3,1
12077,2024,283300,1,1,1,1,1,3,1
12078,2024,198000,1,1,1,2,1,4,1
12079,2024,140400,2,1,1,3,1,2,1
12080,2024,101400,2,1,1,3,1,2,1
12081,2024,235200,2,1,1,2,1,2,1
12082,2024,156800,2,1,1,2,1,2,1
12083,2024,203500,1,1,1,1,1,2,1
12084,2024,298000,2,1,1,1,1,4,1
12085,2024,191000,2,1,1,1,1,4,1
12086,2024,187110,1,1,1,2,1,2,1
12087,2024,142560,1,1,1,2,1,2,1
12088,2024,207900,1,1,1,2,1,2,1
12089,2024,258800,1,1,1,1,1,4,1
12090,2024,199200,1,1,1,1,1,4,1
12091,2024,223000,1,1,1,2,1,4,1
12092,2024,171600,1,1,1,2,1,4,1
12093,2024,98153,1,1,1,2,1,4,1
12094,2024,92950,1,1,1,3,1,2,1
12095,2024,70824,1,1,1,3,1,2,1
12096,2024,271000,1,1,1,1,1,4,1
12097,2024,244000,1,1,1,1,1,4,1
12098,2024,108200,2,1,1,1,1,2,1
12099,2024,145307,1,1,1,2,1,4,1
12100,2024,165100,2,1,1,1,1,1,1
12101,2024,153000,1,1,1,2,1,3,1
12102,2024,83900,1,1,1,2,1,4,1
12103,2024,133000,1,1,1,2,1,4,1
12104,2024,97204,1,1,1,2,1,2,1
12105,2024,170640,2,1,1,2,1,3,1
12106,2024,73008,2,1,1,2,1,3,1
12107,2024,146700,1,1,1,1,1,2,1
12108,2024,88900,1,1,1,1,1,2,1
12109,2024,195374,1,1,1,1,1,2,1
12110,2024,213480,1,1,1,1,1,1,1
12111,2024,142320,1,1,1,1,1,1,1
12112,2024,234000,1,1,1,2,1,1,1
12113,2024,146000,1,1,1,2,1,1,1
12114,2024,188500,2,1,1,1,1,1,1
12115,2024,155250,1,1,1,2,1,2,1
12116,2024,114750,1,1,1,2,1,2,1
12117,2024,124000,1,1,1,4,1,2,1
12118,2024,154818,1,1,1,1,1,2,1
12119,2024,96761,1,1,1,1,1,2,1
12120,2024,236500,1,1,1,1,1,4,1
12121,2024,166750,1,1,1,2,1,4,1
12122,2024,123250,1,1,1,2,1,4,1
12123,2024,138100,2,1,1,1,1,2,1
12124,2024,82900,2,1,1,1,1,2,1
12125,2024,283750,1,1,1,1,1,1,1
12126,2024,136125,1,1,1,1,1,1,1
12127,2024,77159,1,1,1,3,1,2,1
12128,2024,57870,1,1,1,3,1,2,1
12129,2024,149000,1,1,1,2,1,2,1
12130,2024,178250,1,1,1,3,1,1,1
12131,2024,92000,1,1,1,3,1,1,1
12132,2024,187400,1,1,1,2,1,2,1
12133,2024,306000,1,1,1,1,1,1,1
12134,2024,126000,1,1,1,1,1,3,1
12135,2024,115200,1,1,1,3,1,3,1
12136,2024,136850,1,1,1,1,1,3,1
12137,2024,134597,1,1,1,1,1,3,1
12138,2024,155520,1,1,1,1,1,2,1
12139,2024,187040,1,1,1,1,1,2,1
12140,2024,156100,1,1,1,2,1,2,1
12141,2024,147472,1,1,1,2,1,2,1
12142,2024,160524,1,1,1,2,1,1,1
12143,2024,282200,1,1,1,1,1,1,1
12144,2024,133600,1,1,1,1,1,1,1
12145,2024,75650,1,1,1,2,1,2,1
12146,2024,267800,1,1,1,1,1,3,1
12147,2024,118450,1,1,1,1,1,3,1
12148,2024,197800,1,1,1,1,1,3,1
12149,2024,110400,1,1,1,3,1,1,1
12150,2024,81600,1,1,1,3,1,1,1
12151,2024,264800,2,1,1,1,1,1,1
12152,2024,172900,2,1,1,1,1,1,1
12153,2024,218600,1,1,1,2,1,2,1
12154,2024,131200,1,1,1,2,1,2,1
12155,2024,298800,1,1,1,1,1,3,1
12156,2024,148600,1,1,1,1,1,3,1
12157,2024,325600,1,1,1,4,1,3,1
12158,2024,201300,1,1,1,4,1,3,1
12159,2024,240900,1,1,1,1,1,2,1
12160,2024,186150,1,1,1,1,1,2,1
12161,2024,172700,1,1,1,2,1,1,1
12162,2024,125600,1,1,1,2,1,1,1
12163,2024,186360,1,1,1,2,1,1,1
12164,2024,124240,1,1,1,2,1,1,1
12165,2024,206500,2,1,1,2,1,4,1
12166,2024,147500,2,1,1,2,1,4,1
12167,2024,229900,2,1,1,2,1,4,1
12168,2024,164200,2,1,1,2,1,4,1
12169,2024,153175,1,1,1,2,1,1,1
12170,2024,83550,1,1,1,2,1,1,1
12171,2024,246500,1,1,1,1,1,2,1
12172,2024,120000,1,1,1,3,2,2,1
12173,2024,191500,1,1,1,1,1,2,1
12174,2024,189000,2,1,1,1,1,2,1
12175,2024,136600,2,1,1,1,1,2,1
12176,2024,175200,1,1,1,1,1,1,1
12177,2024,184808,2,1,1,2,1,1,1
12178,2024,87360,2,1,1,2,1,1,1
12179,2024,100450,1,1,1,2,1,5,1
12180,2024,64300,1,1,1,2,1,5,1
12181,2024,187675,1,1,1,2,1,2,1
12182,2024,147430,1,1,1,1,1,2,1
12183,2024,88275,1,1,1,1,1,2,1
12184,2024,133744,1,1,1,2,1,2,1
12185,2024,83595,1,1,1,2,1,2,1
12186,2024,58500,1,1,1,2,1,1,1
12187,2024,221625,1,1,1,2,1,1,1
12188,2024,132975,1,1,1,2,1,1,1
12189,2024,145530,1,1,1,3,1,2,1
12190,2024,99800,1,1,1,3,1,2,1
12191,2024,131651,1,1,1,2,1,2,1
12192,2024,359720,1,1,1,1,1,3,1
12193,2024,532000,1,1,1,3,1,1,1
12194,2024,212800,1,1,1,3,1,1,1
12195,2024,560000,1,1,1,3,1,1,1
12196,2024,224000,1,1,1,3,1,1,1
12197,2024,185834,1,1,1,1,1,1,1
12198,2024,249600,1,1,1,1,1,1,1
12199,2024,192100,1,1,1,1,1,1,1
12200,2024,132800,1,1,1,2,1,1,1
12201,2024,78100,1,1,1,2,1,1,1
12202,2024,159668,2,1,1,2,1,1,1
12203,2024,115500,1,1,1,2,1,4,1
12204,2024,111900,1,1,1,1,1,1,1
12205,2024,345000,1,1,1,1,1,2,1
12206,2024,152500,1,1,1,1,1,1,1
12207,2024,147100,1,1,1,1,1,2,1
12208,2024,179000,1,1,1,2,1,4,1
12209,2024,112000,1,1,1,2,1,4,1
12210,2024,162400,2,1,1,1,1,5,1
12211,2024,101600,2,1,1,1,1,5,1
12212,2024,166363,1,1,1,3,1,1,1
12213,2024,103977,1,1,1,3,1,1,1
12214,2024,135240,1,1,1,1,1,2,1
12215,2024,111600,1,1,1,1,1,2,1
12216,2024,247000,2,1,1,1,1,2,1
12217,2024,114300,2,1,1,1,1,2,1
12218,2024,116690,1,1,1,1,1,2,1
12219,2024,96880,1,1,1,1,1,2,1
12220,2024,139650,1,1,1,1,1,3,1
12221,2024,106590,1,1,1,1,1,3,1
12222,2024,129960,2,1,1,2,1,2,1
12223,2024,106331,2,1,1,2,1,2,1
12224,2024,129960,2,1,1,3,1,2,1
12225,2024,106331,2,1,1,3,1,2,1
12226,2024,174158,1,1,1,1,1,1,1
12227,2024,118000,1,1,1,1,1,4,1
12228,2024,161612,1,1,1,1,1,4,1
12229,2024,132604,1,1,1,1,1,4,1
12230,2024,207575,1,1,1,2,1,4,1
12231,2024,138225,1,1,1,2,1,4,1
12232,2024,238000,2,1,1,1,1,2,1
12233,2024,173430,1,1,1,1,1,2,1
12234,2024,245100,2,1,1,1,1,2,1
12235,2024,244950,1,1,1,1,1,4,1
12236,2024,181050,1,1,1,1,1,4,1
12237,2024,530000,2,1,1,2,1,1,1
12238,2024,360000,2,1,1,2,1,1,1
12239,2024,274400,1,1,1,1,1,2,1
12240,2024,97200,1,1,1,1,1,2,1
12241,2024,265324,1,1,1,1,1,1,1
12242,2024,188427,1,1,1,1,1,1,1
12243,2024,250000,1,1,1,4,1,1,1
12244,2024,135100,1,1,1,1,1,1,1
12245,2024,290950,1,1,1,1,1,1,1
12246,2024,202300,1,1,1,1,1,1,1
12247,2024,192000,2,1,1,1,1,5,1
12248,2024,93000,2,1,1,1,1,5,1
12249,2024,283000,2,1,1,1,1,1,1
12250,2024,360000,1,1,1,4,1,1,1
12251,2024,130900,1,1,1,2,1,1,1
12252,2024,83100,1,1,1,2,1,1,1
12253,2024,185000,2,2,1,2,1,1,1
12254,2024,89600,2,2,1,2,1,1,1
12255,2024,88000,2,1,1,3,1,1,1
12256,2024,70000,2,1,1,3,1,1,1
12257,2024,224500,2,1,1,2,1,1,1
12258,2024,109350,2,1,1,2,1,1,1
12259,2024,96800,1,1,1,1,1,1,1
12260,2024,200875,1,1,1,3,1,3,1
12261,2024,120525,1,1,1,3,1,3,1
12262,2024,221625,1,1,1,1,1,3,1
12263,2024,132975,1,1,1,1,1,3,1
12264,2024,241100,1,1,1,1,1,1,1
12265,2024,146100,1,1,1,1,1,1,1
12266,2024,69600,1,1,1,3,1,2,1
12267,2024,243922,1,1,1,2,1,4,1
12268,2024,146058,1,1,1,2,1,4,1
12269,2024,355000,1,1,1,3,1,3,1
12270,2024,105900,1,1,1,2,1,2,1
12271,2024,71100,1,1,1,2,1,2,1
12272,2024,156750,1,1,1,3,1,2,1
12273,2024,118750,1,1,1,3,1,2,1
12274,2024,104500,1,1,1,3,1,2,1
12275,2024,192986,1,1,1,1,1,1,1
12276,2024,123000,1,1,1,2,1,1,1
12277,2024,416100,1,1,1,1,1,1,1
12278,2024,164160,1,1,1,1,1,1,1
12279,2024,139650,1,1,1,3,1,4,1
12280,2024,106590,1,1,1,3,1,4,1
12281,2024,179000,1,1,1,2,1,3,1
12282,2024,112000,1,1,1,2,1,3,1
12283,2024,129950,1,1,1,2,1,1,1
12284,2024,96050,1,1,1,2,1,1,1
12285,2024,117300,1,1,1,2,1,1,1
12286,2024,155100,2,1,1,1,1,5,1
12287,2024,89900,2,1,1,1,1,5,1
12288,2024,273500,1,1,1,1,1,3,1
12289,2024,368400,1,1,1,4,1,2,1
12290,2024,245600,1,1,1,4,1,2,1
12291,2024,141400,1,1,1,1,1,2,1
12292,2024,325200,1,1,1,1,1,1,1
12293,2024,170900,1,1,1,1,1,1,1
12294,2024,224034,2,1,1,1,1,3,1
12295,2024,183301,2,1,1,1,1,3,1
12296,2024,201100,1,2,1,3,1,2,1
12297,2024,116300,1,2,1,3,1,2,1
12298,2024,218185,1,1,1,1,1,2,1
12299,2024,158680,1,1,1,1,1,2,1
12300,2024,161000,2,1,1,3,1,2,1
12301,2024,115920,2,1,1,3,1,2,1
12302,2024,207300,1,1,1,1,1,2,1
12303,2024,165900,1,1,1,1,1,2,1
12304,2024,142900,2,1,1,1,1,5,1
12305,2024,244000,2,1,1,1,1,2,1
12306,2024,321000,2,1,1,2,1,1,1
12307,2024,214000,2,1,1,2,1,1,1
12308,2024,118800,2,1,1,1,1,2,1
12309,2024,25000,2,1,1,1,1,4,1
12310,2024,215000,1,1,1,2,1,6,1
12311,2024,131000,1,1,1,2,1,6,1
12312,2024,261500,1,1,1,1,1,1,1
12313,2024,165300,1,1,1,1,1,2,1
12314,2024,275652,1,1,1,1,1,1,1
12315,2024,141360,1,1,1,1,1,1,1
12316,2024,222500,2,1,1,2,1,1,1
12317,2024,142500,2,1,1,2,1,1,1
12318,2024,236925,1,1,1,2,1,1,1
12319,2024,153075,1,1,1,2,1,1,1
12320,2024,384000,1,1,1,2,1,1,1
12321,2024,302800,1,1,1,1,1,1,1
12322,2024,223800,1,1,1,1,1,1,1
12323,2024,116640,1,1,1,2,1,1,1
12324,2024,97200,1,1,1,2,1,1,1
12325,2024,158400,1,1,1,2,1,1,1
12326,2024,129600,1,1,1,2,1,1,1
12327,2024,105600,2,1,1,2,1,1,1
12328,2024,93500,1,1,1,1,1,1,1
12329,2024,286600,1,1,1,2,1,1,1
12330,2024,223644,1,1,1,1,1,1,1
12331,2024,113500,1,1,1,2,1,1,1
12332,2024,82200,2,1,1,2,1,1,1
12333,2024,73080,2,1,1,2,1,1,1
12334,2024,389500,1,1,1,1,1,1,1
12335,2024,212800,1,1,1,1,1,1,1
12336,2024,92400,2,1,1,2,1,1,1
12337,2024,63000,2,1,1,2,1,1,1
12338,2024,141000,2,1,1,2,1,1,1
12339,2024,100500,2,1,1,2,1,1,1
12340,2024,114400,2,1,1,2,1,1,1
12341,2024,95333,2,1,1,2,1,1,1
12342,2024,180000,1,1,1,1,3,1,1
12343,2024,211000,1,1,1,1,1,3,1
12344,2024,124100,1,1,1,1,1,3,1
12345,2024,227423,1,1,1,1,1,2,1
12346,2024,166698,1,1,1,2,1,2,1
12347,2024,175644,1,1,1,2,1,4,1
12348,2024,237500,1,1,1,3,1,4,1
12349,2024,137750,1,1,1,3,1,4,1
12350,2024,179708,1,1,1,1,1,1,1
12351,2024,159850,1,1,1,1,1,2,1
12352,2024,419750,1,1,1,2,1,3,1
12353,2024,181700,1,1,1,1,1,2,1
12354,2024,131061,1,1,1,1,1,2,1
12355,2024,155800,1,1,1,2,1,2,1
12356,2024,219100,1,1,1,3,1,2,1
12357,2024,118500,1,1,1,3,1,2,1
12358,2024,290000,1,1,1,2,1,2,1
12359,2024,312867,1,1,1,2,1,2,1
12360,2024,167538,1,1,1,2,1,2,1
12361,2024,112200,1,1,1,1,1,3,1
12362,2024,312444,1,1,1,1,1,2,1
12363,2024,167111,1,1,1,1,1,2,1
12364,2024,162400,1,1,1,1,1,2,1
12365,2024,164050,1,1,1,1,1,2,1
12366,2024,181900,1,1,1,1,1,3,1
12367,2024,163492,1,1,1,1,1,1,1
12368,2024,102183,1,1,1,1,1,1,1
12369,2024,102858,2,1,1,2,1,2,1
12370,2024,68552,2,1,1,2,1,2,1
12371,2024,210000,2,1,1,2,1,2,1
12372,2024,147645,1,1,1,1,1,2,1
12373,2024,250800,1,1,1,1,1,2,1
12374,2024,242250,2,1,1,1,1,2,1
12375,2024,148000,2,1,1,1,1,2,1
12376,2024,128544,1,1,1,2,1,2,1
12377,2024,74984,1,1,1,2,1,2,1
12378,2024,129620,1,1,1,1,1,2,1
12379,2024,181500,1,1,1,1,1,1,1
12380,2024,190000,2,1,1,1,1,6,1
12381,2024,155000,2,1,1,1,1,6,1
12382,2024,159000,2,1,1,1,1,4,1
12383,2024,170000,2,1,1,1,1,6,1
12384,2024,145000,2,1,1,1,1,6,1
12385,2024,281000,1,1,1,2,1,2,1
12386,2024,206000,1,1,1,2,1,2,1
12387,2024,181000,1,1,1,1,1,2,1
12388,2024,284280,1,1,1,1,1,1,1
12389,2024,142140,1,1,1,1,1,1,1
12390,2024,167300,1,1,1,3,1,1,1
12391,2024,70400,1,1,1,3,1,1,1
12392,2024,201650,1,1,1,1,1,2,1
12393,2024,124600,1,1,1,1,1,2,1
12394,2024,206800,1,2,1,1,1,2,1
12395,2024,97500,1,2,1,1,1,2,1
12396,2024,285200,1,1,1,1,1,1,1
12397,2024,90500,2,1,1,2,1,2,1
12398,2024,130500,1,1,1,3,1,2,1
12399,2024,135200,1,1,1,2,1,2,1
12400,2024,253430,1,1,1,2,1,2,1
12401,2024,151034,1,1,1,1,1,2,1
12402,2024,91536,1,1,1,1,1,2,1
12403,2024,200400,1,1,1,2,1,2,1
12404,2024,154100,1,1,1,2,1,2,1
12405,2024,269000,1,1,1,1,1,2,1
12406,2024,260000,2,1,1,1,1,6,1
12407,2024,309000,2,1,1,1,1,3,1
12408,2024,161000,2,1,1,1,1,3,1
12409,2024,283000,2,1,1,1,1,3,1
12410,2024,154440,1,1,1,3,1,4,1
12411,2024,112320,1,1,1,3,1,4,1
12412,2024,265500,1,1,1,4,1,2,1
12413,2024,199000,1,1,1,3,1,2,1
12414,2024,288000,2,1,1,1,1,3,1
12415,2024,189000,2,1,1,1,1,3,1
12416,2024,315100,1,1,1,1,1,3,1
12417,2024,173650,1,1,1,2,1,6,1
12418,2024,87550,1,1,1,2,1,6,1
12419,2024,246552,1,1,1,2,1,2,1
12420,2024,234400,1,1,1,2,1,2,1
12421,2024,141100,1,1,1,2,1,2,1
12422,2024,261250,1,1,1,1,1,2,1
12423,2024,140000,2,1,1,4,1,2,1
12424,2024,100000,2,1,1,4,1,2,1
12425,2024,210960,1,1,1,2,1,3,1
12426,2024,117000,1,1,1,2,1,3,1
12427,2024,119000,1,1,1,3,1,1,1
12428,2024,304200,1,1,1,1,1,2,1
12429,2024,340100,1,1,1,1,1,4,1
12430,2024,199500,1,1,1,1,1,4,1
12431,2024,194750,1,1,1,2,1,3,1
12432,2024,129960,1,1,1,2,1,3,1
12433,2024,295194,1,1,1,1,1,3,1
12434,2024,168889,1,1,1,3,1,2,1
12435,2024,133896,1,1,1,2,1,4,1
12436,2024,137972,2,1,1,1,1,2,1
12437,2024,82783,2,1,1,1,1,2,1
12438,2024,128000,2,1,1,3,1,2,1
12439,2024,64000,2,1,1,3,1,2,1
12440,2024,221760,1,1,1,1,1,3,1
12441,2024,210672,1,1,1,2,1,3,1
12442,2024,119700,1,1,1,2,1,3,1
12443,2024,129960,1,1,1,3,1,3,1
12444,2024,129960,1,1,1,1,1,3,1
12445,2024,129200,1,1,1,2,1,3,1
12446,2024,141200,1,1,1,3,1,2,1
12447,2024,75400,1,1,1,3,1,2,1
12448,2024,242650,2,1,1,1,1,2,1
12449,2024,157550,2,1,1,1,1,2,1
12450,2024,164509,1,1,1,2,1,2,1
12451,2024,209169,1,1,1,1,1,6,1
12452,2024,96038,1,1,1,1,1,6,1
12453,2024,204644,1,1,1,1,1,2,1
12454,2024,90880,1,1,1,1,1,2,1
12455,2024,134100,2,1,1,2,1,2,1
12456,2024,90100,2,1,1,2,1,2,1
12457,2024,266000,1,1,1,1,1,3,1
12458,2024,209800,1,1,1,1,1,3,1
12459,2024,127100,1,1,1,1,1,3,1
12460,2024,168150,1,1,1,3,1,1,1
12461,2024,116000,1,1,1,3,1,1,1
12462,2024,323900,1,1,1,1,1,4,1
12463,2024,241500,1,1,1,1,1,4,1
12464,2024,216429,1,1,1,2,1,4,1
12465,2024,276073,1,1,1,2,1,1,1
12466,2024,69690,2,1,1,3,1,2,1
12467,2024,164314,1,1,1,2,1,2,1
12468,2024,68405,1,1,1,2,1,2,1
12469,2024,145537,2,1,1,2,1,4,1
12470,2024,119076,2,1,1,2,1,4,1
12471,2024,40000,1,1,1,1,1,1,1
12472,2024,241500,1,1,1,1,1,2,1
12473,2024,137300,1,1,1,1,1,2,1
12474,2024,192780,1,1,1,1,1,2,1
12475,2024,282000,2,1,1,1,1,3,1
12476,2024,168000,2,1,1,1,1,3,1
12477,2024,156450,1,1,1,2,1,2,1
12478,2024,119000,2,1,1,1,1,2,1
12479,2024,256300,1,1,1,1,1,2,1
12480,2024,126400,1,1,1,1,1,2,1
12481,2024,151463,2,1,1,1,1,2,1
12482,2024,87780,2,1,1,1,1,2,1
12483,2024,306500,1,1,1,1,1,3,1
12484,2024,245000,1,1,1,1,1,3,1
12485,2024,500000,1,1,1,1,1,3,1
12486,2024,248400,1,1,1,1,1,2,1
12487,2024,140600,1,1,1,1,1,2,1
12488,2024,194750,1,1,1,1,1,2,1
12489,2024,129960,1,1,1,1,1,2,1
12490,2024,119000,2,1,1,1,1,1,1
12491,2024,163400,1,1,1,1,1,3,1
12492,2024,175750,1,1,1,1,1,3,1
12493,2024,289000,1,1,1,1,1,3,1
12494,2024,158080,1,1,1,1,1,3,1
12495,2024,337280,1,1,1,1,1,3,1
12496,2024,172000,1,1,1,1,1,3,1
12497,2024,112000,1,1,1,1,1,3,1
12498,2024,395000,1,1,1,1,1,3,1
12499,2024,259200,1,1,1,3,1,3,1
12500,2024,232000,1,1,1,2,1,2,1
12501,2024,332000,1,1,1,1,1,2,1
12502,2024,191250,1,1,1,1,1,2,1
12503,2024,205000,1,1,1,3,1,1,1
12504,2024,136800,1,1,1,3,1,1,1
12505,2024,399600,1,1,1,1,1,1,1
12506,2024,266000,1,1,1,1,1,4,1
12507,2024,177688,1,1,1,1,1,4,1
12508,2024,136800,1,1,1,1,1,2,1
12509,2024,82643,2,1,1,2,1,2,1
12510,2024,56854,2,1,1,2,1,2,1
12511,2024,77760,2,1,1,2,1,1,1
12512,2024,230000,2,1,1,4,1,2,1
12513,2024,30000,1,1,1,3,1,2,1
12514,2024,170023,1,1,1,2,1,4,1
12515,2024,208800,1,1,1,3,1,4,1
12516,2024,98300,1,1,1,3,1,4,1
12517,2024,113500,1,1,1,2,1,4,1
12518,2024,173000,2,1,1,1,1,4,1
12519,2024,117000,2,1,1,1,1,4,1
12520,2024,194750,1,1,1,1,1,4,1
12521,2024,129200,1,1,1,1,1,4,1
12522,2024,128356,1,1,1,3,1,2,1
12523,2024,120037,1,1,1,3,1,2,1
12524,2024,221760,1,1,1,3,1,3,1
12525,2024,126000,1,1,1,3,1,3,1
12526,2024,399600,1,1,1,2,1,1,1
12527,2024,173301,1,1,1,2,1,4,1
12528,2024,136800,1,1,1,2,1,4,1
12529,2024,259500,1,1,1,2,1,1,1
12530,2024,126350,1,1,1,1,1,2,1
12531,2024,187982,1,1,1,1,1,2,1
12532,2024,113928,1,1,1,1,1,2,1
12533,2024,79509,1,1,1,1,1,2,1
12534,2024,162884,1,1,1,1,1,2,1
12535,2024,144560,1,1,1,1,1,2,1
12536,2024,174518,1,1,1,1,1,4,1
12537,2024,283850,2,1,1,1,1,5,1
12538,2024,144650,2,1,1,1,1,5,1
12539,2024,238400,2,1,1,1,1,5,1
12540,2024,121500,2,1,1,1,1,5,1
12541,2024,297000,2,1,1,4,1,2,1
12542,2024,162000,2,1,1,4,1,2,1
12543,2024,304496,1,1,1,1,1,3,1
12544,2024,148049,1,1,1,1,1,3,1
12545,2024,106500,1,1,1,4,1,2,1
12546,2024,235200,1,2,1,1,1,2,1
12547,2024,136100,1,2,1,1,1,2,1
12548,2024,209700,1,1,1,1,1,2,1
12549,2024,83375,2,1,1,3,1,2,1
12550,2024,73600,2,1,1,2,1,2,1
12551,2024,297500,1,1,1,2,1,4,1
12552,2024,145350,1,1,1,2,1,4,1
12553,2024,206600,2,1,1,1,1,4,1
12554,2024,91665,1,1,1,2,1,2,1
12555,2024,61110,1,1,1,2,1,2,1
12556,2024,168300,2,1,1,2,1,4,1
12557,2024,107712,2,1,1,2,1,4,1
12558,2024,162150,1,1,1,2,1,3,1
12559,2024,119850,1,1,1,2,1,3,1
12560,2024,311600,1,1,1,1,1,1,1
12561,2024,141588,1,1,1,2,1,1,1
12562,2024,414000,1,1,1,2,1,1,1
12563,2024,379620,1,1,1,2,1,1,1
12564,2024,153216,1,1,1,2,1,1,1
12565,2024,150200,1,1,1,2,1,2,1
12566,2024,204360,1,1,1,1,1,2,1
12567,2024,134597,1,1,1,1,1,2,1
12568,2024,205500,2,1,1,2,1,2,1
12569,2024,136300,2,1,1,2,1,2,1
12570,2024,266000,1,1,1,2,1,2,1
12571,2024,360000,1,1,1,1,1,3,1
12572,2024,228000,1,1,1,1,1,3,1
12573,2024,290000,1,1,1,2,1,3,1
12574,2024,128600,1,1,1,2,1,3,1
12575,2024,337000,1,1,1,1,1,3,1
12576,2024,75400,1,1,1,2,1,3,1
12577,2024,97375,1,1,1,3,1,2,1
12578,2024,61250,1,1,1,2,1,2,1
12579,2024,58660,1,1,1,2,1,2,1
12580,2024,61550,1,1,1,2,1,2,1
12581,2024,40000,1,1,1,1,1,2,1
12582,2024,235310,1,1,1,1,1,2,1
12583,2024,154960,1,1,1,1,1,2,1
12584,2024,168150,1,1,1,2,1,2,1
12585,2024,159869,1,1,1,2,1,2,1
12586,2024,95722,1,1,1,2,1,2,1
12587,2024,217100,2,1,1,1,1,2,1
12588,2024,116900,2,1,1,1,1,2,1
12589,2024,111000,1,1,1,1,1,1,1
12590,2024,200875,1,1,1,2,1,3,1
12591,2024,120525,1,1,1,2,1,3,1
12592,2024,206645,1,1,1,1,1,4,1
12593,2024,152737,1,1,1,1,1,4,1
12594,2024,104261,1,1,1,2,1,2,1
12595,2024,76857,1,1,1,2,1,2,1
12596,2024,169442,1,1,1,1,1,1,1
12597,2024,185849,1,1,1,2,1,4,1
12598,2024,358000,1,1,1,1,1,4,1
12599,2024,170300,1,1,1,2,1,1,1
12600,2024,91700,1,1,1,2,1,1,1
12601,2024,296000,1,1,1,2,1,2,1
12602,2024,158755,1,1,1,2,1,2,1
12603,2024,167538,1,1,1,1,1,2,1
12604,2024,459000,1,1,1,1,1,2,1
12605,2024,312000,1,1,1,2,1,2,1
12606,2024,200740,1,1,1,2,1,2,1
12607,2024,269800,1,1,1,2,1,2,1
12608,2024,147200,1,1,1,2,1,2,1
12609,2024,358000,1,1,1,1,1,2,1
12610,2024,187040,1,1,1,2,1,4,1
12611,2024,177688,1,1,1,1,1,1,1
12612,2024,358000,1,1,1,2,1,1,1
12613,2024,258800,1,1,1,1,1,3,1
12614,2024,199200,1,1,1,1,1,3,1
12615,2024,260000,1,1,1,3,1,3,1
12616,2024,165000,1,1,1,3,1,3,1
12617,2024,139360,2,1,1,1,1,2,1
12618,2024,86840,2,1,1,1,1,2,1
12619,2024,128355,1,1,1,3,1,2,1
12620,2024,82227,1,1,1,3,1,2,1
12621,2024,270000,1,1,1,3,1,2,1
12622,2024,129200,1,1,1,2,1,4,1
12623,2024,201600,1,1,1,2,1,1,1
12624,2024,122400,1,1,1,2,1,4,1
12625,2024,171350,1,1,1,2,1,2,1
12626,2024,85850,1,1,1,2,1,2,1
12627,2024,96000,2,1,1,1,1,4,1
12628,2024,118575,1,1,1,3,1,2,1
12629,2024,338000,1,1,1,1,1,2,1
12630,2024,270400,1,1,1,1,1,2,1
12631,2024,72600,1,1,1,3,2,4,1
12632,2024,36300,1,1,1,3,2,4,1
12633,2024,183621,1,1,1,1,1,2,1
12634,2024,153018,1,1,1,1,1,2,1
12635,2024,126400,2,1,1,1,1,2,1
12636,2024,101100,2,1,1,1,1,2,1
12637,2024,174250,1,1,1,2,1,2,1
12638,2024,500000,1,1,1,2,1,3,1
12639,2024,145000,1,1,1,4,1,2,1
12640,2024,181000,2,1,1,1,1,2,1
12641,2024,195714,1,1,1,1,1,2,1
12642,2024,170186,1,1,1,1,1,2,1
12643,2024,111500,2,1,1,1,1,2,1
12644,2024,178310,1,1,1,1,1,2,1
12645,2024,129700,1,1,1,1,1,2,1
12646,2024,153500,1,1,1,3,1,2,1
12647,2024,92250,1,1,1,3,1,2,1
12648,2024,144198,1,1,1,1,1,2,1
12649,2024,120165,1,1,1,1,1,2,1
12650,2024,145600,2,1,1,3,1,2,1
12651,2024,97000,2,1,1,3,1,2,1
12652,2024,102350,2,1,1,2,1,4,1
12653,2024,317000,1,1,1,2,1,2,1
12654,2024,317000,2,1,1,2,1,2,1
12655,2024,177600,1,1,1,2,1,2,1
12656,2024,235495,1,1,1,1,1,2,1
12657,2024,314100,1,1,1,1,1,2,1
12658,2024,272290,2,1,1,1,1,2,1
12659,2024,169374,2,1,1,1,1,2,1
12660,2024,214200,2,1,1,1,1,2,1
12661,2024,169400,2,1,1,1,1,2,1
12662,2024,129000,2,1,1,2,1,2,1
12663,2024,194000,1,1,1,2,1,2,1
12664,2024,235000,1,1,1,1,1,6,1
12665,2024,185000,1,1,1,1,1,6,1
12666,2024,260000,1,1,1,2,1,3,1
12667,2024,167047,2,1,1,1,1,3,1
12668,2024,253692,2,1,1,1,1,3,1
12669,2024,122887,2,1,1,1,1,3,1
12670,2024,293250,1,1,1,1,1,3,1
12671,2024,201960,1,1,1,1,1,3,1
12672,2024,194000,2,1,1,1,1,3,1
12673,2024,177000,2,1,1,1,1,3,1
12674,2024,235680,1,1,1,1,1,3,1
12675,2024,153040,1,1,1,1,1,3,1
12676,2024,240000,2,2,1,1,1,3,1
12677,2024,112000,2,2,1,1,1,3,1
12678,2024,168000,1,1,1,3,1,3,1
12679,2024,125000,1,1,1,3,1,3,1
12680,2024,125100,1,1,1,2,1,3,1
12681,2024,275000,1,1,1,2,1,4,1
12682,2024,180360,2,1,1,1,1,4,1
12683,2024,136600,2,1,1,1,1,4,1
12684,2024,240500,1,1,1,1,1,3,1
12685,2024,154440,1,1,1,3,1,3,1
12686,2024,112320,1,1,1,3,1,3,1
12687,2024,225600,1,1,1,2,1,1,1
12688,2024,231500,2,1,1,1,1,4,1
12689,2024,256000,2,1,1,1,1,1,1
12690,2024,202000,2,1,1,1,1,1,1
12691,2024,350000,1,1,1,3,1,1,1
12692,2024,274600,1,1,1,1,1,4,1
12693,2024,148800,1,1,1,1,1,4,1
12694,2024,241700,1,1,1,1,1,4,1
12695,2024,201500,1,1,1,1,1,4,1
12696,2024,402500,1,1,1,4,1,2,1
12697,2024,263500,1,1,1,4,1,2,1
12698,2024,230000,2,1,1,2,1,6,1
12699,2024,230000,1,1,1,4,1,4,1
12700,2024,205000,2,1,1,1,1,5,1
12701,2024,235680,1,1,1,1,1,1,1
12702,2024,153040,1,1,1,1,1,1,1
12703,2024,145800,1,1,1,1,1,1,1
12704,2024,206400,1,1,1,1,1,2,1
12705,2024,25000,2,1,1,2,1,2,1
12706,2024,394000,2,1,1,4,1,2,1
12707,2024,246000,2,1,1,4,1,2,1
12708,2024,164300,2,1,1,1,1,2,1
12709,2024,131400,2,1,1,1,1,2,1
12710,2024,187300,2,1,1,1,1,2,1
12711,2024,119400,1,1,1,2,1,2,1
12712,2024,135800,1,1,1,2,1,2,1
12713,2024,314200,1,1,1,1,1,4,1
12714,2024,210000,2,2,1,1,1,6,1
12715,2024,98000,2,2,1,1,1,6,1
12716,2024,277600,1,1,1,1,1,4,1
12717,2024,211000,2,1,1,2,1,4,1
12718,2024,282900,1,1,1,1,1,4,1
12719,2024,177100,1,1,1,1,1,4,1
12720,2024,328000,1,1,1,1,1,4,1
12721,2024,229461,1,1,1,2,1,1,1
12722,2024,166881,1,1,1,2,1,1,1
12723,2024,126500,1,1,1,1,1,4,1
12724,2024,238448,1,1,1,1,1,4,1
12725,2024,180000,1,1,1,2,1,6,1
12726,2024,121000,1,1,1,2,1,4,1
12727,2024,224500,1,1,1,2,1,4,1
12728,2024,109350,1,1,1,2,1,4,1
12729,2024,221000,1,1,1,3,1,4,1
12730,2024,259440,1,1,1,2,1,1,1
12731,2024,169200,1,1,1,2,1,1,1
12732,2024,330000,1,1,1,1,1,1,1
12733,2024,116000,2,1,1,1,1,4,1
12734,2024,259440,1,1,1,1,1,4,1
12735,2024,169200,1,1,1,1,1,4,1
12736,2024,278000,2,1,1,1,1,5,1
12737,2024,194000,2,1,1,1,1,5,1
12738,2024,177000,1,1,1,2,1,6,1
12739,2024,243000,1,1,1,4,1,4,1
12740,2024,220000,1,1,1,4,1,4,1
12741,2024,125000,2,1,1,1,1,4,1
12742,2024,225000,1,1,1,1,1,6,1
12743,2024,254400,1,1,1,1,1,4,1
12744,2024,230400,1,1,1,1,1,1,1
12745,2024,260586,1,1,1,1,1,1,1
12746,2024,177672,1,1,1,1,1,1,1
12747,2024,155000,2,1,1,2,1,4,1
12748,2024,68000,2,1,1,2,1,4,1
12749,2024,201825,1,1,1,1,1,5,1
12750,2024,118800,1,1,1,1,1,5,1
12751,2024,280000,2,1,1,1,1,6,1
12752,2024,176239,1,1,1,3,1,1,1
12753,2024,120016,1,1,1,3,1,1,1
12754,2024,170450,1,1,1,2,1,2,1
12755,2024,81900,1,1,1,2,1,2,1
12756,2024,150250,1,1,1,1,1,2,1
12757,2024,113734,1,1,1,1,1,2,1
12758,2024,234062,1,1,1,2,1,4,1
12759,2024,141949,1,1,1,1,1,2,1
12760,2024,113559,1,1,1,1,1,2,1
12761,2024,164600,1,1,1,2,1,2,1
12762,2024,99200,1,1,1,2,1,2,1
12763,2024,208800,1,1,1,1,1,4,1
12764,2024,98300,1,1,1,1,1,4,1
12765,2024,159869,1,1,1,1,1,4,1
12766,2024,95722,1,1,1,1,1,4,1
12767,2024,76218,1,1,1,3,1,2,1
12768,2024,50812,1,1,1,3,1,2,1
12769,2024,130200,1,1,1,1,1,2,1
12770,2024,106600,1,1,1,1,1,2,1
12771,2024,100200,1,1,1,1,1,2,1
12772,2024,247610,1,1,1,2,1,2,1
12773,2024,191335,1,1,1,2,1,2,1
12774,2024,78000,1,1,1,4,1,2,1
12775,2024,184379,1,1,1,2,1,4,1
12776,2024,201900,1,1,1,2,1,1,1
12777,2024,97335,1,1,1,2,1,1,1
12778,2024,158620,1,1,1,2,1,4,1
12779,2024,79310,1,1,1,2,1,4,1
12780,2024,98000,2,1,1,1,1,1,1
12781,2024,370000,1,1,1,1,1,2,1
12782,2024,137500,2,1,1,1,1,2,1
12783,2024,156510,1,1,1,1,1,2,1
12784,2024,60675,1,1,1,3,1,2,1
12785,2024,177300,1,1,1,1,1,2,1
12786,2024,178600,1,1,1,1,1,2,1
12787,2024,88600,1,1,1,1,1,2,1
12788,2024,213000,2,1,1,1,1,2,1
12789,2024,159000,2,1,1,1,1,2,1
12790,2024,253692,1,1,1,2,1,3,1
12791,2024,122887,1,1,1,2,1,3,1
12792,2024,292128,1,1,1,1,1,3,1
12793,2024,141990,1,1,1,1,1,3,1
12794,2024,161500,1,1,1,1,1,3,1
12795,2024,132100,1,1,1,2,1,4,1
12796,2024,110200,1,1,1,2,1,4,1
12797,2024,246640,1,1,1,1,1,2,1
12798,2024,168150,1,1,1,3,1,2,1
12799,2024,330764,1,1,1,1,1,3,1
12800,2024,133843,1,1,1,1,1,3,1
12801,2024,389500,1,1,1,2,1,3,1
12802,2024,99800,1,1,1,1,1,2,1
12803,2024,101080,1,1,1,1,1,2,1
12804,2024,256500,1,1,1,1,1,2,1
12805,2024,139650,1,1,1,1,1,2,1
12806,2024,148658,1,1,1,1,1,2,1
12807,2024,133000,1,1,1,4,1,2,1
12808,2024,129960,1,1,1,2,1,1,1
12809,2024,375000,1,1,1,2,1,2,1
12810,2024,184800,1,1,1,1,1,2,1
12811,2024,529200,1,1,1,2,1,1,1
12812,2024,245520,1,1,1,2,1,1,1
12813,2024,280000,1,1,1,3,1,1,1
12814,2024,141107,1,1,1,1,1,4,1
12815,2024,355000,1,1,1,2,1,2,1
12816,2024,342000,1,1,1,1,1,3,1
12817,2024,216600,1,1,1,1,1,3,1
12818,2024,187415,1,1,1,2,1,2,1
12819,2024,74100,2,1,1,3,1,2,1
12820,2024,53700,2,1,1,3,1,2,1
12821,2024,162800,1,1,1,1,1,2,1
12822,2024,86100,1,1,1,1,1,2,1
12823,2024,149282,1,1,1,1,1,2,1
12824,2024,157000,1,1,1,1,1,3,1
12825,2024,210100,1,1,1,3,1,3,1
12826,2024,140100,1,1,1,3,1,3,1
12827,2024,210100,1,1,1,2,1,3,1
12828,2024,140100,1,1,1,2,1,3,1
12829,2024,255800,1,1,1,1,1,3,1
12830,2024,170600,1,1,1,1,1,3,1
12831,2024,282000,2,1,1,1,1,2,1
12832,2024,200200,1,1,1,2,1,3,1
12833,2024,186915,1,1,1,2,1,3,1
12834,2024,205364,1,1,1,1,1,3,1
12835,2024,196900,2,1,1,1,1,2,1
12836,2024,180835,2,1,1,1,1,2,1
12837,2024,194600,1,1,1,2,1,2,1
12838,2024,116200,1,1,1,2,1,2,1
12839,2024,239662,2,1,1,4,1,2,1
12840,2024,143858,2,1,1,4,1,2,1
12841,2024,205700,1,1,1,2,1,2,1
12842,2024,197412,1,1,1,2,1,2,1
12843,2024,127950,1,1,1,2,1,2,1
12844,2024,137611,1,1,1,2,1,4,1
12845,2024,268484,2,1,1,2,1,4,1
12846,2024,312800,1,1,1,1,1,2,1
12847,2024,359000,1,1,1,1,1,2,1
12848,2024,129960,1,1,1,1,1,4,1
12849,2024,690000,1,1,1,1,1,4,1
12850,2024,340100,1,1,1,2,1,1,1
12851,2024,205000,1,1,1,3,1,4,1
12852,2024,136800,1,1,1,3,1,4,1
12853,2024,355000,1,1,1,3,1,4,1
12854,2024,177688,1,1,1,2,1,4,1
12855,2024,168500,1,1,1,1,1,3,1
12856,2024,360000,1,1,1,2,1,3,1
12857,2024,342000,1,1,1,2,1,3,1
12858,2024,156750,1,1,1,2,1,3,1
12859,2024,290700,1,1,1,1,1,3,1
12860,2024,154280,1,1,1,1,1,3,1
12861,2024,168150,1,1,1,3,1,4,1
12862,2024,106400,1,1,1,3,1,4,1
12863,2024,112200,1,1,1,3,1,1,1
12864,2024,341734,1,1,1,3,1,1,1
12865,2024,177688,1,1,1,3,1,1,1
12866,2024,259200,1,1,1,2,1,3,1
12867,2024,259200,1,1,1,2,1,4,1
12868,2024,238000,1,1,1,2,1,3,1
12869,2024,529000,1,1,1,2,1,3,1
12870,2024,228000,1,1,1,2,1,3,1
12871,2024,375000,1,1,1,1,1,2,1
12872,2024,395000,1,1,1,1,1,2,1
12873,2024,375516,1,1,1,4,1,2,1
12874,2024,190950,1,1,1,4,1,2,1
12875,2024,355752,1,1,1,1,1,2,1
12876,2024,370500,1,1,1,2,1,2,1
12877,2024,205168,1,1,1,2,1,2,1
12878,2024,111466,1,1,1,2,1,2,1
12879,2024,131100,1,1,1,2,1,2,1
12880,2024,96900,1,1,1,2,1,2,1
12881,2024,280000,1,1,1,2,1,2,1
12882,2024,210662,1,1,1,1,1,2,1
12883,2024,187040,1,1,1,2,1,1,1
12884,2024,322200,1,1,1,1,1,1,1
12885,2024,168336,1,1,1,1,1,1,1
12886,2024,183400,1,1,1,2,1,1,1
12887,2024,220611,1,1,1,2,1,2,1
12888,2024,232222,1,1,1,2,1,2,1
12889,2024,106400,1,1,1,2,1,2,1
12890,2024,177777,1,1,1,1,1,2,1
12891,2024,220611,1,1,1,3,1,2,1
12892,2024,110864,1,1,1,3,1,2,1
12893,2024,180400,1,1,1,2,1,2,1
12894,2024,177778,1,1,1,3,1,2,1
12895,2024,107682,1,1,1,3,1,2,1
12896,2024,123627,1,1,1,1,1,2,1
12897,2024,197829,1,1,1,1,1,4,1
12898,2024,116150,1,1,1,3,1,2,1
12899,2024,70550,1,1,1,3,1,2,1
12900,2024,90950,1,1,1,1,1,4,1
12901,2024,221760,1,1,1,2,1,1,1
12902,2024,290700,1,1,1,1,1,1,1
12903,2024,154280,1,1,1,1,1,1,1
12904,2024,141000,1,1,1,2,1,4,1
12905,2024,187040,1,1,1,1,1,1,1
12906,2024,177778,1,1,1,1,1,2,1
12907,2024,135782,1,1,1,1,1,2,1
12908,2024,321632,1,1,1,2,1,4,1
12909,2024,158080,1,1,1,2,1,4,1
12910,2024,177688,1,1,1,1,1,2,1
12911,2024,137750,1,1,1,1,1,1,1
12912,2024,289469,1,1,1,2,1,2,1
12913,2024,158080,1,1,1,2,1,2,1
12914,2024,136000,1,1,1,2,1,3,1
12915,2024,136000,1,1,1,1,1,3,1
12916,2024,304704,1,1,1,1,1,3,1
12917,2024,166400,1,1,1,1,1,3,1
12918,2024,265200,1,1,1,1,1,3,1
12919,2024,176800,1,1,1,1,1,3,1
12920,2024,236800,1,1,1,1,1,2,1
12921,2024,132889,1,1,1,1,1,2,1
12922,2024,179075,1,1,1,2,1,2,1
12923,2024,123500,1,1,1,2,1,2,1
12924,2024,312444,1,1,1,2,1,2,1
12925,2024,330000,1,1,1,1,1,2,1
12926,2024,316000,1,1,1,1,1,2,1
12927,2024,337250,1,1,1,3,1,4,1
12928,2024,86555,1,1,1,3,1,2,1
12929,2024,338560,1,1,1,1,1,4,1
12930,2024,175750,1,1,1,1,1,4,1
12931,2024,112065,1,1,1,2,1,4,1
12932,2024,504000,1,1,1,2,1,4,1
12933,2024,93060,1,1,1,2,1,2,1
12934,2024,66560,1,1,1,2,1,2,1
12935,2024,200500,1,1,1,1,1,2,1
12936,2024,94600,1,1,1,1,1,2,1
12937,2024,136032,2,1,1,1,1,2,1
12938,2024,85280,2,1,1,1,1,2,1
12939,2024,199870,1,1,1,1,1,2,1
12940,2024,81650,1,1,1,2,1,2,1
12941,2024,51100,1,1,1,2,1,2,1
12942,2024,98975,2,1,1,3,1,2,1
12943,2024,78200,2,1,1,3,1,2,1
12944,2024,158500,1,1,1,2,1,2,1
12945,2024,283850,2,1,1,1,1,1,1
12946,2024,144650,2,1,1,1,1,1,1
12947,2024,160600,1,1,1,1,1,2,1
12948,2024,80109,1,1,1,1,1,2,1
12949,2024,175100,1,1,1,3,1,2,1
12950,2024,72100,1,1,1,3,1,2,1
12951,2024,164839,1,1,1,1,1,2,1
12952,2024,128544,1,1,1,1,1,2,1
12953,2024,332000,1,1,1,4,1,2,1
12954,2024,110100,1,1,1,1,1,3,1
12955,2024,283800,1,1,1,1,1,2,1
12956,2024,149200,1,1,1,1,1,4,1
12957,2024,93400,1,1,1,1,1,4,1
12958,2024,113000,1,1,1,3,1,1,1
12959,2024,117120,1,1,1,2,1,4,1
12960,2024,95825,1,1,1,2,1,4,1
12961,2024,240500,1,1,1,1,1,2,1
12962,2024,202950,2,1,1,1,1,2,1
12963,2024,233000,1,1,1,1,1,3,1
12964,2024,137000,1,1,1,1,1,3,1
12965,2024,169600,1,1,1,2,1,3,1
12966,2024,200214,1,1,1,2,1,4,1
12967,2024,133476,1,1,1,2,1,4,1
12968,2024,202800,2,1,1,1,1,2,1
12969,2024,174700,1,1,1,1,1,2,1
12970,2024,51000,2,1,1,2,1,2,1
12971,2024,88200,2,1,1,3,1,2,1
12972,2024,61700,2,1,1,3,1,2,1
12973,2024,122246,2,1,1,1,1,2,1
12974,2024,88907,2,1,1,1,1,2,1
12975,2024,72500,1,1,1,2,1,2,1
12976,2024,66990,1,1,1,2,1,2,1
12977,2024,248094,1,1,1,1,1,2,1
12978,2024,100192,1,1,1,1,1,2,1
12979,2024,169229,1,1,1,1,1,4,1
12980,2024,90654,2,1,1,1,1,5,1
12981,2024,222500,1,1,1,1,1,1,1
12982,2024,121400,2,1,1,1,1,3,1
12983,2024,101500,1,1,1,2,1,2,1
12984,2024,79280,2,1,1,1,1,2,1
12985,2024,285000,1,1,1,2,1,3,1
12986,2024,125600,1,1,1,2,1,3,1
12987,2024,75600,2,1,1,2,1,2,1
12988,2024,75705,1,1,1,2,1,2,1
12989,2024,97335,1,1,1,1,1,2,1
12990,2024,21099,1,1,1,1,1,2,1
12991,2024,323400,1,1,1,4,1,2,1
12992,2024,176800,1,1,1,4,1,2,1
12993,2024,187770,1,1,1,1,1,2,1
12994,2024,128900,1,1,1,1,1,2,1
12995,2024,221000,2,1,1,1,1,2,1
12996,2024,240500,1,2,1,2,1,2,1
12997,2024,139100,1,2,1,2,1,2,1
12998,2024,89550,1,1,1,3,1,2,1
12999,2024,223000,1,1,1,1,1,3,1
13000,2024,162000,1,1,1,2,1,3,1
13001,2024,236160,2,1,1,1,1,2,1
13002,2024,159408,2,1,1,1,1,2,1
13003,2024,233582,1,1,1,1,1,4,1
13004,2024,140713,1,1,1,1,1,4,1
13005,2024,200700,1,1,1,1,1,4,1
13006,2024,142300,1,1,1,1,1,4,1
13007,2024,296000,1,1,1,1,1,4,1
13008,2024,88500,1,1,1,4,1,4,1
13009,2024,41500,1,1,1,4,1,4,1
13010,2024,86000,1,1,1,2,1,4,1
13011,2024,41500,1,1,1,2,1,4,1
13012,2024,225500,1,1,1,2,1,4,1
13013,2024,98000,1,1,1,2,1,4,1
13014,2024,238600,1,1,1,1,1,2,1
13015,2024,94500,1,1,1,3,1,2,1
13016,2024,172100,1,1,1,3,1,2,1
13017,2024,97400,1,1,1,3,1,2,1
13018,2024,53000,1,1,1,2,1,1,1
13019,2024,62000,1,1,1,1,1,3,1
13020,2024,124900,1,1,1,3,1,2,1
13021,2024,78200,1,1,1,3,1,2,1
13022,2024,123400,1,1,1,1,1,4,1
13023,2024,129950,1,1,1,2,1,2,1
13024,2024,79900,1,1,1,2,1,2,1
13025,2024,135127,2,1,1,1,1,2,1
13026,2024,119250,2,1,1,1,1,2,1
13027,2024,145537,1,1,1,1,1,1,1
13028,2024,119076,1,1,1,1,1,1,1
13029,2024,220800,2,1,1,1,1,3,1
13030,2024,157200,2,1,1,1,1,3,1
13031,2024,231000,2,1,1,1,1,2,1
13032,2024,151725,2,1,1,1,1,2,1
13033,2024,141750,1,1,1,2,1,2,1
13034,2024,128250,1,1,1,2,1,2,1
13035,2024,207300,2,1,1,1,1,2,1
13036,2024,133300,2,1,1,1,1,2,1
13037,2024,99800,1,1,1,2,1,2,1
13038,2024,116640,1,1,1,2,1,2,1
13039,2024,93312,1,1,1,2,1,2,1
13040,2024,135700,1,1,1,2,1,2,1
13041,2024,81600,1,1,1,2,1,2,1
13042,2024,171350,1,1,1,1,1,2,1
13043,2024,85850,1,1,1,1,1,2,1
13044,2024,226800,1,1,1,2,1,2,1
13045,2024,151200,1,1,1,2,1,2,1
13046,2024,147500,1,1,1,1,1,2,1
13047,2024,288300,1,1,1,1,1,2,1
13048,2024,144100,1,1,1,1,1,2,1
13049,2024,191180,1,1,1,1,1,2,1
13050,2024,157605,1,1,1,1,1,2,1
13051,2024,116425,1,1,1,2,1,4,1
13052,2024,74500,1,1,1,2,1,4,1
13053,2024,107690,1,1,1,3,1,2,1
13054,2024,163400,1,1,1,1,1,4,1
13055,2024,111829,1,1,1,1,1,6,1
13056,2024,229500,1,1,1,1,1,2,1
13057,2024,252000,1,1,1,3,1,1,1
13058,2024,143000,1,1,1,3,1,1,1
13059,2024,207500,1,1,1,1,1,4,1
13060,2024,129600,1,1,1,1,1,4,1
13061,2024,102350,1,1,1,2,1,2,1
13062,2024,121793,2,1,1,1,1,2,1
13063,2024,57520,2,1,1,1,1,2,1
13064,2024,106700,1,1,1,3,1,2,1
13065,2024,57700,1,1,1,3,1,2,1
13066,2024,133200,1,1,1,2,1,2,1
13067,2024,69722,1,1,1,3,1,2,1
13068,2024,120750,2,1,1,4,1,2,1
13069,2024,60000,2,1,1,4,1,2,1
13070,2024,276000,1,1,1,2,1,3,1
13071,2024,148000,1,1,1,2,1,3,1
13072,2024,157043,2,1,1,2,1,4,1
13073,2024,113071,2,1,1,2,1,4,1
13074,2024,260150,1,1,1,1,1,4,1
13075,2024,314300,2,1,1,1,1,2,1
13076,2024,199000,2,1,1,1,1,2,1
13077,2024,212800,1,1,1,1,1,2,1
13078,2024,245000,2,1,1,1,1,3,1
13079,2024,146000,2,1,1,1,1,3,1
13080,2024,108200,1,1,1,2,1,2,1
13081,2024,148049,2,1,1,1,1,4,1
13082,2024,92000,1,1,1,3,1,3,1
13083,2024,72176,1,1,1,3,1,3,1
13084,2024,241500,1,1,1,3,1,2,1
13085,2024,132300,1,1,1,3,1,2,1
13086,2024,212196,2,1,1,1,1,2,1
13087,2024,209296,2,1,1,2,1,2,1
13088,2024,119273,2,1,1,2,1,2,1
13089,2024,101382,2,1,1,2,1,2,1
13090,2024,358072,2,1,1,1,1,2,1
13091,2024,174071,2,1,1,1,1,2,1
13092,2024,145258,2,1,1,1,1,2,1
13093,2024,254024,1,1,1,1,1,2,1
13094,2024,145258,1,1,1,1,1,2,1
13095,2024,174175,1,1,1,1,1,3,1
13096,2024,304496,2,1,1,1,1,3,1
13097,2024,148049,2,1,1,1,1,3,1
13098,2024,327000,2,1,1,1,1,3,1
13099,2024,158950,2,1,1,1,1,3,1
13100,2024,360985,1,1,1,1,1,3,1
13101,2024,206456,1,1,1,1,1,3,1
13102,2024,258470,1,1,1,1,1,3,1
13103,2024,147800,1,1,1,1,1,3,1
13104,2024,385000,2,1,1,1,1,3,1
13105,2024,187000,2,1,1,1,1,3,1
13106,2024,219063,1,1,1,1,1,3,1
13107,2024,124839,1,1,1,1,1,3,1
13108,2024,279427,2,1,1,1,1,4,1
13109,2024,135816,2,1,1,1,1,4,1
13110,2024,342844,2,1,1,1,1,4,1
13111,2024,166694,2,1,1,1,1,4,1
13112,2024,304496,2,1,1,1,1,4,1
13113,2024,398983,1,1,1,1,1,1,1
13114,2024,228188,1,1,1,1,1,1,1
13115,2024,256500,1,1,1,1,1,4,1
13116,2024,170700,1,1,1,1,1,4,1
13117,2024,136600,1,1,1,1,1,2,1
13118,2024,159066,2,1,1,2,1,4,1
13119,2024,130145,2,1,1,2,1,4,1
13120,2024,110487,2,1,1,1,1,4,1
13121,2024,95071,2,1,1,1,1,4,1
13122,2024,237188,2,1,1,1,1,2,1
13123,2024,194063,2,1,1,1,1,2,1
13124,2024,209748,1,1,1,2,1,2,1
13125,2024,159832,1,1,1,2,1,2,1
13126,2024,239748,1,1,1,1,1,2,1
13127,2024,190400,1,1,1,1,1,3,1
13128,2024,207575,1,1,1,2,1,1,1
13129,2024,138225,1,1,1,2,1,1,1
13130,2024,150300,1,2,1,1,1,1,1
13131,2024,67200,1,2,1,1,1,1,1
13132,2024,233856,1,1,1,1,1,4,1
13133,2024,200214,1,1,1,1,1,4,1
13134,2024,133476,1,1,1,1,1,4,1
13135,2024,318800,2,1,1,1,1,1,1
13136,2024,290000,2,1,1,1,1,1,1
13137,2024,208300,1,1,1,1,1,2,1
13138,2024,145500,2,1,1,4,1,2,1
13139,2024,229900,1,1,1,2,1,2,1
13140,2024,201400,1,1,1,2,1,2,1
13141,2024,238400,1,1,1,1,1,2,1
13142,2024,334800,1,1,1,1,1,4,1
13143,2024,160800,1,1,1,2,1,2,1
13144,2024,120890,1,1,1,2,1,2,1
13145,2024,196700,1,1,1,1,1,2,1
13146,2024,116500,1,1,1,3,1,2,1
13147,2024,107200,1,1,1,2,1,3,1
13148,2024,300200,1,1,1,1,1,3,1
13149,2024,170700,1,1,1,1,1,3,1
13150,2024,97000,1,1,1,2,1,1,1
13151,2024,139200,1,1,1,1,1,2,1
13152,2024,208300,1,1,1,2,1,4,1
13153,2024,138900,1,1,1,2,1,4,1
13154,2024,209169,1,1,1,1,1,4,1
13155,2024,159850,1,1,1,3,1,2,1
13156,2024,118150,1,1,1,3,1,2,1
13157,2024,158800,1,1,1,1,1,3,1
13158,2024,238050,1,1,1,2,1,1,1
13159,2024,176500,1,1,1,1,1,2,1
13160,2024,128300,1,1,1,1,1,2,1
13161,2024,114100,1,1,1,2,1,2,1
13162,2024,256500,1,1,1,1,1,1,1
13163,2024,252450,1,1,1,1,1,1,1
13164,2024,208672,2,1,1,1,1,4,1
13165,2024,90146,2,1,1,1,1,4,1
13166,2024,164200,1,1,1,1,1,2,1
13167,2024,78500,1,1,1,1,1,2,1
13168,2024,122500,1,1,1,4,1,2,1
13169,2024,123573,1,1,1,1,1,2,1
13170,2024,47500,1,1,1,3,1,2,1
13171,2024,93750,1,1,1,3,1,2,1
13172,2024,92700,1,1,1,3,1,1,1
13173,2024,57200,1,1,1,3,1,1,1
13174,2024,61600,1,1,1,1,1,5,1
13175,2024,185625,1,1,1,1,1,5,1
13176,2024,129315,1,1,1,1,1,2,1
13177,2024,86210,1,1,1,1,1,2,1
13178,2024,168400,1,1,1,1,1,2,1
13179,2024,185100,1,1,1,1,1,2,1
13180,2024,111100,1,1,1,1,1,2,1
13181,2024,198300,1,1,1,2,1,2,1
13182,2024,94400,1,1,1,2,1,2,1
13183,2024,143300,1,1,1,1,1,1,1
13184,2024,267900,1,1,1,1,1,3,1
13185,2024,39600,1,1,1,3,1,2,1
13186,2024,68500,1,1,1,2,1,2,1
13187,2024,206100,1,1,1,2,1,2,1
13188,2024,114500,1,1,1,2,1,2,1
13189,2024,96200,2,1,1,1,1,2,1
13190,2024,69800,2,1,1,1,1,2,1
13191,2024,111100,1,1,1,2,1,2,1
13192,2024,55500,1,1,1,2,1,2,1
13193,2024,140012,2,1,1,1,1,2,1
13194,2024,121750,2,1,1,1,1,2,1
13195,2024,126500,2,1,1,2,1,2,1
13196,2024,218500,1,1,1,1,1,4,1
13197,2024,199700,1,1,1,1,1,4,1
13198,2024,137100,1,1,1,1,1,2,1
13199,2024,140280,2,1,1,1,1,3,1
13200,2024,322300,1,1,1,1,1,3,1
13201,2024,160200,1,1,1,1,1,3,1
13202,2024,114888,2,1,1,1,1,2,1
13203,2024,91112,2,1,1,1,1,2,1
13204,2024,189800,1,1,1,1,1,2,1
13205,2024,298000,1,1,1,1,1,3,1
13206,2024,223200,1,1,1,1,1,2,1
13207,2024,110250,1,1,1,1,1,2,1
13208,2024,58500,1,1,1,1,1,2,1
13209,2024,191062,1,1,1,1,1,1,1
13210,2024,222800,1,1,1,1,1,4,1
13211,2024,123800,1,1,1,1,1,4,1
13212,2024,101000,2,1,1,3,1,2,1
13213,2024,144800,2,1,1,2,1,2,1
13214,2024,89300,2,1,1,2,1,2,1
13215,2024,223600,2,2,1,1,1,4,1
13216,2024,129300,2,2,1,1,1,4,1
13217,2024,171600,1,1,1,3,1,3,1
13218,2024,124800,1,1,1,3,1,3,1
13219,2024,254000,1,1,1,1,1,3,1
13220,2024,177900,1,1,1,1,1,3,1
13221,2024,167000,1,1,1,1,1,4,1
13222,2024,139500,1,1,1,2,1,4,1
13223,2024,127188,1,1,1,2,1,2,1
13224,2024,119207,1,1,1,2,1,2,1
13225,2024,138500,1,1,1,2,1,2,1
13226,2024,69300,1,1,1,2,1,2,1
13227,2024,68000,1,1,1,3,1,1,1
13228,2024,50541,1,1,1,3,1,1,1
13229,2024,89315,1,1,1,2,1,6,1
13230,2024,62521,1,1,1,2,1,6,1
13231,2024,488000,1,1,1,4,1,2,1
13232,2024,177000,1,1,1,2,1,2,1
13233,2024,106200,1,1,1,2,1,2,1
13234,2024,181600,1,1,1,1,1,2,1
13235,2024,117887,2,1,1,2,1,2,1
13236,2024,73674,2,1,1,2,1,2,1
13237,2024,104300,1,1,1,1,1,2,1
13238,2024,181600,1,1,1,1,1,4,1
13239,2024,113600,1,1,1,1,1,4,1
13240,2024,255800,1,1,1,1,1,2,1
13241,2024,170600,1,1,1,1,1,2,1
13242,2024,385200,2,1,1,1,1,3,1
13243,2024,227800,2,1,1,1,1,3,1
13244,2024,152400,1,1,1,2,1,2,1
13245,2024,101600,1,1,1,2,1,2,1
13246,2024,279900,2,1,1,1,1,2,1
13247,2024,168200,2,1,1,1,1,2,1
13248,2024,350000,2,1,1,2,1,1,1
13249,2024,142800,2,1,1,1,1,4,1
13250,2024,84000,1,1,1,2,1,4,1
13251,2024,120000,3,2,1,2,1,3,1
13252,2024,104000,1,1,1,2,1,6,1
13253,2024,130000,1,1,1,2,1,6,1
13254,2024,209440,1,1,1,1,1,6,1
13255,2024,152320,1,1,1,1,1,6,1
13256,2024,166000,1,1,1,2,1,6,1
13257,2024,169000,1,1,1,2,1,6,1
13258,2024,93522,1,1,1,2,1,2,1
13259,2024,65465,1,1,1,2,1,2,1
13260,2024,284900,1,1,1,2,1,2,1
13261,2024,137500,2,1,1,2,1,2,1
13262,2024,112500,2,1,1,2,1,2,1
13263,2024,256500,1,1,1,3,1,3,1
13264,2024,138900,1,1,1,3,1,3,1
13265,2024,241500,1,1,1,2,1,2,1
13266,2024,160700,1,1,1,2,1,2,1
13267,2024,256500,1,1,1,2,1,4,1
13268,2024,53248,1,1,1,2,1,2,1
13269,2024,128000,1,1,1,1,1,4,1
13270,2024,252174,1,1,1,1,1,2,1
13271,2024,167826,1,1,1,1,1,2,1
13272,2024,247500,1,1,1,1,1,2,1
13273,2024,302900,1,1,1,1,1,2,1
13274,2024,309000,1,1,1,1,1,6,1
13275,2024,302470,1,1,1,1,1,1,1
13276,2024,183330,1,1,1,1,1,1,1
13277,2024,244000,2,1,1,4,1,2,1
13278,2024,720000,2,1,1,2,1,2,1
13279,2024,148500,1,1,1,1,1,2,1
13280,2024,84100,1,2,1,3,1,2,1
13281,2024,39300,1,2,1,3,1,2,1
13282,2024,351000,1,1,1,1,1,2,1
13283,2024,216150,1,1,1,1,1,1,1
13284,2024,157200,1,1,1,1,1,1,1
13285,2024,237000,2,1,1,1,1,3,1
13286,2024,161200,2,1,1,1,1,3,1
13287,2024,138000,1,1,1,1,1,3,1
13288,2024,223600,2,2,1,2,1,4,1
13289,2024,129300,2,2,1,2,1,4,1
13290,2024,261500,2,2,1,1,1,4,1
13291,2024,151300,2,2,1,1,1,4,1
13292,2024,152000,2,1,1,1,1,4,1
13293,2024,214200,1,1,1,2,1,4,1
13294,2024,195000,2,1,1,3,1,2,1
13295,2024,129000,2,1,1,3,1,2,1
13296,2024,243300,1,1,1,2,1,3,1
13297,2024,243300,1,1,1,1,1,4,1
13298,2024,131500,1,1,1,1,1,4,1
13299,2024,63900,1,1,1,2,1,2,1
13300,2024,153000,1,1,1,4,1,2,1
13301,2024,42000,1,1,1,2,1,2,1
13302,2024,238600,1,1,1,1,1,1,1
13303,2024,236800,2,1,1,1,1,4,1
13304,2024,142050,2,1,1,1,1,4,1
13305,2024,105000,2,1,1,1,1,5,1
13306,2024,256500,1,1,1,2,1,3,1
13307,2024,138900,1,1,1,2,1,3,1
13308,2024,217106,1,1,1,2,1,4,1
13309,2024,199068,1,1,1,1,1,2,1
13310,2024,157600,2,1,1,1,1,2,1
13311,2024,116645,2,1,1,1,1,2,1
13312,2024,133200,2,1,1,2,1,2,1
13313,2024,84000,2,1,1,2,1,2,1
13314,2024,219320,1,1,1,1,1,2,1
13315,2024,219120,1,1,1,1,1,2,1
13316,2024,76300,1,1,1,2,1,2,1
13317,2024,139500,1,1,1,2,1,2,1
13318,2024,188100,1,1,1,2,1,4,1
13319,2024,125400,1,1,1,2,1,4,1
13320,2024,235000,1,1,1,1,1,5,1
13321,2024,113600,1,1,1,2,1,4,1
13322,2024,68200,1,1,1,2,1,4,1
13323,2024,297100,1,1,1,1,1,2,1
13324,2024,167900,1,1,1,1,1,2,1
13325,2024,98949,1,1,1,2,1,2,1
13326,2024,56392,1,1,1,2,1,2,1
13327,2024,133200,1,1,1,1,1,2,1
13328,2024,88700,2,1,1,1,1,2,1
13329,2024,120842,1,1,1,1,1,2,1
13330,2024,720000,1,1,1,1,1,2,1
13331,2024,125500,1,1,1,1,1,2,1
13332,2024,305900,2,1,1,2,1,2,1
13333,2024,203900,2,1,1,2,1,2,1
13334,2024,299000,1,1,1,1,1,3,1
13335,2024,157600,2,1,1,2,1,3,1
13336,2024,73000,2,1,1,3,1,2,1
13337,2024,57000,2,1,1,3,1,2,1
13338,2024,280500,1,1,1,1,1,2,1
13339,2024,300200,1,1,1,1,1,1,1
13340,2024,223500,1,1,1,2,1,2,1
13341,2024,300200,1,1,1,1,1,2,1
13342,2024,170700,1,1,1,1,1,2,1
13343,2024,179800,1,1,1,1,1,2,1
13344,2024,353500,1,1,1,1,1,2,1
13345,2024,237100,1,1,1,1,1,2,1
13346,2024,118094,1,1,1,1,1,2,1
13347,2024,25000,1,1,1,2,1,2,1
13348,2024,100200,2,1,1,1,1,2,1
13349,2024,92000,2,1,1,2,1,3,1
13350,2024,25000,1,1,1,1,1,2,1
13351,2024,170000,2,1,1,3,1,2,1
13352,2024,25000,1,1,1,3,1,2,1
13353,2024,143300,1,1,1,1,1,4,1
13354,2024,73200,1,1,1,1,1,4,1
13355,2024,251250,1,1,1,1,1,3,1
13356,2024,73800,1,1,1,1,1,2,1
13357,2024,142381,1,1,1,3,1,2,1
13358,2024,85428,1,1,1,3,1,2,1
13359,2024,380300,1,1,1,1,1,3,1
13360,2024,253500,1,1,1,1,1,3,1
13361,2024,97400,1,1,1,1,1,4,1
13362,2024,182700,1,1,1,1,1,4,1
13363,2024,247200,1,1,1,1,1,4,1
13364,2024,124373,1,1,1,1,1,4,1
13365,2024,202500,1,1,1,4,1,4,1
13366,2024,120000,1,1,1,4,1,4,1
13367,2024,203900,1,1,1,2,1,2,1
13368,2024,116600,1,1,1,2,1,2,1
13369,2024,93500,2,1,1,3,1,2,1
13370,2024,68000,2,1,1,3,1,2,1
13371,2024,75100,1,1,1,2,1,2,1
13372,2024,248920,1,1,1,2,1,2,1
13373,2024,230800,2,1,1,1,1,2,1
13374,2024,121737,1,1,1,1,1,2,1
13375,2024,86955,1,1,1,1,1,2,1
13376,2024,750000,1,1,1,1,1,2,1
13377,2024,153340,1,1,1,1,1,2,1
13378,2024,102193,1,1,1,1,1,2,1
13379,2024,256500,1,1,1,2,1,1,1
13380,2024,138900,1,1,1,2,1,1,1
13381,2024,177372,1,1,1,1,1,2,1
13382,2024,118248,1,1,1,1,1,2,1
13383,2024,202500,1,1,1,4,1,3,1
13384,2024,120000,1,1,1,4,1,3,1
13385,2024,221814,1,1,1,2,1,4,1
13386,2024,126500,1,1,1,2,1,4,1
13387,2024,93500,1,1,1,2,1,4,1
13388,2024,259400,1,1,1,1,1,2,1
13389,2024,164800,1,1,1,1,1,2,1
13390,2024,152950,1,1,1,2,1,2,1
13391,2024,105400,1,1,1,2,1,2,1
13392,2024,90300,1,1,1,3,1,2,1
13393,2024,50200,1,1,1,3,1,2,1
13394,2024,73200,1,1,1,2,1,2,1
13395,2024,300000,1,1,1,4,1,3,1
13396,2024,207000,1,1,1,4,1,3,1
13397,2024,131800,1,1,1,2,1,2,1
13398,2024,219000,1,1,1,2,1,2,1
13399,2024,95200,2,1,1,2,1,2,1
13400,2024,243300,1,1,1,4,1,4,1
13401,2024,131500,1,1,1,4,1,4,1
13402,2024,212810,2,1,1,1,1,2,1
13403,2024,114590,2,1,1,1,1,2,1
13404,2024,227740,1,1,1,1,1,4,1
13405,2024,113600,1,1,1,2,1,3,1
13406,2024,68200,1,1,1,2,1,3,1
13407,2024,274206,2,1,1,2,1,1,1
13408,2024,304000,1,1,1,1,1,1,1
13409,2024,81640,1,1,1,1,1,4,1
13410,2024,52000,1,1,1,1,1,4,1
13411,2024,238600,1,1,1,2,1,1,1
13412,2024,130365,1,1,1,2,1,2,1
13413,2024,79350,1,1,1,2,1,2,1
13414,2024,124331,2,1,1,1,1,2,1
13415,2024,82887,2,1,1,1,1,2,1
13416,2024,47000,1,1,1,2,1,2,1
13417,2024,141450,1,1,1,2,1,2,1
13418,2024,104550,1,1,1,2,1,2,1
13419,2024,150875,1,1,1,1,1,4,1
13420,2024,119625,1,1,1,1,1,4,1
13421,2024,112200,1,1,1,1,1,4,1
13422,2024,290000,1,1,1,4,1,3,1
13423,2024,232000,1,1,1,4,1,3,1
13424,2024,209000,1,1,1,1,1,4,1
13425,2024,148699,1,1,1,1,1,4,1
13426,2024,140500,1,1,1,1,1,2,1
13427,2024,210700,1,1,1,1,1,4,1
13428,2024,351000,1,1,1,4,1,3,1
13429,2024,171000,1,1,1,4,1,3,1
13430,2024,320000,2,1,1,1,1,3,1
13431,2024,217600,2,1,1,1,1,3,1
13432,2024,163238,1,1,1,2,1,2,1
13433,2024,224700,1,1,1,1,1,2,1
13434,2024,162819,2,1,1,2,1,2,1
13435,2024,95776,2,1,1,2,1,2,1
13436,2024,99500,1,1,1,1,1,2,1
13437,2024,179101,2,1,1,1,1,2,1
13438,2024,105353,2,1,1,1,1,2,1
13439,2024,178300,1,1,1,1,1,4,1
13440,2024,114100,1,1,1,1,1,4,1
13441,2024,198300,1,1,1,1,1,4,1
13442,2024,94400,1,1,1,1,1,4,1
13443,2024,209660,1,1,1,1,1,2,1
13444,2024,149240,1,1,1,1,1,2,1
13445,2024,164314,2,1,1,3,1,3,1
13446,2024,68405,2,1,1,3,1,3,1
13447,2024,243000,1,1,1,1,1,3,1
13448,2024,226000,1,1,1,1,1,3,1
13449,2024,284400,2,1,1,1,1,3,1
13450,2024,150700,2,1,1,1,1,3,1
13451,2024,277900,1,1,1,2,1,3,1
13452,2024,137500,1,1,1,2,1,3,1
13453,2024,198500,1,1,1,2,1,2,1
13454,2024,362200,1,1,1,1,1,1,1
13455,2024,147700,2,1,1,1,1,2,1
13456,2024,92186,2,1,1,1,1,2,1
13457,2024,302000,1,1,1,1,1,2,1
13458,2024,301126,2,1,1,1,1,2,1
13459,2024,210788,2,1,1,1,1,2,1
13460,2024,239100,1,2,1,1,1,2,1
13461,2024,143200,1,2,1,1,1,2,1
13462,2024,316000,1,1,1,1,1,4,1
13463,2024,110000,1,1,1,3,1,4,1
13464,2024,143750,1,1,1,2,1,6,1
13465,2024,116979,1,1,1,2,1,6,1
13466,2024,210000,1,1,1,1,1,6,1
13467,2024,187415,1,1,1,3,1,2,1
13468,2024,114080,1,1,1,3,1,2,1
13469,2024,218500,2,1,1,1,1,4,1
13470,2024,141100,2,1,1,1,1,4,1
13471,2024,126800,1,1,1,1,1,3,1
13472,2024,215300,1,1,1,1,1,3,1
13473,2024,143500,1,1,1,1,1,3,1
13474,2024,228267,2,1,1,1,1,2,1
13475,2024,155636,2,1,1,1,1,2,1
13476,2024,285200,1,1,1,1,1,2,1
13477,2024,316900,1,1,1,1,1,2,1
13478,2024,181100,1,1,1,1,1,2,1
13479,2024,119100,1,1,1,2,1,2,1
13480,2024,205000,2,1,1,2,1,1,1
13481,2024,151400,1,1,1,1,1,2,1
13482,2024,105200,1,1,1,1,1,2,1
13483,2024,189245,1,1,1,1,1,1,1
13484,2024,196650,1,1,1,1,1,2,1
13485,2024,158200,1,1,1,2,1,2,1
13486,2024,208000,1,1,1,2,1,6,1
13487,2024,141340,1,1,1,2,1,6,1
13488,2024,162819,2,1,1,1,1,2,1
13489,2024,95776,2,1,1,1,1,2,1
13490,2024,197500,1,1,1,1,1,2,1
13491,2024,119800,2,1,1,2,1,2,1
13492,2024,177632,2,1,1,1,1,2,1
13493,2024,106371,2,1,1,1,1,2,1
13494,2024,154273,1,1,1,2,1,2,1
13495,2024,114028,1,1,1,2,1,2,1
13496,2024,314800,2,1,1,1,1,3,1
13497,2024,119200,2,1,1,1,1,3,1
13498,2024,223100,1,1,1,2,1,2,1
13499,2024,148200,1,1,1,2,1,2,1
13500,2024,150200,1,1,1,3,1,2,1
13501,2024,212109,1,1,1,1,1,2,1
13502,2024,93400,1,1,1,1,1,2,1
13503,2024,111900,1,1,1,1,1,2,1
13504,2024,230608,2,1,1,1,1,2,1
13505,2024,184486,2,1,1,1,1,2,1
13506,2024,120750,1,1,1,2,1,2,1
13507,2024,89250,1,1,1,2,1,2,1
13508,2024,308200,1,1,1,1,1,4,1
13509,2024,229800,1,1,1,1,1,4,1
13510,2024,172830,1,1,1,1,1,2,1
13511,2024,87978,1,1,1,1,1,2,1
13512,2024,254400,2,1,1,1,1,3,1
13513,2024,137000,2,1,1,1,1,3,1
13514,2024,219221,1,1,1,2,1,4,1
13515,2024,195474,1,1,1,2,1,4,1
13516,2024,237900,1,1,1,1,1,4,1
13517,2024,192300,1,1,1,1,1,2,1
13518,2024,107900,1,1,1,1,1,2,1
13519,2024,245500,2,1,1,2,1,1,1
13520,2024,223000,2,1,1,2,1,1,1
13521,2024,364100,1,1,1,1,1,2,1
13522,2024,185100,1,1,1,1,1,3,1
13523,2024,111100,1,1,1,1,1,3,1
13524,2024,192871,1,1,1,2,1,4,1
13525,2024,178315,2,1,1,1,1,2,1
13526,2024,123830,2,1,1,1,1,2,1
13527,2024,182500,1,1,1,2,1,2,1
13528,2024,194400,2,1,1,1,1,2,1
13529,2024,116600,2,1,1,1,1,2,1
13530,2024,74100,1,1,1,1,1,2,1
13531,2024,54400,1,1,1,1,1,2,1
13532,2024,70600,2,1,1,3,1,2,1
13533,2024,49400,2,1,1,3,1,2,1
13534,2024,128800,1,1,1,1,1,2,1
13535,2024,291900,2,1,1,4,1,2,1
13536,2024,139300,2,1,1,4,1,2,1
13537,2024,139630,1,1,1,2,1,2,1
13538,2024,93101,1,1,1,2,1,2,1
13539,2024,184142,1,1,1,1,1,2,1
13540,2024,110261,1,1,1,1,1,2,1
13541,2024,149165,1,1,1,1,1,4,1
13542,2024,149000,2,1,1,1,1,4,1
13543,2024,159500,1,1,1,2,1,2,1
13544,2024,90300,1,1,1,1,1,2,1
13545,2024,50200,1,1,1,1,1,2,1
13546,2024,192050,1,1,1,2,1,4,1
13547,2024,132250,1,1,1,2,1,4,1
13548,2024,132250,1,1,1,2,1,2,1
13549,2024,97750,1,1,1,2,1,2,1
13550,2024,127500,1,1,1,1,1,2,1
13551,2024,144200,1,1,1,2,1,3,1
13552,2024,172000,1,1,1,3,1,4,1
13553,2024,75600,1,1,1,3,1,4,1
13554,2024,133000,2,1,1,2,1,3,1
13555,2024,217558,1,1,1,1,1,1,1
13556,2024,125800,1,1,1,2,1,2,1
13557,2024,243400,1,1,1,1,1,2,1
13558,2024,187300,1,1,1,1,1,2,1
13559,2024,199500,2,1,1,1,1,2,1
13560,2024,86700,2,1,1,1,1,2,1
13561,2024,172000,2,1,1,1,1,4,1
13562,2024,103200,2,1,1,1,1,4,1
13563,2024,87600,1,1,1,1,1,2,1
13564,2024,76100,1,1,1,2,1,2,1
13565,2024,143100,1,2,1,2,1,2,1
13566,2024,66900,1,2,1,2,1,2,1
13567,2024,203280,1,1,1,3,1,2,1
13568,2024,181479,1,1,1,3,1,2,1
13569,2024,92300,1,1,1,3,1,2,1
13570,2024,322000,1,1,1,1,1,2,1
13571,2024,214127,1,1,1,2,1,2,1
13572,2024,243300,1,1,1,1,1,2,1
13573,2024,131500,1,1,1,1,1,2,1
13574,2024,209720,1,1,1,2,1,2,1
13575,2024,175457,1,1,1,2,1,2,1
13576,2024,183503,1,1,1,1,1,2,1
13577,2024,185800,1,1,1,1,1,2,1
13578,2024,265200,2,1,1,1,1,2,1
13579,2024,180393,1,1,1,1,1,2,1
13580,2024,225624,1,1,1,2,1,2,1
13581,2024,178418,1,1,1,1,1,2,1
13582,2024,183552,1,1,1,1,1,2,1
13583,2024,216000,1,1,1,3,1,4,1
13584,2024,195000,1,1,1,3,1,4,1
13585,2024,258524,1,1,1,1,1,4,1
13586,2024,180393,1,1,1,2,1,2,1
13587,2024,167500,1,1,1,1,1,4,1
13588,2024,106500,1,1,1,1,1,4,1
13589,2024,82600,1,1,1,2,1,4,1
13590,2024,206591,1,1,1,1,1,2,1
13591,2024,193500,2,1,1,1,1,2,1
13592,2024,168500,1,1,1,1,1,2,1
13593,2024,212780,1,1,1,1,1,2,1
13594,2024,178660,1,1,1,1,1,2,1
13595,2024,196700,1,1,1,3,1,2,1
13596,2024,122900,1,1,1,3,1,2,1
13597,2024,232700,1,1,1,1,1,2,1
13598,2024,145400,1,1,1,1,1,2,1
13599,2024,215000,1,1,1,2,1,3,1
13600,2024,208300,1,1,1,1,1,3,1
13601,2024,181000,1,1,1,2,1,3,1
13602,2024,92880,1,1,1,1,1,2,1
13603,2024,74000,1,1,1,1,1,2,1
13604,2024,140300,1,1,1,1,2,2,1
13605,2024,57900,1,1,1,1,2,2,1
13606,2024,282200,1,1,1,1,1,2,1
13607,2024,127600,1,1,1,2,1,2,1
13608,2024,91728,1,1,1,2,1,2,1
13609,2024,188600,1,1,1,1,1,2,1
13610,2024,120800,1,1,1,1,1,2,1
13611,2024,240600,1,1,1,1,1,2,1
13612,2024,140100,1,1,1,1,1,2,1
13613,2024,200618,1,1,1,1,1,2,1
13614,2024,148282,1,1,1,1,1,2,1
13615,2024,199000,2,1,1,2,1,2,1
13616,2024,90634,1,1,1,2,1,4,1
13617,2024,60423,1,1,1,2,1,4,1
13618,2024,170186,1,1,1,1,1,4,1
13619,2024,150762,1,1,1,1,1,4,1
13620,2024,249937,1,1,1,1,1,4,1
13621,2024,176849,1,1,1,1,1,2,1
13622,2024,100800,2,1,1,1,1,2,1
13623,2024,57000,2,1,1,2,2,2,1
13624,2024,51500,2,1,1,2,2,2,1
13625,2024,174900,2,1,1,1,1,2,1
13626,2024,110400,2,1,1,3,1,2,1
13627,2024,166600,1,1,1,3,1,2,1
13628,2024,106300,1,1,1,3,1,2,1
13629,2024,140800,1,1,1,3,1,2,1
13630,2024,100401,1,1,1,2,1,2,1
13631,2024,82500,2,1,1,2,1,2,1
13632,2024,103900,2,1,1,1,1,4,1
13633,2024,207992,2,1,1,1,1,4,1
13634,2024,177428,1,1,1,2,1,4,1
13635,2024,364100,1,1,1,1,1,1,1
13636,2024,199800,1,1,1,1,1,1,1
13637,2024,137400,1,1,1,3,1,1,1
13638,2024,80800,1,1,1,3,1,1,1
13639,2024,174600,1,1,1,2,1,2,1
13640,2024,300200,1,1,1,2,1,2,1
13641,2024,170700,1,1,1,2,1,2,1
13642,2024,150600,1,1,1,2,1,2,1
13643,2024,199500,2,1,1,2,1,2,1
13644,2024,86700,2,1,1,2,1,2,1
13645,2024,243000,1,1,1,2,1,2,1
13646,2024,338600,1,1,1,4,1,2,1
13647,2024,161600,1,1,1,4,1,2,1
13648,2024,110600,1,1,1,1,1,2,1
13649,2024,86250,1,1,1,3,1,2,1
13650,2024,107500,2,1,1,1,1,2,1
13651,2024,720000,2,1,1,2,1,4,1
13652,2024,175654,1,1,1,2,1,2,1
13653,2024,185329,1,1,1,2,1,2,1
13654,2024,235264,1,1,1,1,1,1,1
13655,2024,141158,1,1,1,1,1,1,1
13656,2024,163696,1,1,1,2,1,3,1
13657,2024,82500,2,1,1,1,1,2,1
13658,2024,213000,1,1,1,1,1,3,1
13659,2024,201000,1,1,1,1,1,4,1
13660,2024,171455,1,1,1,1,1,2,1
13661,2024,194100,1,1,1,2,1,2,1
13662,2024,206250,1,1,1,3,1,2,1
13663,2024,300200,1,1,1,1,1,4,1
13664,2024,284900,1,1,1,1,1,4,1
13665,2024,161700,1,1,1,1,1,4,1
13666,2024,364100,1,1,1,1,1,4,1
13667,2024,87509,2,1,1,2,1,2,1
13668,2024,177320,1,1,1,2,1,2,1
13669,2024,132300,1,1,1,2,1,2,1
13670,2024,220500,1,1,1,2,1,2,1
13671,2024,300200,1,1,1,2,1,4,1
13672,2024,170700,1,1,1,2,1,4,1
13673,2024,160500,1,1,1,1,1,2,1
13674,2024,223990,1,1,1,1,1,3,1
13675,2024,120610,1,1,1,1,1,3,1
13676,2024,160680,2,1,1,1,1,2,1
13677,2024,107120,2,1,1,1,1,2,1
13678,2024,179428,1,1,1,1,1,1,1
13679,2024,107657,1,1,1,1,1,1,1
13680,2024,172400,1,1,1,3,1,2,1
13681,2024,128377,1,1,1,3,1,2,1
13682,2024,77026,1,1,1,3,1,2,1
13683,2024,264480,1,1,1,1,1,2,1
13684,2024,248520,1,1,1,1,1,2,1
13685,2024,282720,1,1,1,1,1,2,1
13686,2024,238560,1,1,1,2,1,2,1
13687,2024,255360,1,1,1,2,1,2,1
13688,2024,224000,1,1,1,2,1,2,1
13689,2024,154500,1,1,1,2,1,3,1
13690,2024,75705,1,1,1,2,1,3,1
13691,2024,136620,2,1,1,2,1,2,1
13692,2024,124200,2,1,1,2,1,2,1
13693,2024,78600,1,1,1,3,1,4,1
13694,2024,49100,1,1,1,3,1,4,1
13695,2024,86000,1,1,1,1,1,4,1
13696,2024,175100,2,1,1,2,1,2,1
13697,2024,145900,2,1,1,2,1,2,1
13698,2024,160400,2,1,1,1,1,2,1
13699,2024,156000,2,1,1,2,1,2,1
13700,2024,114000,2,1,1,1,1,3,1
13701,2024,92000,2,1,1,1,1,3,1
13702,2024,222000,1,1,1,1,1,3,1
13703,2024,134000,1,1,1,1,1,3,1
13704,2024,141000,1,1,1,1,1,3,1
13705,2024,211500,1,1,1,1,1,3,1
13706,2024,136500,1,1,1,1,1,3,1
13707,2024,161500,1,1,1,2,1,1,1
13708,2024,240240,1,1,1,2,1,1,1
13709,2024,207992,1,1,1,2,1,1,1
13710,2024,209600,1,1,1,2,1,2,1
13711,2024,149300,1,1,1,2,1,2,1
13712,2024,82915,1,1,1,3,1,2,1
13713,2024,236900,1,1,1,1,1,2,1
13714,2024,211364,1,1,1,2,1,2,1
13715,2024,289000,2,1,1,1,1,4,1
13716,2024,156499,1,1,1,1,1,1,1
13717,2024,124600,1,1,1,1,1,4,1
13718,2024,283780,1,1,1,2,1,3,1
13719,2024,233840,1,1,1,2,1,3,1
13720,2024,61000,2,1,1,2,1,2,1
13721,2024,209720,2,1,1,1,1,2,1
13722,2024,80300,1,1,1,2,1,2,1
13723,2024,60200,1,1,1,2,1,2,1
13724,2024,187038,1,1,1,1,1,2,1
13725,2024,206258,1,1,1,2,1,2,1
13726,2024,119400,2,1,1,1,1,2,1
13727,2024,240240,2,1,1,1,1,1,1
13728,2024,210255,2,1,1,1,1,1,1
13729,2024,179000,1,1,1,3,1,1,1
13730,2024,48000,2,1,1,2,1,2,1
13731,2024,147900,1,1,1,2,1,2,1
13732,2024,168700,1,1,1,2,1,2,1
13733,2024,160400,1,1,1,1,1,2,1
13734,2024,123400,1,1,1,2,1,3,1
13735,2024,70500,1,1,1,2,1,3,1
13736,2024,227700,2,1,1,2,1,2,1
13737,2024,165600,2,1,1,2,1,2,1
13738,2024,66000,1,1,1,3,1,1,1
13739,2024,250944,2,1,1,1,1,2,1
13740,2024,178538,2,1,1,1,1,2,1
13741,2024,180393,2,1,1,1,1,2,1
13742,2024,168520,1,1,1,3,1,2,1
13743,2024,167642,1,1,1,3,1,2,1
13744,2024,102092,1,1,1,2,1,2,1
13745,2024,75624,1,1,1,2,1,2,1
13746,2024,131700,1,1,1,1,1,2,1
13747,2024,123625,1,1,1,3,1,2,1
13748,2024,77265,1,1,1,3,1,2,1
13749,2024,220000,2,1,1,2,1,4,1
13750,2024,157800,1,1,1,2,1,4,1
13751,2024,122219,1,1,1,1,1,4,1
13752,2024,239880,1,1,1,1,1,2,1
13753,2024,146010,1,1,1,1,1,2,1
13754,2024,206645,1,1,1,1,1,2,1
13755,2024,152737,1,1,1,1,1,2,1
13756,2024,260600,2,1,1,1,1,2,1
13757,2024,156400,2,1,1,1,1,2,1
13758,2024,84300,1,1,1,1,1,2,1
13759,2024,99500,1,1,1,2,1,3,1
13760,2024,147900,2,1,1,1,1,4,1
13761,2024,188400,1,1,1,2,1,3,1
13762,2024,121600,1,1,1,2,1,3,1
13763,2024,240465,1,1,1,2,1,4,1
13764,2024,177735,1,1,1,2,1,4,1
13765,2024,272700,2,1,1,2,1,2,1
13766,2024,158100,2,1,1,2,1,2,1
13767,2024,233100,1,1,1,1,1,2,1
13768,2024,259700,2,1,1,1,1,2,1
13769,2024,185500,2,1,1,1,1,2,1
13770,2024,249300,1,2,1,2,1,2,1
13771,2024,149300,1,2,1,2,1,2,1
13772,2024,101000,2,1,1,2,1,2,1
13773,2024,58531,1,1,1,1,1,2,1
13774,2024,43493,1,1,1,1,1,2,1
13775,2024,133861,1,1,1,1,1,2,1
13776,2024,80317,1,1,1,1,1,2,1
13777,2024,237100,2,1,1,1,1,4,1
13778,2024,137400,2,1,1,1,1,4,1
13779,2024,220400,1,1,1,2,1,6,1
13780,2024,67600,1,1,1,2,1,6,1
13781,2024,336900,1,1,1,1,1,6,1
13782,2024,121400,1,1,1,1,1,6,1
13783,2024,194200,1,1,1,1,1,4,1
13784,2024,116500,1,1,1,1,1,4,1
13785,2024,98500,1,1,1,3,1,2,1
13786,2024,89500,2,1,1,3,1,2,1
13787,2024,214471,1,1,1,1,1,1,1
13788,2024,174129,2,1,1,1,1,2,1
13789,2024,117300,1,1,1,3,1,2,1
13790,2024,62400,1,1,1,2,1,2,1
13791,2024,87447,2,1,1,2,1,2,1
13792,2024,73819,2,1,1,2,1,2,1
13793,2024,183600,2,1,1,1,1,2,1
13794,2024,316900,1,1,1,2,1,1,1
13795,2024,210900,1,1,1,2,1,1,1
13796,2024,258000,1,1,1,2,1,2,1
13797,2024,70800,2,1,1,2,1,2,1
13798,2024,160000,1,1,1,3,1,4,1
13799,2024,80000,2,1,1,1,1,1,1
13800,2024,156500,2,1,1,1,1,4,1
13801,2024,105100,2,1,1,1,1,4,1
13802,2024,130000,2,1,1,4,1,2,1
13803,2024,235745,2,1,1,1,1,2,1
13804,2024,248500,1,1,1,2,1,1,1
13805,2024,79200,1,1,1,1,1,2,1
13806,2024,207810,1,1,1,1,1,2,1
13807,2024,153598,1,1,1,1,1,2,1
13808,2024,179562,1,1,1,1,1,1,1
13809,2024,214032,1,1,1,1,1,1,1
13810,2024,232000,1,1,1,4,1,2,1
13811,2024,250000,2,1,1,2,1,3,1
13812,2024,200000,2,1,1,2,1,3,1
13813,2024,125600,2,1,1,1,1,3,1
13814,2024,256500,1,1,1,2,1,6,1
13815,2024,138900,1,1,1,2,1,6,1
13816,2024,197500,1,1,1,1,1,1,1
13817,2024,132500,1,1,1,1,1,1,1
13818,2024,239900,2,1,1,1,1,2,1
13819,2024,112800,2,1,1,1,1,2,1
13820,2024,115293,1,1,1,1,1,2,1
13821,2024,311525,2,1,1,1,1,2,1
13822,2024,189620,2,1,1,1,1,2,1
13823,2024,156650,1,1,1,1,1,4,1
13824,2024,218900,2,1,1,1,1,4,1
13825,2024,234850,2,1,1,2,1,2,1
13826,2024,149200,2,1,1,2,1,2,1
13827,2024,176700,2,1,1,1,1,1,1
13828,2024,144600,2,1,1,1,1,1,1
13829,2024,34173,1,1,1,2,1,1,1
13830,2024,29977,1,1,1,2,1,1,1
13831,2024,251000,2,1,1,1,1,1,1
13832,2024,177008,2,1,1,1,1,1,1
13833,2024,177008,1,1,1,1,1,1,1
13834,2024,82000,1,1,1,1,1,3,1
13835,2024,241000,1,1,1,2,1,2,1
13836,2024,235500,1,1,1,1,1,2,1
13837,2024,219696,1,1,1,2,1,4,1
13838,2024,83960,2,1,1,1,1,2,1
13839,2024,67170,2,1,1,1,1,2,1
13840,2024,243300,1,1,1,1,1,3,1
13841,2024,131500,1,1,1,1,1,3,1
13842,2024,113500,1,1,1,2,1,2,1
13843,2024,122100,1,1,1,1,1,4,1
13844,2024,47000,1,1,1,1,1,4,1
13845,2024,223285,2,1,1,1,1,2,1
13846,2024,135910,2,1,1,1,1,2,1
13847,2024,243300,1,1,1,2,1,4,1
13848,2024,131500,1,1,1,2,1,4,1
13849,2024,171100,2,1,1,1,1,2,1
13850,2024,119800,2,1,1,1,1,2,1
13851,2024,267444,1,1,1,1,1,3,1
13852,2024,178296,1,1,1,1,1,3,1
13853,2024,209000,1,1,1,2,1,4,1
13854,2024,177008,1,1,1,2,1,4,1
13855,2024,252000,1,1,1,4,1,4,1
13856,2024,168000,1,1,1,4,1,4,1
13857,2024,234062,1,1,1,1,1,4,1
13858,2024,209440,1,1,1,1,1,4,1
13859,2024,152320,1,1,1,1,1,4,1
13860,2024,157800,1,1,1,1,1,4,1
13861,2024,72700,1,1,1,2,1,4,1
13862,2024,130642,2,1,1,2,1,1,1
13863,2024,76848,2,1,1,2,1,1,1
13864,2024,222007,1,1,1,2,1,4,1
13865,2024,211300,2,1,1,2,1,2,1
13866,2024,153500,2,1,1,2,1,2,1
13867,2024,60400,1,1,1,1,1,2,1
13868,2024,172000,1,1,1,2,1,6,1
13869,2024,75600,1,1,1,2,1,6,1
13870,2024,95776,2,1,1,3,1,2,1
13871,2024,73674,2,1,1,3,1,2,1
13872,2024,46900,1,1,1,3,1,2,1
13873,2024,187433,1,1,1,2,1,4,1
13874,2024,233471,1,1,1,2,1,4,1
13875,2024,222742,1,1,1,2,1,4,1
13876,2024,212248,2,1,1,1,1,4,1
13877,2024,229000,2,1,1,1,1,1,1
13878,2024,183200,2,1,1,1,1,1,1
13879,2024,166000,2,1,1,1,1,4,1
13880,2024,700000,2,1,1,1,1,4,1
13881,2024,282500,1,1,1,2,1,4,1
13882,2024,160700,1,1,1,2,1,4,1
13883,2024,231566,1,1,1,2,1,4,1
13884,2024,246536,1,1,1,2,1,4,1
13885,2024,175500,1,1,1,1,1,4,1
13886,2024,169300,1,1,1,1,1,4,1
13887,2024,101500,1,1,1,1,1,4,1
13888,2024,225396,1,1,1,2,1,4,1
13889,2024,262791,1,1,1,1,1,4,1
13890,2024,300200,1,1,1,2,1,3,1
13891,2024,170700,1,1,1,2,1,3,1
13892,2024,175888,1,1,1,1,1,2,1
13893,2024,125634,1,1,1,1,1,2,1
13894,2024,207815,1,1,1,2,1,2,1
13895,2024,147660,1,1,1,1,1,2,1
13896,2024,96100,1,1,1,1,1,2,1
13897,2024,208208,1,1,1,2,1,1,1
13898,2024,214032,1,1,1,2,1,1,1
13899,2024,236802,2,1,1,2,1,4,1
13900,2024,98717,1,1,1,2,1,2,1
13901,2024,312000,1,1,1,1,1,4,1
13902,2024,171303,2,1,1,1,1,4,1
13903,2024,240240,2,1,1,2,1,4,1
13904,2024,227654,2,1,1,2,1,4,1
13905,2024,194580,1,1,1,1,1,4,1
13906,2024,154500,2,1,1,2,1,4,1
13907,2024,131325,2,1,1,2,1,4,1
13908,2024,123365,1,1,1,1,1,2,1
13909,2024,95285,1,1,1,2,1,2,1
13910,2024,95576,1,1,1,2,1,2,1
13911,2024,123365,1,1,1,2,1,2,1
13912,2024,96242,1,1,1,2,1,2,1
13913,2024,109283,1,1,1,1,1,2,1
13914,2024,204598,1,1,1,2,1,4,1
13915,2024,235900,1,1,1,1,1,4,1
13916,2024,200500,1,1,1,1,1,4,1
13917,2024,174700,1,1,1,1,1,4,1
13918,2024,145600,1,1,1,1,1,4,1
13919,2024,142500,1,1,1,2,1,2,1
13920,2024,83800,1,1,1,2,1,2,1
13921,2024,118600,1,1,1,3,1,2,1
13922,2024,58700,1,1,1,3,1,2,1
13923,2024,157643,1,1,1,2,1,4,1
13924,2024,189800,1,1,1,1,1,3,1
13925,2024,142250,2,1,1,1,1,2,1
13926,2024,161400,1,1,1,1,1,2,1
13927,2024,92200,1,1,1,1,1,2,1
13928,2024,101722,1,1,1,2,1,2,1
13929,2024,59837,1,1,1,2,1,2,1
13930,2024,67100,1,1,1,1,1,2,1
13931,2024,165400,1,1,1,3,1,4,1
13932,2024,76400,1,1,1,3,1,4,1
13933,2024,242000,1,1,1,2,1,2,1
13934,2024,206800,2,1,1,1,1,2,1
13935,2024,123046,2,1,1,1,1,2,1
13936,2024,169800,1,2,1,2,1,2,1
13937,2024,276000,2,1,1,2,1,3,1
13938,2024,163200,2,1,1,2,1,3,1
13939,2024,304800,2,1,1,1,1,4,1
13940,2024,180200,2,1,1,1,1,4,1
13941,2024,202400,1,1,1,1,1,1,1
13942,2024,125100,1,1,1,1,1,1,1
13943,2024,119473,1,1,1,1,1,2,1
13944,2024,68093,1,1,1,1,1,2,1
13945,2024,223900,2,1,1,2,1,3,1
13946,2024,140100,2,1,1,2,1,3,1
13947,2024,114700,1,1,1,1,1,2,1
13948,2024,120633,1,1,1,1,1,2,1
13949,2024,230230,1,1,1,1,1,1,1
13950,2024,177905,1,1,1,1,1,1,1
13951,2024,124750,1,1,1,1,1,2,1
13952,2024,135392,1,1,1,2,1,2,1
13953,2024,79643,1,1,1,2,1,2,1
13954,2024,88500,1,1,1,1,1,2,1
13955,2024,240000,2,1,1,2,1,3,1
13956,2024,192000,2,1,1,2,1,3,1
13957,2024,110004,1,1,1,1,1,2,1
13958,2024,270000,1,1,1,4,1,2,1
13959,2024,309400,1,2,1,1,1,2,1
13960,2024,179000,1,2,1,1,1,2,1
13961,2024,190237,1,1,1,1,1,2,1
13962,2024,112000,2,1,1,1,1,2,1
13963,2024,245400,1,1,1,1,1,1,1
13964,2024,135800,1,1,1,1,1,1,1
13965,2024,219539,1,1,1,1,1,2,1
13966,2024,155800,2,1,1,1,1,2,1
13967,2024,160000,2,2,1,1,1,3,1
13968,2024,99000,2,1,1,1,1,2,1
13969,2024,85200,1,1,1,3,1,2,1
13970,2024,61650,1,1,1,3,1,2,1
13971,2024,211980,1,1,1,2,1,2,1
13972,2024,158100,1,1,1,3,1,2,1
13973,2024,138500,1,1,1,3,1,2,1
13974,2024,177492,1,1,1,2,1,1,1
13975,2024,192840,1,1,1,1,1,1,1
13976,2024,115704,1,1,1,1,1,1,1
13977,2024,210100,1,1,1,3,1,2,1
13978,2024,95500,1,1,1,3,1,2,1
13979,2024,111700,1,1,1,2,1,2,1
13980,2024,69800,1,1,1,2,1,2,1
13981,2024,166200,1,1,1,2,1,1,1
13982,2024,92100,1,1,1,2,1,1,1
13983,2024,129800,1,1,1,2,1,2,1
13984,2024,140000,1,1,1,2,3,2,1
13985,2024,256500,1,1,1,2,1,2,1
13986,2024,138900,1,1,1,2,1,2,1
13987,2024,290180,1,1,1,2,1,3,1
13988,2024,254245,1,1,1,2,1,3,1
13989,2024,240240,1,1,1,2,1,3,1
13990,2024,217476,1,1,1,2,1,3,1
13991,2024,199369,1,1,1,1,1,2,1
13992,2024,235400,1,1,1,2,1,1,1
13993,2024,212383,1,1,1,2,1,1,1
13994,2024,134991,1,1,1,2,1,1,1
13995,2024,63150,1,1,1,2,1,1,1
13996,2024,203350,1,1,1,2,1,1,1
13997,2024,137000,2,1,1,2,1,1,1
13998,2024,99200,2,1,1,2,1,1,1
13999,2024,70700,1,1,1,3,1,2,1
14000,2024,266875,1,1,1,2,1,1,1
14001,2024,128250,1,1,1,2,1,1,1
14002,2024,211600,2,1,1,2,1,2,1
14003,2024,132400,2,1,1,2,1,2,1
14004,2024,169000,2,1,1,1,1,2,1
14005,2024,192386,1,1,1,2,1,2,1
14006,2024,220500,2,1,1,1,1,2,1
14007,2024,160500,2,1,1,1,1,2,1
14008,2024,205380,1,1,1,1,1,2,1
14009,2024,97575,1,1,1,2,1,2,1
14010,2024,312600,2,1,1,1,1,2,1
14011,2024,128535,2,1,1,1,1,2,1
14012,2024,191253,1,1,1,1,1,2,1
14013,2024,210200,1,1,1,1,1,2,1
14014,2024,182395,1,1,1,2,1,1,1
14015,2024,110900,2,1,1,1,1,2,1
14016,2024,97200,2,1,1,1,1,2,1
14017,2024,98717,1,1,1,1,1,2,1
14018,2024,224250,1,1,1,1,1,2,1
14019,2024,165750,1,1,1,1,1,2,1
14020,2024,109283,1,1,1,2,1,2,1
14021,2024,111800,1,1,1,1,1,2,1
14022,2024,163654,1,1,1,1,1,2,1
14023,2024,184309,1,1,1,1,1,2,1
14024,2024,125029,1,1,1,1,1,2,1
14025,2024,193000,1,1,1,3,1,6,1
14026,2024,84600,1,1,1,3,1,6,1
14027,2024,112986,1,1,1,1,1,3,1
14028,2024,102568,1,1,1,2,1,2,1
14029,2024,79509,1,1,1,2,1,2,1
14030,2024,142250,1,1,1,1,1,2,1
14031,2024,189100,1,1,1,2,1,2,1
14032,2024,154360,1,1,1,2,1,2,1
14033,2024,240240,2,1,1,2,1,1,1
14034,2024,192668,2,1,1,2,1,1,1
14035,2024,227280,1,1,1,1,1,3,1
14036,2024,129100,1,1,1,1,1,2,1
14037,2024,107800,1,1,1,1,1,2,1
14038,2024,174700,1,1,1,1,1,3,1
14039,2024,148500,1,1,1,1,1,3,1
14040,2024,225400,1,1,1,1,1,3,1
14041,2024,240240,1,1,1,2,1,6,1
14042,2024,219221,1,1,1,2,1,6,1
14043,2024,279400,2,1,1,2,1,2,1
14044,2024,248920,2,1,1,2,1,2,1
14045,2024,149594,1,1,1,1,1,2,1
14046,2024,61200,1,1,1,2,1,2,1
14047,2024,130400,1,1,1,3,1,2,1
14048,2024,281000,2,1,1,1,1,2,1
14049,2024,194500,1,1,1,3,1,2,1
14050,2024,125500,1,1,1,3,1,2,1
14051,2024,230589,1,1,1,1,1,1,1
14052,2024,100917,1,1,1,1,1,1,1
14053,2024,230589,1,1,1,2,1,1,1
14054,2024,100917,1,1,1,2,1,1,1
14055,2024,159850,1,1,1,2,1,3,1
14056,2024,81600,1,1,1,2,1,3,1
14057,2024,129700,2,1,1,1,1,2,1
14058,2024,113600,2,1,1,1,1,2,1
14059,2024,160000,2,1,1,4,1,2,1
14060,2024,185150,1,1,1,1,1,2,1
14061,2024,170200,1,1,1,1,1,2,1
14062,2024,170300,1,1,1,2,1,2,1
14063,2024,73900,1,1,1,2,1,2,1
14064,2024,126847,1,1,1,1,1,2,1
14065,2024,93757,1,1,1,1,1,2,1
14066,2024,141500,2,1,1,2,1,3,1
14067,2024,259217,1,1,1,1,1,3,1
14068,2024,242000,2,1,1,1,1,3,1
14069,2024,155500,1,1,1,2,1,2,1
14070,2024,184700,1,1,1,1,1,2,1
14071,2024,104400,1,1,1,1,1,2,1
14072,2024,175600,1,1,1,3,1,1,1
14073,2024,146300,1,1,1,3,1,1,1
14074,2024,152000,1,1,1,3,1,1,1
14075,2024,186114,1,1,1,1,1,1,1
14076,2024,238600,1,1,1,3,1,1,1
14077,2024,94300,1,1,1,3,1,1,1
14078,2024,154500,1,1,1,3,1,2,1
14079,2024,75705,1,1,1,3,1,2,1
14080,2024,212109,2,1,1,2,1,2,1
14081,2024,120700,2,1,1,3,1,2,1
14082,2024,139200,1,1,1,3,1,2,1
14083,2024,334800,1,1,1,4,1,3,1
14084,2024,250777,1,1,1,1,1,2,1
14085,2024,150466,1,1,1,1,1,2,1
14086,2024,141840,1,1,1,3,1,2,1
14087,2024,85104,1,1,1,3,1,2,1
14088,2024,138400,2,1,1,1,1,2,1
14089,2024,183000,2,1,1,2,1,3,1
14090,2024,152000,2,1,1,2,1,3,1
14091,2024,214000,2,1,1,1,1,3,1
14092,2024,340000,1,1,1,1,1,3,1
14093,2024,266000,2,1,1,1,1,2,1
14094,2024,50000,1,1,1,4,1,2,1
14095,2024,167500,1,1,1,3,1,2,1
14096,2024,89400,1,1,1,3,1,2,1
14097,2024,140000,2,2,1,2,1,2,1
14098,2024,93500,1,1,1,3,1,2,1
14099,2024,53300,1,1,1,3,1,2,1
14100,2024,185346,1,1,1,1,1,1,1
14101,2024,134800,1,1,1,2,1,1,1
14102,2024,80900,1,1,1,2,1,1,1
14103,2024,218701,2,1,1,1,1,2,1
14104,2024,79800,1,1,1,1,1,2,1
14105,2024,242400,2,1,1,2,1,2,1
14106,2024,161600,2,1,1,2,1,2,1
14107,2024,146900,1,1,1,4,1,2,1
14108,2024,325000,2,1,1,1,1,3,1
14109,2024,234000,1,1,1,2,1,3,1
14110,2024,141000,1,1,1,2,1,3,1
14111,2024,183400,1,1,1,4,1,3,1
14112,2024,239040,1,1,1,1,1,3,1
14113,2024,115700,2,1,1,1,1,2,1
14114,2024,247008,1,1,1,1,1,2,1
14115,2024,209797,1,1,1,1,1,2,1
14116,2024,188748,2,1,1,1,1,2,1
14117,2024,157600,1,1,1,2,1,3,1
14118,2024,223100,1,2,1,2,1,2,1
14119,2024,129100,1,2,1,2,1,2,1
14120,2024,146994,1,1,1,2,1,1,1
14121,2024,62300,1,1,1,1,1,2,1
14122,2024,122500,1,1,1,1,1,2,1
14123,2024,247200,1,1,1,2,1,2,1
14124,2024,190800,1,1,1,2,1,2,1
14125,2024,102800,1,1,1,2,1,2,1
14126,2024,72300,2,1,1,3,1,2,1
14127,2024,52500,2,1,1,3,1,2,1
14128,2024,256150,2,1,1,1,1,2,1
14129,2024,182850,2,1,1,1,1,2,1
14130,2024,105500,1,1,1,1,1,2,1
14131,2024,221596,1,1,1,1,1,1,1
14132,2024,209169,1,1,1,1,1,1,1
14133,2024,74263,2,1,1,1,1,1,1
14134,2024,199320,1,1,1,2,1,1,1
14135,2024,154020,1,1,1,2,1,1,1
14136,2024,109230,1,1,1,2,1,2,1
14137,2024,84405,1,1,1,2,1,2,1
14138,2024,246552,2,1,1,1,1,2,1
14139,2024,132700,2,1,1,3,1,2,1
14140,2024,92900,2,1,1,3,1,2,1
14141,2024,126342,1,1,1,2,1,2,1
14142,2024,101073,1,1,1,2,1,2,1
14143,2024,199001,1,1,1,1,1,2,1
14144,2024,119401,1,1,1,1,1,2,1
14145,2024,191180,1,1,1,1,1,1,1
14146,2024,136038,1,1,1,1,1,1,1
14147,2024,197866,1,1,1,1,1,3,1
14148,2024,91920,1,1,1,1,1,2,1
14149,2024,235950,1,1,1,2,1,1,1
14150,2024,126500,2,1,1,3,1,2,1
14151,2024,84300,2,1,1,3,1,2,1
14152,2024,150700,1,1,1,3,1,2,1
14153,2024,211900,1,1,1,1,1,1,1
14154,2024,113700,1,1,1,1,1,1,1
14155,2024,206700,1,1,1,2,1,2,1
14156,2024,163000,2,1,1,1,1,3,1
14157,2024,126277,1,1,1,2,1,3,1
14158,2024,231400,1,1,1,3,1,2,1
14159,2024,215197,1,1,1,3,1,2,1
14160,2024,470000,1,1,1,1,1,1,1
14161,2024,284900,1,1,1,2,1,3,1
14162,2024,189800,1,1,1,2,1,3,1
14163,2024,215024,1,1,1,1,1,2,1
14164,2024,133473,1,1,1,2,1,2,1
14165,2024,112850,2,1,1,3,1,2,1
14166,2024,90280,2,1,1,3,1,2,1
14167,2024,82643,1,1,1,2,1,2,1
14168,2024,56854,1,1,1,2,1,2,1
14169,2024,215846,1,1,1,1,1,2,1
14170,2024,191061,1,1,1,1,1,2,1
14171,2024,213770,1,1,1,1,1,2,1
14172,2024,248920,1,1,1,1,1,2,1
14173,2024,281800,2,1,1,4,1,2,1
14174,2024,197500,2,1,1,4,1,2,1
14175,2024,288400,1,1,1,1,1,1,1
14176,2024,144200,1,1,1,1,1,1,1
14177,2024,155640,1,1,1,3,1,2,1
14178,2024,98572,1,1,1,3,1,2,1
14179,2024,97335,1,1,1,1,1,3,1
14180,2024,69960,1,1,1,2,1,2,1
14181,2024,106601,1,1,1,1,1,2,1
14182,2024,82915,1,1,1,2,1,2,1
14183,2024,78600,1,1,1,3,1,1,1
14184,2024,49100,1,1,1,3,1,1,1
14185,2024,249600,1,1,1,1,1,2,1
14186,2024,235500,2,1,1,4,1,2,1
14187,2024,188400,2,1,1,4,1,2,1
14188,2024,408500,1,1,1,4,1,3,1
14189,2024,233500,1,1,1,4,1,3,1
14190,2024,141750,1,1,1,1,1,2,1
14191,2024,239000,1,1,1,2,1,2,1
14192,2024,161700,1,1,1,1,1,1,1
14193,2024,284900,1,1,1,1,1,3,1
14194,2024,161700,1,1,1,1,1,3,1
14195,2024,364100,1,1,1,1,1,3,1
14196,2024,259912,1,1,1,1,1,1,1
14197,2024,193546,1,1,1,1,1,1,1
14198,2024,325270,2,1,1,2,1,2,1
14199,2024,304043,2,1,1,2,1,2,1
14200,2024,196900,2,1,1,2,1,2,1
14201,2024,186642,2,1,1,2,1,2,1
14202,2024,152880,1,1,1,1,1,2,1
14203,2024,122300,1,1,1,1,1,2,1
14204,2024,189897,1,1,1,1,1,1,1
14205,2024,290180,1,1,1,1,1,1,1
14206,2024,245588,1,1,1,1,1,1,1
14207,2024,60200,1,1,1,3,1,2,1
14208,2024,250553,1,1,1,1,1,2,1
14209,2024,134869,1,1,1,2,1,2,1
14210,2024,202588,1,1,1,1,1,2,1
14211,2024,215136,1,1,1,1,1,1,1
14212,2024,143424,1,1,1,1,1,1,1
14213,2024,236800,1,1,1,4,1,2,1
14214,2024,142100,1,1,1,4,1,2,1
14215,2024,168100,1,1,1,1,1,2,1
14216,2024,105300,1,1,1,1,1,2,1
14217,2024,160000,1,2,1,2,1,2,1
14218,2024,94600,1,2,1,2,1,2,1
14219,2024,164169,1,1,1,2,1,3,1
14220,2024,95414,1,1,1,2,1,3,1
14221,2024,243500,2,1,1,1,1,3,1
14222,2024,146100,2,1,1,1,1,3,1
14223,2024,111500,1,1,1,2,1,2,1
14224,2024,164300,1,1,1,1,1,2,1
14225,2024,79600,1,1,1,2,1,2,1
14226,2024,70400,1,1,1,1,1,1,1
14227,2024,256500,1,1,1,1,1,6,1
14228,2024,138900,1,1,1,1,1,6,1
14229,2024,465000,1,1,1,1,1,2,1
14230,2024,323000,1,1,1,1,1,2,1
14231,2024,256500,1,1,1,1,1,3,1
14232,2024,169223,1,1,1,2,1,2,1
14233,2024,136175,1,1,1,1,1,2,1
14234,2024,85247,1,1,1,1,1,2,1
14235,2024,166698,1,1,1,1,1,2,1
14236,2024,175275,1,1,1,2,1,2,1
14237,2024,93374,1,1,1,2,1,2,1
14238,2024,165000,1,1,1,3,1,1,1
14239,2024,285000,1,1,1,3,1,1,1
14240,2024,171200,1,1,1,3,1,1,1
14241,2024,45700,1,1,1,3,1,2,1
14242,2024,119200,1,1,1,1,1,2,1
14243,2024,86600,1,1,1,1,1,2,1
14244,2024,131400,1,1,1,1,1,2,1
14245,2024,208350,1,1,1,2,1,2,1
14246,2024,135392,1,1,1,3,1,2,1
14247,2024,79643,1,1,1,3,1,2,1
14248,2024,98168,1,1,1,1,1,2,1
14249,2024,120400,2,1,1,1,1,2,1
14250,2024,160650,2,1,1,1,1,2,1
14251,2024,166071,1,1,1,2,1,2,1
14252,2024,97200,1,1,1,3,1,2,1
14253,2024,61560,1,1,1,3,1,2,1
14254,2024,53000,1,1,1,2,1,2,1
14255,2024,269750,1,1,1,1,1,2,1
14256,2024,145250,1,1,1,1,1,2,1
14257,2024,242200,1,1,1,2,1,1,1
14258,2024,129400,1,1,1,2,1,1,1
14259,2024,145793,1,1,1,3,1,2,1
14260,2024,126776,1,1,1,3,1,2,1
14261,2024,165600,1,2,1,3,1,2,1
14262,2024,74100,1,2,1,3,1,2,1
14263,2024,223500,1,1,1,1,1,3,1
14264,2024,94200,1,1,1,1,1,3,1
14265,2024,100000,2,1,1,2,3,3,1
14266,2024,28800,2,1,1,3,1,2,1
14267,2024,21600,2,1,1,3,1,2,1
14268,2024,130000,1,1,1,1,3,2,1
14269,2024,157959,1,1,1,1,1,1,1
14270,2024,90263,1,1,1,1,1,1,1
14271,2024,111400,2,1,1,3,1,2,1
14272,2024,62800,2,1,1,3,1,2,1
14273,2024,91548,2,1,1,2,1,2,1
14274,2024,90146,2,1,1,1,1,2,1
14275,2024,178262,2,1,1,1,1,2,1
14276,2024,105301,1,1,1,1,1,2,1
14277,2024,236474,1,1,1,1,1,2,1
14278,2024,235724,1,1,1,2,1,3,1
14279,2024,57800,1,1,1,3,1,2,1
14280,2024,119969,1,1,1,1,1,2,1
14281,2024,73029,1,1,1,1,1,2,1
14282,2024,176100,1,1,1,2,1,2,1
14283,2024,125600,1,1,1,2,1,2,1
14284,2024,133100,1,1,1,1,1,2,1
14285,2024,60341,1,1,1,1,1,2,1
14286,2024,91548,2,1,1,1,1,2,1
14287,2024,231400,1,1,1,1,1,2,1
14288,2024,225859,2,1,1,1,1,2,1
14289,2024,151300,1,1,1,1,1,2,1
14290,2024,215424,2,1,1,1,1,3,1
14291,2024,143616,2,1,1,1,1,3,1
14292,2024,231643,1,1,1,1,1,1,1
14293,2024,218572,1,1,1,2,1,1,1
14294,2024,235410,2,1,1,3,1,1,1
14295,2024,108800,2,1,1,3,1,1,1
14296,2024,120012,1,1,1,3,1,2,1
14297,2024,77376,1,1,1,3,1,2,1
14298,2024,259500,1,1,1,2,1,3,1
14299,2024,113000,1,1,1,2,1,3,1
14300,2024,180000,2,1,1,3,1,2,1
14301,2024,135000,2,1,1,3,1,2,1
14302,2024,103300,2,1,1,2,1,2,1
14303,2024,128400,2,1,1,1,1,2,1
14304,2024,159000,2,1,1,1,1,1,1
14305,2024,186100,1,1,1,1,1,2,1
14306,2024,321800,1,1,1,1,1,1,1
14307,2024,84700,1,1,1,3,1,2,1
14308,2024,95450,1,1,1,3,1,2,1
14309,2024,123900,1,1,1,2,1,2,1
14310,2024,66100,1,1,1,2,1,2,1
14311,2024,80080,1,1,1,3,1,2,1
14312,2024,154660,2,1,1,2,1,2,1
14313,2024,125270,2,1,1,2,1,2,1
14314,2024,290180,2,1,1,1,1,1,1
14315,2024,258524,2,1,1,1,1,1,1
14316,2024,258524,1,1,1,1,1,1,1
14317,2024,213400,1,1,1,1,1,2,1
14318,2024,173400,1,1,1,1,1,3,1
14319,2024,34000,2,1,1,3,1,2,1
14320,2024,31000,2,1,1,3,1,2,1
14321,2024,89341,2,1,1,2,1,2,1
14322,2024,72813,2,1,1,2,1,2,1
14323,2024,96938,2,1,1,2,1,2,1
14324,2024,59250,2,1,1,2,1,2,1
14325,2024,252800,1,1,1,1,1,2,1
14326,2024,233700,1,1,1,1,1,3,1
14327,2024,120900,1,1,1,1,1,3,1
14328,2024,252800,2,1,1,2,1,2,1
14329,2024,130800,2,1,1,2,1,2,1
14330,2024,197400,2,1,1,1,1,2,1
14331,2024,105500,2,1,1,1,1,2,1
14332,2024,177600,1,1,1,1,1,2,1
14333,2024,202000,1,1,1,2,1,2,1
14334,2024,115400,1,1,1,2,1,2,1
14335,2024,94000,1,1,1,1,1,2,1
14336,2024,368400,1,1,1,1,1,2,1
14337,2024,331066,1,1,1,1,1,2,1
14338,2024,49300,1,1,1,3,1,2,1
14339,2024,179820,1,1,1,1,1,2,1
14340,2024,62000,2,1,1,3,1,2,1
14341,2024,181600,1,1,1,1,1,3,1
14342,2024,125100,1,1,1,1,1,3,1
14343,2024,172000,1,1,1,4,1,2,1
14344,2024,125500,1,2,1,1,1,2,1
14345,2024,178400,1,2,1,2,1,2,1
14346,2024,163238,1,2,1,2,1,2,1
14347,2024,66503,1,1,1,1,1,2,1
14348,2024,55620,1,1,1,2,1,2,1
14349,2024,194098,1,1,1,1,1,2,1
14350,2024,175654,1,1,1,1,1,2,1
14351,2024,127650,1,1,1,3,1,2,1
14352,2024,94350,1,1,1,3,1,2,1
14353,2024,147066,2,1,1,3,1,2,1
14354,2024,133697,2,1,1,3,1,2,1
14355,2024,83300,1,1,1,3,1,1,1
14356,2024,47500,1,1,1,3,1,1,1
14357,2024,68500,1,1,1,3,1,1,1
14358,2024,39200,1,1,1,3,1,1,1
14359,2024,292200,1,1,1,1,1,3,1
14360,2024,149414,1,1,1,2,1,2,1
14361,2024,93384,1,1,1,2,1,2,1
14362,2024,47500,1,1,1,2,1,2,1
14363,2024,173300,1,1,1,2,1,2,1
14364,2024,39000,1,1,1,3,1,2,1
14365,2024,125600,1,1,1,1,1,3,1
14366,2024,149925,1,1,1,1,1,2,1
14367,2024,91260,1,1,1,1,1,2,1
14368,2024,159850,1,1,1,2,1,1,1
14369,2024,79900,1,1,1,2,1,1,1
14370,2024,206800,1,2,1,3,1,2,1
14371,2024,97500,1,2,1,3,1,2,1
14372,2024,221596,1,1,1,2,1,1,1
14373,2024,232000,2,1,1,1,1,3,1
14374,2024,208000,2,1,1,1,1,3,1
14375,2024,52000,2,1,1,2,1,1,1
14376,2024,149800,1,1,1,2,1,2,1
14377,2024,134100,1,1,1,3,1,2,1
14378,2024,59700,1,1,1,3,1,2,1
14379,2024,267900,1,1,1,1,1,2,1
14380,2024,74900,1,1,1,2,1,2,1
14381,2024,156476,2,1,1,1,1,2,1
14382,2024,76500,1,1,1,1,1,2,1
14383,2024,184216,1,1,1,2,1,2,1
14384,2024,185586,1,1,1,2,1,2,1
14385,2024,304000,2,1,1,1,1,2,1
14386,2024,174400,2,1,1,1,1,2,1
14387,2024,179000,2,1,1,1,1,2,1
14388,2024,200200,1,1,1,1,1,3,1
14389,2024,186248,1,1,1,1,1,3,1
14390,2024,183000,2,1,1,1,1,3,1
14391,2024,157476,2,1,1,1,1,3,1
14392,2024,104981,2,1,1,1,1,3,1
14393,2024,183523,1,1,1,1,1,1,1
14394,2024,199700,1,1,1,2,1,2,1
14395,2024,132300,1,1,1,1,1,2,1
14396,2024,70600,1,1,1,1,1,2,1
14397,2024,170400,1,1,1,1,1,1,1
14398,2024,123800,1,1,1,1,1,1,1
14399,2024,147400,2,1,1,2,1,2,1
14400,2024,60900,2,1,1,2,1,2,1
14401,2024,53100,2,1,1,3,1,2,1
14402,2024,31900,2,1,1,3,1,2,1
14403,2024,166363,1,1,1,1,1,2,1
14404,2024,103977,1,1,1,1,1,2,1
14405,2024,110679,1,1,1,2,1,2,1
14406,2024,73786,1,1,1,2,1,2,1
14407,2024,117500,2,1,1,1,1,2,1
14408,2024,147500,2,1,1,1,1,2,1
14409,2024,241500,1,1,1,1,1,1,1
14410,2024,132300,1,1,1,1,1,1,1
14411,2024,223043,1,1,1,2,1,2,1
14412,2024,214464,1,1,1,2,1,2,1
14413,2024,220800,1,1,1,1,1,3,1
14414,2024,82898,1,1,1,3,1,2,1
14415,2024,73424,1,1,1,3,1,2,1
14416,2024,252500,1,1,1,4,1,2,1
14417,2024,151500,1,1,1,4,1,2,1
14418,2024,109700,1,1,1,1,1,2,1
14419,2024,149469,1,1,1,1,1,2,1
14420,2024,149750,2,1,1,1,1,2,1
14421,2024,201681,1,1,1,1,1,2,1
14422,2024,93918,1,1,1,1,1,2,1
14423,2024,51962,1,1,1,1,1,2,1
14424,2024,59000,2,1,1,2,1,2,1
14425,2024,103440,1,1,1,3,1,2,1
14426,2024,69900,1,1,1,3,1,2,1
14427,2024,207578,2,1,1,1,1,2,1
14428,2024,214032,1,1,1,2,1,6,1
14429,2024,234062,1,1,1,1,1,1,1
14430,2024,190180,1,1,1,1,1,1,1
14431,2024,223350,2,1,1,1,1,1,1
14432,2024,316900,1,1,1,1,1,3,1
14433,2024,181100,1,1,1,1,1,3,1
14434,2024,146050,1,1,1,2,1,2,1
14435,2024,122100,1,1,1,2,1,2,1
14436,2024,62000,1,1,1,1,1,1,1
14437,2024,113900,1,1,1,2,1,2,1
14438,2024,260500,1,1,1,1,1,3,1
14439,2024,59000,2,1,1,1,1,1,1
14440,2024,82365,1,1,1,1,1,2,1
14441,2024,186526,1,1,1,1,1,2,1
14442,2024,212500,1,1,1,2,1,2,1
14443,2024,209720,1,1,1,2,1,1,1
14444,2024,94350,1,1,1,1,1,2,1
14445,2024,224241,1,1,1,1,1,3,1
14446,2024,84600,1,1,1,3,1,2,1
14447,2024,163000,1,1,1,2,1,3,1
14448,2024,142516,1,1,1,1,1,2,1
14449,2024,74263,1,1,1,1,1,1,1
14450,2024,183600,2,1,1,1,1,3,1
14451,2024,233200,1,1,1,1,1,2,1
14452,2024,143500,1,1,1,1,1,2,1
14453,2024,112000,2,1,1,2,1,2,1
14454,2024,176900,1,1,1,2,1,2,1
14455,2024,80900,1,1,1,2,1,2,1
14456,2024,162819,2,1,1,3,1,2,1
14457,2024,189745,1,1,1,2,1,2,1
14458,2024,128050,1,1,1,1,1,2,1
14459,2024,108334,1,1,1,1,1,2,1
14460,2024,59923,1,1,1,1,1,2,1
14461,2024,205500,1,1,1,1,1,1,1
14462,2024,70000,1,1,1,3,1,3,1
14463,2024,55000,1,1,1,3,1,3,1
14464,2024,179300,1,1,1,1,1,2,1
14465,2024,69230,1,1,1,1,1,2,1
14466,2024,91984,1,1,1,2,1,3,1
14467,2024,157679,1,1,1,2,1,1,1
14468,2024,91431,1,1,1,2,1,1,1
14469,2024,165025,2,1,1,2,1,2,1
14470,2024,60000,2,1,1,1,1,3,1
14471,2024,147896,2,1,1,2,1,2,1
14472,2024,128606,2,1,1,2,1,2,1
14473,2024,85420,1,1,1,3,1,2,1
14474,2024,284360,2,1,1,1,1,3,1
14475,2024,181990,2,1,1,1,1,3,1
14476,2024,282500,1,1,1,1,1,2,1
14477,2024,236160,2,1,1,1,1,3,1
14478,2024,159408,2,1,1,1,1,3,1
14479,2024,186000,1,1,1,2,1,3,1
14480,2024,77400,1,1,1,2,1,2,1
14481,2024,134000,1,1,1,4,1,2,1
14482,2024,94763,2,1,1,1,1,2,1
14483,2024,67750,2,1,1,1,1,2,1
14484,2024,168854,1,1,1,2,1,2,1
14485,2024,149500,2,1,1,3,1,2,1
14486,2024,127075,2,1,1,3,1,2,1
14487,2024,207575,1,1,1,1,1,1,1
14488,2024,138225,1,1,1,1,1,1,1
14489,2024,111600,1,2,1,2,1,2,1
14490,2024,219600,1,1,1,2,1,3,1
14491,2024,125500,1,1,1,2,1,3,1
14492,2024,164250,1,1,1,1,1,2,1
14493,2024,306705,1,1,1,4,1,2,1
14494,2024,140890,1,1,1,4,1,2,1
14495,2024,152894,2,1,1,2,1,2,1
14496,2024,138995,2,1,1,2,1,2,1
14497,2024,76915,1,1,1,1,1,1,1
14498,2024,105700,1,2,1,2,1,2,1
14499,2024,87900,1,1,1,1,1,2,1
14500,2024,220000,2,1,1,4,1,2,1
14501,2024,166549,1,1,1,3,1,2,1
14502,2024,118000,1,1,1,3,1,2,1
14503,2024,162500,2,1,1,2,1,2,1
14504,2024,208300,1,1,1,2,1,3,1
14505,2024,146994,1,1,1,1,1,1,1
14506,2024,500000,1,1,1,2,1,2,1
14507,2024,175059,2,1,1,1,1,2,1
14508,2024,216466,1,1,1,1,1,2,1
14509,2024,211164,1,1,1,1,1,2,1
14510,2024,199234,2,1,1,1,1,2,1
14511,2024,284900,1,1,1,1,1,2,1
14512,2024,161700,1,1,1,1,1,2,1
14513,2024,226500,2,1,1,1,1,2,1
14514,2024,720000,1,1,1,1,1,1,1
14515,2024,299003,2,1,1,2,1,2,1
14516,2024,115000,1,2,1,2,1,3,1
14517,2024,250200,1,1,1,2,1,4,1
14518,2024,117200,1,1,1,2,1,4,1
14519,2024,115100,1,2,1,1,1,2,1
14520,2024,104300,1,2,1,1,1,2,1
14521,2024,213876,1,1,1,1,1,3,1
14522,2024,68500,2,1,1,2,1,2,1
14523,2024,117700,1,1,1,3,1,2,1
14524,2024,82400,1,1,1,3,1,2,1
14525,2024,51000,1,1,1,1,1,2,1
14526,2024,87630,2,1,1,2,1,2,1
14527,2024,61360,2,1,1,2,1,2,1
14528,2024,75100,1,1,1,3,1,2,1
14529,2024,116200,1,1,1,1,1,2,1
14530,2024,198600,1,1,1,3,1,1,1
14531,2024,198600,1,1,1,2,1,2,1
14532,2024,94300,1,1,1,2,1,2,1
14533,2024,73500,1,1,1,2,1,2,1
14534,2024,182000,1,1,1,3,1,2,1
14535,2024,236474,2,1,1,2,1,2,1
14536,2024,352000,2,1,1,4,1,2,1
14537,2024,258000,1,1,1,1,1,2,1
14538,2024,180500,1,1,1,2,1,2,1
14539,2024,236078,1,1,1,1,1,3,1
14540,2024,133100,1,1,1,2,1,2,1
14541,2024,79300,1,1,1,2,1,2,1
14542,2024,96800,1,1,1,1,1,3,1
14543,2024,178250,2,1,1,1,1,2,1
14544,2024,78000,1,1,1,2,1,3,1
14545,2024,170500,2,1,1,3,1,1,1
14546,2024,123200,2,1,1,3,1,1,1
14547,2024,115100,1,2,1,2,1,2,1
14548,2024,243300,1,1,1,2,1,1,1
14549,2024,131500,1,1,1,2,1,1,1
14550,2024,123200,2,1,1,1,1,2,1
14551,2024,149750,2,1,1,2,1,2,1
14552,2024,84500,2,1,1,2,1,2,1
14553,2024,168700,1,1,1,1,1,3,1
14554,2024,120500,1,1,1,1,1,3,1
14555,2024,204334,1,1,1,2,1,2,1
14556,2024,227000,1,1,1,2,1,2,1
14557,2024,165500,2,1,1,2,1,1,1
14558,2024,119600,2,1,1,2,1,1,1
14559,2024,222300,1,1,1,2,1,3,1
14560,2024,104280,2,1,1,1,1,2,1
14561,2024,69520,2,1,1,1,1,2,1
14562,2024,282200,1,1,1,1,1,3,1
14563,2024,133600,1,1,1,1,1,3,1
14564,2024,283750,1,1,1,1,1,3,1
14565,2024,136125,1,1,1,1,1,3,1
14566,2024,212109,1,1,1,2,1,2,1
14567,2024,186949,1,1,1,1,1,2,1
14568,2024,162706,1,1,1,1,1,2,1
14569,2024,243300,1,1,1,2,1,2,1
14570,2024,131500,1,1,1,2,1,2,1
14571,2024,225197,1,1,1,1,1,2,1
14572,2024,215197,1,1,1,1,1,2,1
14573,2024,156145,2,1,1,1,1,2,1
14574,2024,113560,2,1,1,1,1,2,1
14575,2024,147700,1,1,1,1,1,2,1
14576,2024,299000,1,1,1,2,1,3,1
14577,2024,187000,1,1,1,2,1,3,1
14578,2024,180000,1,3,1,1,1,1,1
14579,2024,160000,1,3,1,1,1,1,1
14580,2024,250800,2,1,1,2,1,2,1
14581,2024,167200,2,1,1,2,1,2,1
14582,2024,266482,1,1,1,1,1,2,1
14583,2024,166551,1,1,1,1,1,2,1
14584,2024,218500,2,1,1,2,1,2,1
14585,2024,210662,2,1,1,2,1,2,1
14586,2024,56280,1,1,1,1,1,2,1
14587,2024,41820,1,1,1,1,1,2,1
14588,2024,174271,2,1,1,1,1,2,1
14589,2024,320000,2,1,1,4,1,2,1
14590,2024,215000,2,1,1,4,1,2,1
14591,2024,154400,2,1,1,1,1,2,1
14592,2024,341000,2,1,1,1,1,2,1
14593,2024,228800,2,1,1,1,1,2,1
14594,2024,216705,1,1,1,1,1,2,1
14595,2024,219650,2,1,1,4,1,2,1
14596,2024,136000,2,1,1,4,1,2,1
14597,2024,160455,1,1,1,2,1,1,1
14598,2024,91318,1,1,1,2,1,1,1
14599,2024,111600,1,2,1,1,1,2,1
14600,2024,139200,2,1,1,1,1,2,1
14601,2024,210900,1,1,1,1,1,2,1
14602,2024,198400,2,1,1,3,1,2,1
14603,2024,132300,2,1,1,3,1,2,1
14604,2024,167200,1,1,1,2,1,1,1
14605,2024,123844,1,1,1,2,1,2,1
14606,2024,196052,2,1,1,1,1,2,1
14607,2024,187178,1,1,1,1,1,1,1
14608,2024,117728,2,1,1,1,1,2,1
14609,2024,73632,2,1,1,1,1,2,1
14610,2024,128656,1,1,1,1,1,2,1
14611,2024,103330,1,1,1,1,1,2,1
14612,2024,144300,1,1,1,1,1,2,1
14613,2024,143376,1,1,1,2,1,1,1
14614,2024,77500,1,1,1,2,1,1,1
14615,2024,99700,1,1,1,2,1,2,1
14616,2024,212000,1,1,1,1,1,2,1
14617,2024,232587,1,1,1,2,1,3,1
14618,2024,208000,2,1,1,2,1,1,1
14619,2024,146994,2,1,1,2,1,1,1
14620,2024,101520,2,1,1,3,1,2,1
14621,2024,45864,2,1,1,3,1,2,1
14622,2024,180000,1,3,1,1,1,3,1
14623,2024,100000,1,3,1,1,1,3,1
14624,2024,105000,2,1,1,2,1,1,1
14625,2024,157750,2,1,1,1,1,2,1
14626,2024,123525,2,1,1,1,1,2,1
14627,2024,107400,1,2,1,2,1,2,1
14628,2024,47500,1,2,1,2,1,2,1
14629,2024,205800,1,1,1,1,1,2,1
14630,2024,260570,2,1,1,2,1,1,1
14631,2024,167030,2,1,1,2,1,1,1
14632,2024,81000,1,2,1,2,1,2,1
14633,2024,320850,1,1,1,1,1,2,1
14634,2024,222700,1,1,1,1,1,2,1
14635,2024,538400,1,1,1,1,1,3,1
14636,2024,254600,1,1,1,1,1,3,1
14637,2024,244400,1,1,1,1,1,2,1
14638,2024,131600,1,1,1,1,1,2,1
14639,2024,187450,2,1,1,1,1,2,1
14640,2024,104550,2,1,1,1,1,2,1
14641,2024,203280,2,1,1,3,1,2,1
14642,2024,167898,2,1,1,3,1,2,1
14643,2024,189975,2,1,1,1,1,3,1
14644,2024,59300,1,1,1,3,1,2,1
14645,2024,408500,1,1,1,4,1,2,1
14646,2024,233500,1,1,1,4,1,2,1
14647,2024,132678,1,1,1,1,1,2,1
14648,2024,88452,1,1,1,1,1,2,1
14649,2024,357100,1,1,1,2,1,1,1
14650,2024,198400,1,1,1,2,1,1,1
14651,2024,168520,1,1,1,1,1,2,1
14652,2024,167481,1,1,1,1,1,2,1
14653,2024,243800,2,1,1,2,1,2,1
14654,2024,172000,2,1,1,1,1,1,1
14655,2024,57920,1,1,1,2,1,2,1
14656,2024,152000,2,1,1,1,1,3,1
14657,2024,122283,1,1,1,2,1,2,1
14658,2024,94300,1,1,1,2,1,1,1
14659,2024,50000,2,1,1,1,1,2,1
14660,2024,254524,1,1,1,1,1,2,1
14661,2024,188126,1,1,1,1,1,2,1
14662,2024,185900,1,1,1,1,1,2,1
14663,2024,109400,1,1,1,1,1,2,1
14664,2024,181610,1,1,1,1,1,2,1
14665,2024,127300,1,2,1,1,1,2,1
14666,2024,127100,1,1,1,1,1,2,1
14667,2024,101681,1,1,1,1,1,2,1
14668,2024,245520,1,1,1,3,1,2,1
14669,2024,226465,1,1,1,3,1,2,1
14670,2024,230600,1,1,1,2,1,2,1
14671,2024,81000,1,2,1,3,1,2,1
14672,2024,171116,1,1,1,1,1,2,1
14673,2024,170185,1,1,1,2,1,2,1
14674,2024,234770,1,1,1,1,1,4,1
14675,2024,176865,1,1,1,2,1,2,1
14676,2024,251000,2,1,1,2,1,1,1
14677,2024,177000,2,1,1,2,1,1,1
14678,2024,146994,1,1,1,2,1,6,1
14679,2024,159675,1,1,1,1,1,2,1
14680,2024,76900,1,1,1,1,1,2,1
14681,2024,120157,1,1,1,1,1,2,1
14682,2024,255000,1,1,1,1,1,3,1
14683,2024,208300,1,1,1,2,1,2,1
14684,2024,116106,1,1,1,2,1,2,1
14685,2024,243300,1,1,1,1,1,1,1
14686,2024,131500,1,1,1,1,1,1,1
14687,2024,106300,2,1,1,2,1,2,1
14688,2024,177008,1,1,1,2,1,1,1
14689,2024,168890,1,1,1,1,1,3,1
14690,2024,152000,1,1,1,1,1,3,1
14691,2024,173000,2,1,1,3,1,1,1
14692,2024,117000,2,1,1,3,1,1,1
14693,2024,75423,1,1,1,2,1,2,1
14694,2024,45790,1,1,1,2,1,2,1
14695,2024,173000,1,1,1,3,1,1,1
14696,2024,117000,1,1,1,3,1,1,1
14697,2024,65800,1,2,1,1,1,2,1
14698,2024,147200,1,1,1,1,1,2,1
14699,2024,250104,1,1,1,2,1,2,1
14700,2024,353500,1,1,1,2,1,2,1
14701,2024,179938,2,1,1,1,1,2,1
14702,2024,117000,1,1,1,2,1,6,1
14703,2024,214032,1,1,1,2,1,3,1
14704,2024,223202,1,1,1,3,1,2,1
14705,2024,143400,1,1,1,3,1,3,1
14706,2024,98900,1,1,1,3,1,3,1
14707,2024,251000,2,1,1,1,1,2,1
14708,2024,177008,2,1,1,1,1,2,1
14709,2024,189473,1,1,1,2,1,1,1
14710,2024,156000,1,1,1,4,1,2,1
14711,2024,179551,1,1,1,2,1,2,1
14712,2024,257984,1,1,1,2,1,2,1
14713,2024,251000,1,1,1,1,1,6,1
14714,2024,177008,1,1,1,1,1,6,1
14715,2024,173000,2,1,1,1,1,1,1
14716,2024,290180,1,1,1,2,1,6,1
14717,2024,234130,1,1,1,2,1,6,1
14718,2024,191373,2,1,1,2,1,2,1
14719,2024,182781,1,1,1,2,1,2,1
14720,2024,177008,2,1,1,2,1,1,1
14721,2024,291900,1,1,1,3,1,2,1
14722,2024,103800,1,1,1,3,1,2,1
14723,2024,89500,2,1,1,1,1,2,1
14724,2024,60500,2,1,1,3,1,2,1
14725,2024,57600,1,1,1,3,1,2,1
14726,2024,50700,1,1,1,3,1,2,1
14727,2024,143896,1,1,1,2,1,4,1
14728,2024,89040,1,1,1,2,1,4,1
14729,2024,189800,2,1,1,2,1,2,1
14730,2024,105600,2,1,1,2,1,2,1
14731,2024,257600,1,1,1,2,1,2,1
14732,2024,233850,1,1,1,4,1,2,1
14733,2024,161300,1,1,1,4,1,2,1
14734,2024,229900,2,1,1,1,1,2,1
14735,2024,161700,1,1,1,2,1,3,1
14736,2024,198600,1,1,1,3,1,2,1
14737,2024,94300,1,1,1,3,1,2,1
14738,2024,95100,2,1,1,1,1,2,1
14739,2024,86900,2,1,1,3,1,2,1
14740,2024,60800,2,1,1,3,1,2,1
14741,2024,192170,1,1,1,2,1,2,1
14742,2024,283850,2,1,1,1,1,3,1
14743,2024,144650,2,1,1,1,1,3,1
14744,2024,92222,1,1,1,2,1,2,1
14745,2024,62395,1,1,1,2,1,2,1
14746,2024,243300,1,1,1,3,1,3,1
14747,2024,131500,1,1,1,3,1,3,1
14748,2024,165400,1,1,1,3,1,2,1
14749,2024,76400,1,1,1,3,1,2,1
14750,2024,178200,1,1,1,1,1,3,1
14751,2024,74800,1,1,1,1,1,3,1
14752,2024,108700,2,1,1,3,1,2,1
14753,2024,76100,2,1,1,3,1,2,1
14754,2024,81700,1,1,1,2,1,1,1
14755,2024,79600,1,2,1,2,1,2,1
14756,2024,123500,1,1,1,1,1,2,1
14757,2024,73500,1,1,1,1,1,2,1
14758,2024,252500,1,1,1,3,1,2,1
14759,2024,133500,1,1,1,3,1,2,1
14760,2024,198100,1,1,1,2,1,2,1
14761,2024,110219,1,1,1,2,1,2,1
14762,2024,95413,2,1,1,2,1,2,1
14763,2024,70692,2,1,1,2,1,2,1
14764,2024,151500,1,1,1,2,1,1,1
14765,2024,101000,1,1,1,2,1,1,1
14766,2024,288000,2,1,1,4,1,2,1
14767,2024,138000,1,2,1,2,1,2,1
14768,2024,120000,1,2,1,2,1,2,1
14769,2024,149600,1,1,1,2,1,2,1
14770,2024,90200,1,1,1,2,1,2,1
14771,2024,225600,1,1,1,1,1,2,1
14772,2024,146900,1,1,1,1,1,2,1
14773,2024,425000,1,1,1,2,1,2,1
14774,2024,185100,1,1,1,3,1,2,1
14775,2024,465000,1,1,1,1,1,3,1
14776,2024,323000,1,1,1,1,1,3,1
14777,2024,346300,1,1,1,1,1,3,1
14778,2024,336001,2,1,1,4,1,2,1
14779,2024,201601,2,1,1,4,1,2,1
14780,2024,54600,1,1,1,2,1,2,1
14781,2024,150700,1,1,1,2,1,2,1
14782,2024,109800,1,1,1,3,1,2,1
14783,2024,54200,1,1,1,3,1,2,1
14784,2024,189200,1,1,1,2,1,2,1
14785,2024,102200,1,1,1,2,1,2,1
14786,2024,238400,1,1,1,2,1,2,1
14787,2024,140300,1,1,1,2,1,2,1
14788,2024,96978,2,1,1,3,1,2,1
14789,2024,74598,2,1,1,3,1,2,1
14790,2024,140900,2,1,1,2,1,2,1
14791,2024,104100,2,1,1,2,1,2,1
14792,2024,64500,1,1,1,3,1,2,1
14793,2024,46500,1,1,1,3,1,2,1
14794,2024,166210,2,1,1,1,1,2,1
14795,2024,109350,2,1,1,1,1,2,1
14796,2024,188750,1,1,1,1,1,2,1
14797,2024,93724,2,1,1,1,1,2,1
14798,2024,59500,1,2,1,2,1,2,1
14799,2024,202730,1,1,1,1,1,3,1
14800,2024,92118,1,1,1,1,1,3,1
14801,2024,400000,1,1,1,2,1,3,1
14802,2024,65000,1,1,1,2,1,3,1
14803,2024,172469,1,1,1,1,1,2,1
14804,2024,114945,1,1,1,1,1,2,1
14805,2024,93838,1,1,1,1,1,2,1
14806,2024,69535,1,1,1,1,1,2,1
14807,2024,130000,1,1,1,2,3,2,1
14808,2024,110000,1,1,1,2,3,2,1
14809,2024,178200,1,1,1,2,1,2,1
14810,2024,150650,1,1,1,2,1,2,1
14811,2024,95500,2,1,1,2,1,2,1
14812,2024,101098,1,1,1,2,1,2,1
14813,2024,59469,1,1,1,2,1,2,1
14814,2024,94763,2,1,1,2,1,2,1
14815,2024,67750,2,1,1,2,1,2,1
14816,2024,129200,2,1,1,3,1,2,1
14817,2024,265000,1,1,1,1,1,3,1
14818,2024,213900,2,1,1,2,1,2,1
14819,2024,66000,2,1,1,1,1,3,1
14820,2024,210850,1,1,1,1,1,2,1
14821,2024,90200,2,1,1,2,1,3,1
14822,2024,138000,1,1,1,2,2,1,1
14823,2024,86000,1,1,1,2,2,1,1
14824,2024,169847,2,1,1,1,1,2,1
14825,2024,131631,2,1,1,1,1,2,1
14826,2024,197689,1,1,1,4,1,2,1
14827,2024,152311,1,1,1,4,1,2,1
14828,2024,209500,1,1,1,4,1,1,1
14829,2024,147500,1,1,1,4,1,1,1
14830,2024,140100,1,1,1,1,1,3,1
14831,2024,236872,1,1,1,1,1,3,1
14832,2024,148045,1,1,1,1,1,3,1
14833,2024,143896,1,1,1,2,1,2,1
14834,2024,99208,1,1,1,2,1,2,1
14835,2024,25000,1,1,1,1,1,3,1
14836,2024,209700,1,1,1,4,1,2,1
14837,2024,178250,1,1,1,2,1,3,1
14838,2024,110500,1,1,1,2,1,3,1
14839,2024,148500,2,1,1,1,1,2,1
14840,2024,129500,2,1,1,2,1,2,1
14841,2024,159550,1,1,1,1,1,2,1
14842,2024,245400,1,1,1,2,1,3,1
14843,2024,139000,1,1,1,2,1,3,1
14844,2024,151300,2,1,1,2,1,1,1
14845,2024,124100,1,2,1,2,1,1,1
14846,2024,250900,1,1,1,4,1,2,1
14847,2024,173100,1,1,1,4,1,2,1
14848,2024,149900,1,1,1,2,1,2,1
14849,2024,91000,2,1,1,2,1,2,1
14850,2024,170200,2,1,1,1,1,2,1
14851,2024,157144,1,1,1,2,1,2,1
14852,2024,223000,1,1,1,4,1,2,1
14853,2024,385000,2,1,1,1,1,2,1
14854,2024,142136,1,1,1,3,1,2,1
14855,2024,123596,1,1,1,3,1,2,1
14856,2024,285200,2,1,1,2,1,2,1
14857,2024,168600,2,1,1,2,1,2,1
14858,2024,180500,1,1,1,1,1,2,1
14859,2024,278000,1,1,1,1,1,3,1
14860,2024,86220,1,1,1,1,1,2,1
14861,2024,302900,1,1,1,1,1,3,1
14862,2024,105301,2,1,1,1,1,2,1
14863,2024,159550,1,1,1,2,1,2,1
14864,2024,110781,1,1,1,1,1,1,1
14865,2024,121500,2,1,1,2,1,2,1
14866,2024,88200,2,1,1,2,1,2,1
14867,2024,63162,1,1,1,3,2,2,1
14868,2024,37154,1,1,1,3,2,2,1
14869,2024,257500,1,1,1,4,1,2,1
14870,2024,106500,1,1,1,2,1,3,1
14871,2024,192500,1,1,1,3,1,2,1
14872,2024,178090,1,1,1,1,1,2,1
14873,2024,81978,1,1,1,1,1,2,1
14874,2024,72700,2,1,1,2,1,2,1
14875,2024,132600,1,1,1,2,1,2,1
14876,2024,80845,1,1,1,2,1,2,1
14877,2024,61700,1,1,1,3,1,2,1
14878,2024,208200,2,1,1,2,1,3,1
14879,2024,124900,2,1,1,2,1,3,1
14880,2024,255475,1,1,1,1,1,2,1
14881,2024,113800,2,1,1,1,1,2,1
14882,2024,74400,2,1,1,1,1,2,1
14883,2024,157400,2,1,1,3,1,2,1
14884,2024,98600,2,1,1,3,1,2,1
14885,2024,258750,1,1,1,1,1,3,1
14886,2024,191250,1,1,1,1,1,3,1
14887,2024,168000,2,2,1,2,1,2,1
14888,2024,78400,2,2,1,2,1,2,1
14889,2024,306000,1,1,1,1,1,3,1
14890,2024,151600,1,1,1,1,1,3,1
14891,2024,147368,1,1,1,1,1,2,1
14892,2024,214872,2,1,1,1,1,2,1
14893,2024,186846,2,1,1,1,1,2,1
14894,2024,145360,2,1,1,1,1,2,1
14895,2024,107440,2,1,1,1,1,2,1
14896,2024,181700,1,1,1,2,1,2,1
14897,2024,77280,1,1,1,3,1,2,1
14898,2024,164500,1,1,1,3,1,2,1
14899,2024,67200,1,1,1,3,1,2,1
14900,2024,287800,1,1,1,2,1,2,1
14901,2024,291340,1,1,1,3,2,2,1
14902,2024,194240,1,1,1,3,2,2,1
14903,2024,191070,1,1,1,2,1,2,1
14904,2024,135900,1,1,1,2,1,2,1
14905,2024,152800,1,1,1,2,1,2,1
14906,2024,139500,1,1,1,1,1,2,1
14907,2024,208500,1,1,1,1,1,2,1
14908,2024,128750,1,1,1,3,1,2,1
14909,2024,61875,1,1,1,3,1,2,1
14910,2024,91200,1,1,1,3,1,1,1
14911,2024,58200,1,1,1,3,1,1,1
14912,2024,245900,2,1,1,1,1,2,1
14913,2024,176627,1,1,1,3,1,2,1
14914,2024,106029,1,1,1,3,1,2,1
14915,2024,94250,2,1,1,3,1,2,1
14916,2024,148017,1,1,1,2,1,2,1
14917,2024,87069,1,1,1,2,1,2,1
14918,2024,135800,2,1,1,2,1,2,1
14919,2024,43500,1,1,1,3,1,2,1
14920,2024,41000,1,1,1,3,1,2,1
14921,2024,211888,1,1,1,1,1,3,1
14922,2024,154100,1,1,1,1,1,3,1
14923,2024,92000,2,1,1,1,1,2,1
14924,2024,203000,2,1,1,2,1,3,1
14925,2024,322100,2,1,1,1,1,2,1
14926,2024,173400,2,1,1,1,1,2,1
14927,2024,158900,2,1,1,1,1,2,1
14928,2024,132400,2,1,1,1,1,2,1
14929,2024,240901,2,1,1,1,1,2,1
14930,2024,168630,2,1,1,1,1,2,1
14931,2024,312300,2,1,1,4,1,2,1
14932,2024,273600,2,1,1,4,1,2,1
14933,2024,182400,2,1,1,4,1,2,1
14934,2024,253900,1,1,1,4,1,2,1
14935,2024,145100,1,1,1,4,1,2,1
14936,2024,144606,1,1,1,1,1,2,1
14937,2024,128539,1,1,1,1,1,2,1
14938,2024,79400,1,1,1,2,1,2,1
14939,2024,55600,1,1,1,2,1,2,1
14940,2024,131700,1,1,1,2,1,2,1
14941,2024,118400,1,1,1,3,1,1,1
14942,2024,126225,1,1,1,3,1,1,1
14943,2024,61846,1,1,1,3,1,1,1
14944,2024,114200,1,1,1,1,1,2,1
14945,2024,92900,1,1,1,1,1,2,1
14946,2024,108100,1,1,1,2,1,1,1
14947,2024,60800,1,1,1,2,1,1,1
14948,2024,485000,1,1,1,1,1,1,1
14949,2024,180700,2,1,1,1,1,2,1
14950,2024,243000,1,1,1,4,1,2,1
14951,2024,163000,1,1,1,4,1,2,1
14952,2024,90200,2,1,1,1,1,2,1
14953,2024,155700,1,1,1,2,1,2,1
14954,2024,84105,1,1,1,2,1,2,1
14955,2024,76095,1,1,1,2,1,2,1
14956,2024,201700,2,1,1,1,1,2,1
14957,2024,122300,2,1,1,1,1,2,1
14958,2024,142200,1,1,1,1,1,1,1
14959,2024,116200,1,1,1,1,1,1,1
14960,2024,169200,1,1,1,1,1,3,1
14961,2024,136400,2,1,1,2,1,2,1
14962,2024,120529,1,1,1,1,1,2,1
14963,2024,96428,1,1,1,1,1,2,1
14964,2024,90900,1,1,1,1,1,2,1
14965,2024,200000,1,1,1,4,1,5,1
14966,2024,175000,1,1,1,4,1,5,1
14967,2024,156312,1,1,1,1,1,2,1
14968,2024,213500,1,1,1,1,1,3,1
14969,2024,108600,2,1,1,2,1,2,1
14970,2024,74400,2,1,1,2,1,2,1
14971,2024,225000,1,1,1,3,1,2,1
14972,2024,129000,1,1,1,3,1,2,1
14973,2024,265400,1,1,1,2,1,3,1
14974,2024,127400,1,1,1,2,1,3,1
14975,2024,363000,1,1,1,1,1,2,1
14976,2024,43400,2,1,1,3,1,2,1
14977,2024,101081,1,1,1,2,1,2,1
14978,2024,78108,1,1,1,2,1,2,1
14979,2024,285500,1,1,1,1,1,3,1
14980,2024,142500,1,1,1,1,1,3,1
14981,2024,159120,1,1,1,1,1,1,1
14982,2024,92240,1,1,1,1,1,1,1
14983,2024,116600,1,1,1,1,1,2,1
14984,2024,208500,1,1,1,1,1,3,1
14985,2024,100100,1,1,1,1,1,3,1
14986,2024,228900,2,1,1,2,1,2,1
14987,2024,174400,2,1,1,2,1,2,1
14988,2024,144000,2,1,1,3,1,2,1
14989,2024,81000,2,1,1,3,1,2,1
14990,2024,230300,1,1,1,1,1,2,1
14991,2024,241000,2,1,1,1,1,2,1
14992,2024,256000,1,1,1,4,1,2,1
14993,2024,189600,1,1,1,1,1,2,1
14994,2024,101100,1,1,1,1,1,2,1
14995,2024,158100,1,1,1,2,1,3,1
14996,2024,242100,1,1,1,1,1,2,1
14997,2024,270000,1,1,1,2,1,3,1
14998,2024,30000,1,2,1,3,2,2,1
14999,2024,152000,2,1,1,2,1,2,1
15000,2024,237500,1,1,1,4,1,2,1
15001,2024,157500,1,1,1,4,1,2,1
15002,2024,172750,1,1,1,1,1,2,1
15003,2024,175762,1,1,1,4,1,2,1
15004,2024,97254,1,1,1,4,1,2,1
15005,2024,145000,2,1,1,2,1,3,1
15006,2024,89000,2,1,1,2,1,3,1
15007,2024,141500,1,1,1,1,1,2,1
15008,2024,209362,2,1,1,1,1,2,1
15009,2024,182054,2,1,1,1,1,2,1
15010,2024,65000,1,1,1,1,1,3,1
15011,2024,157400,2,1,1,1,1,2,1
15012,2024,98600,2,1,1,1,1,2,1
15013,2024,82402,1,1,1,3,1,2,1
15014,2024,48508,1,1,1,3,1,2,1
15015,2024,223100,1,1,1,1,1,2,1
15016,2024,159100,1,2,1,1,1,2,1
15017,2024,210000,2,1,1,3,1,1,1
15018,2024,180000,2,1,1,3,1,1,1
15019,2024,47500,2,1,1,3,1,2,1
15020,2024,279500,2,1,1,2,1,2,1
15021,2024,216200,2,1,1,2,1,2,1
15022,2024,229500,2,1,1,1,1,3,1
15023,2024,144538,1,1,1,1,1,2,1
15024,2024,96358,1,1,1,1,1,2,1
15025,2024,264846,1,1,1,1,1,2,1
15026,2024,143060,1,1,1,1,1,2,1
15027,2024,158100,1,1,1,2,1,2,1
15028,2024,198000,1,1,1,3,1,2,1
15029,2024,177250,1,1,1,2,1,2,1
15030,2024,67095,1,1,1,3,1,2,1
15031,2024,51120,1,1,1,3,1,2,1
15032,2024,234000,1,1,1,3,1,2,1
15033,2024,99600,1,1,1,1,1,2,1
15034,2024,268000,2,1,1,1,1,1,1
15035,2024,213580,2,1,1,1,1,2,1
15036,2024,124650,1,1,1,3,1,2,1
15037,2024,204650,2,1,1,1,1,2,1
15038,2024,123990,2,1,1,1,1,2,1
15039,2024,210100,1,1,1,1,1,3,1
15040,2024,243600,2,1,1,1,1,2,1
15041,2024,83552,2,1,1,2,1,2,1
15042,2024,49148,2,1,1,2,1,2,1
15043,2024,174300,1,1,1,1,1,2,1
15044,2024,161201,2,1,1,1,1,2,1
15045,2024,200400,1,1,1,1,1,2,1
15046,2024,190500,1,1,1,1,1,2,1
15047,2024,93300,1,1,1,2,1,3,1
15048,2024,182800,2,1,1,1,1,2,1
15049,2024,136100,2,1,1,1,1,2,1
15050,2024,92700,1,1,1,3,1,2,1
15051,2024,260940,2,1,1,1,1,2,1
15052,2024,158130,2,1,1,1,1,2,1
15053,2024,122328,2,1,1,2,2,2,1
15054,2024,71958,2,1,1,2,2,2,1
15055,2024,247500,1,1,1,2,1,3,1
15056,2024,172200,1,1,1,2,1,3,1
15057,2024,151250,1,1,1,2,1,2,1
15058,2024,235700,1,1,1,1,1,2,1
15059,2024,135193,1,1,1,1,1,2,1
15060,2024,90129,1,1,1,1,1,2,1
15061,2024,103000,1,1,1,2,1,3,1
15062,2024,93300,1,1,1,2,1,2,1
15063,2024,271500,1,1,1,1,1,2,1
15064,2024,238500,1,1,1,4,1,3,1
15065,2024,193200,1,1,1,1,1,2,1
15066,2024,154560,1,1,1,1,1,2,1
15067,2024,277200,1,1,1,1,1,3,1
15068,2024,208800,2,1,1,2,1,2,1
15069,2024,177500,2,1,1,2,1,2,1
15070,2024,145350,2,1,1,1,1,2,1
15071,2024,196400,1,1,1,2,1,2,1
15072,2024,174117,1,1,1,2,1,2,1
15073,2024,108806,1,1,1,3,1,3,1
15074,2024,82909,1,1,1,3,1,3,1
15075,2024,237500,1,1,1,1,1,2,1
15076,2024,285200,2,1,1,1,1,2,1
15077,2024,168600,2,1,1,1,1,2,1
15078,2024,222200,1,1,1,1,1,2,1
15079,2024,150900,1,1,1,1,1,2,1
15080,2024,71250,2,1,1,3,1,2,1
15081,2024,159550,1,1,1,1,1,3,1
15082,2024,115254,2,1,1,1,1,2,1
15083,2024,85393,2,1,1,1,1,2,1
15084,2024,95166,1,1,1,3,1,2,1
15085,2024,63444,1,1,1,3,1,2,1
15086,2024,217508,1,1,1,1,1,3,1
15087,2024,177961,1,1,1,1,1,3,1
15088,2024,212000,1,1,1,1,2,2,1
15089,2024,93300,1,1,1,1,2,2,1
15090,2024,321830,1,1,1,2,1,1,1
15091,2024,124690,1,1,1,2,1,1,1
15092,2024,117800,1,1,1,1,1,3,1
15093,2024,224800,1,1,1,1,1,2,1
15094,2024,182600,1,1,1,1,1,2,1
15095,2024,81800,1,1,1,1,1,2,1
15096,2024,217508,1,1,1,1,1,2,1
15097,2024,177961,1,1,1,1,1,2,1
15098,2024,90950,1,1,1,2,1,2,1
15099,2024,132974,1,1,1,1,1,2,1
15100,2024,88670,1,1,1,1,1,2,1
15101,2024,240000,1,1,1,4,1,3,1
15102,2024,312287,1,1,1,4,1,2,1
15103,2024,208122,1,1,1,4,1,2,1
15104,2024,230000,2,1,1,2,1,3,1
15105,2024,127500,2,1,1,1,1,3,1
15106,2024,46080,1,1,1,3,1,2,1
15107,2024,37120,1,1,1,3,1,2,1
15108,2024,231600,2,1,1,1,1,2,1
15109,2024,147600,1,1,1,1,1,2,1
15110,2024,106300,1,1,1,1,1,2,1
15111,2024,194200,1,1,1,2,1,2,1
15112,2024,198433,2,1,1,1,1,2,1
15113,2024,119060,2,1,1,1,1,2,1
15114,2024,196720,1,1,1,1,1,1,1
15115,2024,113210,1,1,1,1,1,1,1
15116,2024,204500,1,1,1,1,1,2,1
15117,2024,197100,2,1,1,1,1,2,1
15118,2024,131414,2,1,1,1,1,2,1
15119,2024,160000,1,1,1,3,1,3,1
15120,2024,140000,1,1,1,3,1,3,1
15121,2024,259850,1,1,1,4,1,3,1
15122,2024,179200,1,1,1,4,1,3,1
15123,2024,127300,1,2,1,1,1,1,1
15124,2024,137871,2,1,1,1,1,2,1
15125,2024,247600,1,2,1,2,1,2,1
15126,2024,127300,1,2,1,2,1,2,1
15127,2024,139600,2,1,1,1,1,2,1
15128,2024,288400,1,1,1,4,1,2,1
15129,2024,144200,1,1,1,4,1,2,1
15130,2024,200300,1,1,1,2,1,2,1
15131,2024,151500,1,1,1,2,1,2,1
15132,2024,221630,1,1,1,1,1,2,1
15133,2024,199467,1,1,1,1,1,2,1
15134,2024,252000,2,1,1,1,1,2,1
15135,2024,320000,1,1,1,4,1,2,1
15136,2024,142500,2,1,1,2,1,2,1
15137,2024,178250,2,1,1,2,1,2,1
15138,2024,135097,1,1,1,2,1,2,1
15139,2024,93150,1,1,1,2,1,2,1
15140,2024,68850,1,1,1,2,1,2,1
15141,2024,73100,1,1,1,2,1,2,1
15142,2024,64600,1,1,1,3,1,2,1
15143,2024,153400,1,1,1,1,1,3,1
15144,2024,85000,2,1,1,1,1,3,1
15145,2024,400000,2,1,1,1,1,2,1
15146,2024,160100,2,1,1,1,1,2,1
15147,2024,258500,1,1,1,4,1,2,1
15148,2024,191857,1,1,1,4,1,2,1
15149,2024,93300,1,1,1,1,1,3,1
15150,2024,240000,2,1,1,2,1,2,1
15151,2024,153000,2,1,1,3,1,2,1
15152,2024,74300,1,1,1,2,1,2,1
15153,2024,146266,1,1,1,1,1,2,1
15154,2024,223100,1,1,1,2,1,3,1
15155,2024,126400,1,1,1,2,1,3,1
15156,2024,65400,1,1,1,3,1,2,1
15157,2024,148750,1,1,1,1,1,3,1
15158,2024,106100,1,1,1,1,1,2,1
15159,2024,74300,1,1,1,1,1,2,1
15160,2024,60080,1,1,1,3,1,2,1
15161,2024,57300,1,1,1,3,1,2,1
15162,2024,247500,1,1,1,1,1,3,1
15163,2024,172200,1,1,1,1,1,3,1
15164,2024,194500,1,1,1,2,1,2,1
15165,2024,181610,1,1,1,3,1,2,1
15166,2024,160700,2,1,1,1,1,2,1
15167,2024,87550,2,1,1,3,1,2,1
15168,2024,278800,1,1,1,1,1,2,1
15169,2024,449000,1,1,1,1,1,3,1
15170,2024,122328,1,1,1,3,1,2,1
15171,2024,71958,1,1,1,3,1,2,1
15172,2024,255000,2,1,1,1,1,3,1
15173,2024,176900,1,1,1,4,1,2,1
15174,2024,132500,1,1,1,3,1,2,1
15175,2024,111500,1,1,1,3,1,2,1
15176,2024,268700,1,1,1,1,1,2,1
15177,2024,130300,1,1,1,1,1,2,1
15178,2024,146000,2,1,1,2,1,2,1
15179,2024,160480,1,1,1,2,1,3,1
15180,2024,109920,1,1,1,2,1,3,1
15181,2024,146125,2,1,1,2,1,2,1
15182,2024,207600,1,1,1,2,1,2,1
15183,2024,138400,1,1,1,2,1,2,1
15184,2024,75700,1,1,1,3,1,2,1
15185,2024,331292,1,1,1,1,1,2,1
15186,2024,244868,1,1,1,1,1,2,1
15187,2024,720000,2,1,1,1,1,2,1
15188,2024,134900,1,1,1,1,1,2,1
15189,2024,252000,1,1,1,2,1,2,1
15190,2024,225000,1,1,1,4,1,3,1
15191,2024,278700,1,1,1,1,1,3,1
15192,2024,159300,1,1,1,1,1,3,1
15193,2024,178500,1,1,1,1,1,3,1
15194,2024,172400,1,1,1,2,1,2,1
15195,2024,157600,1,1,1,3,1,2,1
15196,2024,77400,1,1,1,1,1,1,1
15197,2024,115765,1,1,1,1,1,2,1
15198,2024,178250,2,1,1,1,1,3,1
15199,2024,105500,2,1,1,1,1,3,1
15200,2024,197011,2,1,1,1,1,3,1
15201,2024,115889,2,1,1,1,1,3,1
15202,2024,68000,1,1,1,4,1,2,1
15203,2024,243500,1,1,1,2,1,2,1
15204,2024,123765,2,1,1,1,1,1,1
15205,2024,85469,2,1,1,1,1,1,1
15206,2024,61800,2,1,1,2,1,2,1
15207,2024,242100,1,1,1,2,1,2,1
15208,2024,212500,1,1,1,1,1,3,1
15209,2024,119000,2,1,1,3,1,2,1
15210,2024,218213,1,1,1,2,1,1,1
15211,2024,328000,1,1,1,2,1,2,1
15212,2024,91000,3,2,1,1,1,2,1
15213,2024,219000,1,1,1,3,1,1,1
15214,2024,137100,1,1,1,3,1,2,1
15215,2024,304750,1,1,1,1,1,2,1
15216,2024,101200,1,1,1,3,1,1,1
15217,2024,181280,1,1,1,2,1,2,1
15218,2024,127500,2,1,1,2,1,2,1
15219,2024,169900,2,1,1,1,1,2,1
15220,2024,135920,2,1,1,1,1,2,1
15221,2024,180500,1,1,1,1,1,3,1
15222,2024,96200,1,1,1,1,1,3,1
15223,2024,170375,2,1,1,1,1,2,1
15224,2024,102500,2,1,1,1,1,2,1
15225,2024,68300,1,1,1,2,1,2,1
15226,2024,223100,2,1,1,2,1,3,1
15227,2024,126400,2,1,1,2,1,3,1
15228,2024,283800,2,1,1,1,1,2,1
15229,2024,198900,2,1,1,1,1,2,1
15230,2024,275000,2,1,1,1,1,2,1
15231,2024,82500,1,1,1,1,1,2,1
15232,2024,157500,2,1,1,1,1,2,1
15233,2024,132500,2,1,1,1,1,2,1
15234,2024,209943,1,1,1,1,1,2,1
15235,2024,155175,1,1,1,1,1,2,1
15236,2024,244800,1,1,1,1,1,2,1
15237,2024,600000,1,1,1,1,1,1,1
15238,2024,184180,1,1,1,3,1,2,1
15239,2024,500000,2,1,1,1,1,1,1
15240,2024,94700,1,1,1,2,1,2,1
15241,2024,166000,1,1,1,2,1,3,1
15242,2024,73100,1,1,1,2,1,3,1
15243,2024,93300,1,1,1,1,1,1,1
15244,2024,110500,1,1,1,3,1,2,1
15245,2024,107690,1,1,1,2,1,2,1
15246,2024,78300,1,1,1,2,1,2,1
15247,2024,131000,2,1,1,3,1,2,1
15248,2024,209309,1,1,1,4,1,2,1
15249,2024,168854,1,1,1,4,1,2,1
15250,2024,58400,1,1,1,3,1,1,1
15251,2024,333500,1,1,1,1,1,1,1
15252,2024,187500,1,1,1,3,1,3,1
15253,2024,99500,1,1,1,3,1,3,1
15254,2024,74400,2,1,1,3,1,2,1
15255,2024,75300,1,1,1,1,1,2,1
15256,2024,153200,2,1,1,1,1,2,1
15257,2024,102200,2,1,1,1,1,2,1
15258,2024,160000,2,1,1,2,1,3,1
15259,2024,265000,1,1,1,4,1,3,1
15260,2024,203800,1,1,1,4,1,3,1
15261,2024,345400,1,1,1,1,1,2,1
15262,2024,272700,1,1,1,1,1,2,1
15263,2024,111500,1,1,1,1,1,2,1
15264,2024,84105,1,1,1,3,1,2,1
15265,2024,76095,1,1,1,3,1,2,1
15266,2024,104603,1,1,1,1,1,2,1
15267,2024,279000,2,1,1,1,1,2,1
15268,2024,73756,1,1,1,3,1,2,1
15269,2024,61463,1,1,1,3,1,2,1
15270,2024,127660,1,1,1,2,1,2,1
15271,2024,68740,1,1,1,2,1,2,1
15272,2024,85500,2,1,1,3,1,2,1
15273,2024,185490,1,1,1,1,1,2,1
15274,2024,134530,1,1,1,1,1,2,1
15275,2024,210000,2,1,1,4,1,2,1
15276,2024,55720,2,1,1,1,1,2,1
15277,2024,50700,2,1,1,1,1,2,1
15278,2024,234000,2,1,1,1,1,3,1
15279,2024,150895,1,1,1,1,1,2,1
15280,2024,120715,1,1,1,1,1,2,1
15281,2024,195700,1,1,1,1,1,3,1
15282,2024,97700,1,1,1,1,1,3,1
15283,2024,52100,1,1,1,2,1,2,1
15284,2024,116000,2,1,1,3,1,1,1
15285,2024,79000,2,1,1,3,1,1,1
15286,2024,58300,1,1,1,2,1,2,1
15287,2024,359400,2,1,1,2,1,1,1
15288,2024,239600,2,1,1,2,1,1,1
15289,2024,324100,1,2,1,1,1,2,1
15290,2024,166700,1,2,1,1,1,2,1
15291,2024,243800,2,1,1,1,1,2,1
15292,2024,144200,2,1,1,1,1,2,1
15293,2024,289000,2,2,1,1,1,3,1
15294,2024,77826,2,1,1,2,1,2,1
15295,2024,59300,2,1,1,2,1,2,1
15296,2024,132100,2,1,1,1,1,2,1
15297,2024,96700,2,1,1,1,1,2,1
15298,2024,200800,1,1,1,1,1,3,1
15299,2024,107800,1,1,1,1,1,3,1
15300,2024,112715,1,1,1,1,1,2,1
15301,2024,92700,2,1,1,3,1,2,1
15302,2024,64900,2,1,1,3,1,2,1
15303,2024,80800,1,1,1,2,1,2,1
15304,2024,164845,1,1,1,1,1,2,1
15305,2024,119887,1,1,1,1,1,2,1
15306,2024,65800,1,2,1,2,1,2,1
15307,2024,202000,1,1,1,2,1,3,1
15308,2024,137000,1,1,1,2,1,3,1
15309,2024,132567,1,1,1,2,1,2,1
15310,2024,96412,1,1,1,2,1,2,1
15311,2024,191311,2,1,1,1,1,2,1
15312,2024,166358,2,1,1,1,1,2,1
15313,2024,218500,2,1,1,1,1,2,1
15314,2024,203000,1,1,1,1,1,3,1
15315,2024,142352,1,1,1,1,1,3,1
15316,2024,95325,1,1,1,1,1,3,1
15317,2024,60500,1,1,1,3,1,2,1
15318,2024,40300,1,1,1,3,1,2,1
15319,2024,152500,1,1,1,3,1,2,1
15320,2024,138200,1,1,1,3,1,2,1
15321,2024,136675,2,1,1,1,1,2,1
15322,2024,111648,2,1,1,1,1,2,1
15323,2024,246000,2,1,1,2,1,2,1
15324,2024,198000,2,1,1,3,1,1,1
15325,2024,115000,2,1,1,3,1,1,1
15326,2024,283780,1,1,1,1,1,2,1
15327,2024,117000,1,2,1,2,1,2,1
15328,2024,49900,1,1,1,2,1,2,1
15329,2024,203500,2,1,1,2,1,2,1
15330,2024,133000,2,1,1,2,1,2,1
15331,2024,51500,1,1,1,3,1,2,1
15332,2024,195600,2,1,1,2,1,2,1
15333,2024,165500,2,1,1,2,1,2,1
15334,2024,147670,1,1,1,1,1,2,1
15335,2024,118136,1,1,1,1,1,2,1
15336,2024,81536,1,1,1,1,1,2,1
15337,2024,51000,1,1,1,3,1,1,1
15338,2024,130400,1,1,1,3,1,3,1
15339,2024,74500,1,1,1,3,1,3,1
15340,2024,73100,1,1,1,1,1,2,1
15341,2024,138278,1,1,1,2,1,2,1
15342,2024,86424,1,1,1,2,1,2,1
15343,2024,99600,1,1,1,2,1,2,1
15344,2024,162240,1,1,1,3,1,2,1
15345,2024,47840,1,1,1,3,1,2,1
15346,2024,55751,1,1,1,3,1,2,1
15347,2024,257250,2,1,1,1,1,3,1
15348,2024,99750,2,1,1,1,1,3,1
15349,2024,93100,1,1,1,2,1,2,1
15350,2024,236400,1,1,1,1,1,2,1
15351,2024,141800,1,1,1,1,1,2,1
15352,2024,70800,2,1,1,1,1,2,1
15353,2024,79600,1,2,1,1,1,2,1
15354,2024,255475,2,1,1,1,1,2,1
15355,2024,185800,2,1,1,1,1,2,1
15356,2024,151800,1,1,1,2,1,3,1
15357,2024,157144,1,1,1,1,1,2,1
15358,2024,99445,1,1,1,1,1,2,1
15359,2024,152400,2,1,1,1,1,1,1
15360,2024,73700,2,1,1,1,1,1,1
15361,2024,176875,1,1,1,1,1,2,1
15362,2024,84750,1,1,1,1,1,2,1
15363,2024,177700,1,1,1,1,1,2,1
15364,2024,94700,1,1,1,1,1,2,1
15365,2024,258600,2,1,1,1,1,3,1
15366,2024,215500,2,1,1,1,1,3,1
15367,2024,59500,2,1,1,2,1,2,1
15368,2024,130916,1,1,1,3,1,2,1
15369,2024,235680,1,1,1,2,1,3,1
15370,2024,153040,1,1,1,2,1,3,1
15371,2024,123000,2,1,1,1,1,2,1
15372,2024,177000,2,1,1,2,1,2,1
15373,2024,81200,1,1,1,2,1,2,1
15374,2024,278700,1,1,1,1,1,1,1
15375,2024,106050,1,1,1,2,1,2,1
15376,2024,80420,1,1,1,2,1,2,1
15377,2024,145125,1,1,1,1,1,2,1
15378,2024,124875,1,1,1,1,1,2,1
15379,2024,290000,2,1,1,1,1,2,1
15380,2024,182000,2,1,1,1,1,3,1
15381,2024,164000,2,1,1,1,1,3,1
15382,2024,150800,1,1,1,1,1,2,1
15383,2024,100600,1,1,1,1,1,2,1
15384,2024,212500,1,1,1,4,1,2,1
15385,2024,163500,1,1,1,4,1,2,1
15386,2024,103275,2,1,1,1,1,2,1
15387,2024,257400,1,1,1,3,1,1,1
15388,2024,193500,1,1,1,3,1,1,1
15389,2024,285670,2,1,1,1,1,2,1
15390,2024,207760,2,1,1,1,1,2,1
15391,2024,100400,1,2,1,2,1,1,1
15392,2024,83200,2,1,1,3,1,1,1
15393,2024,45900,2,1,1,3,1,1,1
15394,2024,172800,1,1,1,3,1,1,1
15395,2024,144000,1,1,1,3,1,1,1
15396,2024,87999,1,1,1,3,1,2,1
15397,2024,70000,1,1,1,2,1,3,1
15398,2024,219600,1,1,1,1,1,2,1
15399,2024,258500,1,1,1,1,1,2,1
15400,2024,191857,1,1,1,1,1,2,1
15401,2024,123800,2,1,1,2,1,2,1
15402,2024,237600,2,1,1,1,1,2,1
15403,2024,229369,1,1,1,1,1,3,1
15404,2024,172200,2,1,1,1,1,2,1
15405,2024,530000,1,1,1,2,1,3,1
15406,2024,440000,1,1,1,2,1,3,1
15407,2024,313000,2,1,1,1,1,2,1
15408,2024,321000,2,1,1,1,1,1,1
15409,2024,214000,2,1,1,1,1,1,1
15410,2024,111510,2,1,1,3,1,2,1
15411,2024,141375,2,1,1,1,1,2,1
15412,2024,154818,1,1,1,3,1,2,1
15413,2024,96761,1,1,1,3,1,2,1
15414,2024,345400,1,1,1,1,1,3,1
15415,2024,223700,1,1,1,1,1,3,1
15416,2024,218185,2,1,1,1,1,2,1
15417,2024,158680,2,1,1,1,1,2,1
15418,2024,286500,1,1,1,4,1,2,1
15419,2024,385000,1,1,1,1,1,3,1
15420,2024,149800,2,1,1,1,1,3,1
15421,2024,140400,2,1,1,2,1,2,1
15422,2024,150000,2,2,1,4,1,2,1
15423,2024,287500,1,1,1,1,1,2,1
15424,2024,179700,1,1,1,2,1,3,1
15425,2024,93300,1,1,1,2,1,1,1
15426,2024,204500,1,1,1,4,1,2,1
15427,2024,95000,2,1,1,2,1,3,1
15428,2024,154800,1,1,1,3,1,2,1
15429,2024,76300,1,1,1,3,1,2,1
15430,2024,197500,1,1,1,1,1,3,1
15431,2024,132500,1,1,1,1,1,3,1
15432,2024,219100,2,1,1,1,1,3,1
15433,2024,118500,2,1,1,1,1,3,1
15434,2024,75065,2,1,1,3,1,2,1
15435,2024,41419,2,1,1,3,1,2,1
15436,2024,51375,1,1,1,3,1,2,1
15437,2024,267100,1,1,1,2,1,2,1
15438,2024,270250,1,1,1,2,1,2,1
15439,2024,133903,2,1,1,2,1,3,1
15440,2024,96411,2,1,1,2,1,3,1
15441,2024,132900,1,1,1,1,1,2,1
15442,2024,149500,2,1,1,1,1,2,1
15443,2024,274000,2,1,1,1,1,3,1
15444,2024,263000,1,1,1,2,1,2,1
15445,2024,154100,1,1,1,1,1,2,1
15446,2024,84068,1,1,1,3,1,1,1
15447,2024,49452,1,1,1,3,1,1,1
15448,2024,179900,1,1,1,2,1,2,1
15449,2024,142002,1,1,1,2,1,2,1
15450,2024,287500,1,1,1,1,1,3,1
15451,2024,145580,2,1,1,2,1,2,1
15452,2024,97060,2,1,1,2,1,2,1
15453,2024,177100,1,1,1,2,1,3,1
15454,2024,130900,1,1,1,2,1,3,1
15455,2024,58400,1,1,1,2,1,2,1
15456,2024,166363,1,1,1,2,1,2,1
15457,2024,103977,1,1,1,2,1,2,1
15458,2024,90279,1,1,1,2,1,2,1
15459,2024,67060,1,1,1,2,1,2,1
15460,2024,190100,2,1,1,1,1,2,1
15461,2024,215500,1,1,1,2,1,2,1
15462,2024,164850,2,1,1,2,1,2,1
15463,2024,220000,2,1,1,1,1,6,1
15464,2024,183000,2,1,1,1,1,6,1
15465,2024,123700,1,2,1,1,1,2,1
15466,2024,179900,2,1,1,1,1,2,1
15467,2024,86900,1,1,1,3,1,2,1
15468,2024,60800,1,1,1,3,1,2,1
15469,2024,161250,2,1,1,2,1,2,1
15470,2024,132974,2,1,1,2,1,2,1
15471,2024,177000,1,1,1,1,1,3,1
15472,2024,448000,2,1,1,4,1,3,1
15473,2024,373000,2,1,1,4,1,3,1
15474,2024,195500,2,1,1,1,1,3,1
15475,2024,141300,2,1,1,1,1,3,1
15476,2024,191027,1,1,1,1,1,2,1
15477,2024,110400,1,1,1,3,1,2,1
15478,2024,438000,1,1,1,4,1,3,1
15479,2024,245000,1,1,1,4,1,3,1
15480,2024,340000,2,1,1,1,1,1,1
15481,2024,77000,2,1,1,3,1,2,1
15482,2024,66000,2,1,1,3,1,2,1
15483,2024,105301,2,1,1,1,1,3,1
15484,2024,206000,2,1,1,2,1,2,1
15485,2024,263000,1,1,1,4,1,2,1
15486,2024,236000,1,1,1,4,1,2,1
15487,2024,79300,1,1,1,3,1,1,1
15488,2024,42700,1,1,1,3,1,1,1
15489,2024,72500,1,1,1,1,1,2,1
15490,2024,172100,1,1,1,2,1,2,1
15491,2024,97400,1,1,1,2,1,2,1
15492,2024,104922,1,1,1,2,1,2,1
15493,2024,72360,1,1,1,2,1,2,1
15494,2024,90800,1,1,1,2,1,2,1
15495,2024,115500,2,1,1,1,1,2,1
15496,2024,484000,2,1,1,1,1,1,1
15497,2024,144650,1,1,1,2,1,2,1
15498,2024,86800,1,1,1,2,1,2,1
15499,2024,146851,1,1,1,2,1,2,1
15500,2024,342400,1,1,1,1,1,2,1
15501,2024,205400,1,1,1,1,1,2,1
15502,2024,218750,1,1,1,1,1,2,1
15503,2024,325000,1,1,1,2,1,2,1
15504,2024,210100,1,1,1,2,1,2,1
15505,2024,171816,1,1,1,2,1,2,1
15506,2024,97935,1,1,1,2,1,2,1
15507,2024,127000,2,1,1,2,1,2,1
15508,2024,157850,2,1,1,1,1,2,1
15509,2024,128945,2,1,1,1,1,2,1
15510,2024,220067,2,1,1,1,1,3,1
15511,2024,135549,2,1,1,1,1,3,1
15512,2024,198000,2,1,1,1,1,3,1
15513,2024,132000,2,1,1,1,1,3,1
15514,2024,145400,1,1,1,2,1,2,1
15515,2024,148300,1,1,1,1,1,2,1
15516,2024,191027,1,1,1,1,3,2,1
15517,2024,120869,1,1,1,1,3,2,1
15518,2024,270250,1,1,1,1,1,2,1
15519,2024,50000,1,1,1,3,3,2,1
15520,2024,48000,1,1,1,3,3,2,1
15521,2024,382320,1,1,1,1,1,1,1
15522,2024,302840,1,1,1,1,1,1,1
15523,2024,144700,2,1,1,1,1,2,1
15524,2024,96500,2,1,1,1,1,2,1
15525,2024,209700,1,1,1,4,1,3,1
15526,2024,161300,1,1,1,4,1,3,1
15527,2024,254270,1,1,1,3,1,1,1
15528,2024,108750,1,1,1,2,1,2,1
15529,2024,200000,2,2,1,2,1,3,1
15530,2024,100000,2,2,1,2,1,3,1
15531,2024,195500,2,1,1,1,1,1,1
15532,2024,141300,2,1,1,1,1,1,1
15533,2024,64200,1,1,1,1,1,2,1
15534,2024,124230,1,1,1,2,1,2,1
15535,2024,68637,1,1,1,2,1,2,1
15536,2024,247000,1,1,1,4,1,2,1
15537,2024,134500,1,1,1,2,1,2,1
15538,2024,323300,1,1,1,1,1,1,1
15539,2024,93000,1,1,1,3,2,2,1
15540,2024,45400,1,1,1,3,2,2,1
15541,2024,144200,1,1,1,3,1,2,1
15542,2024,145100,1,1,1,2,1,2,1
15543,2024,93900,1,1,1,2,1,2,1
15544,2024,154360,1,1,1,1,1,2,1
15545,2024,156400,1,1,1,1,1,2,1
15546,2024,300000,2,1,1,1,1,3,1
15547,2024,262269,2,1,1,1,1,3,1
15548,2024,230797,2,1,1,1,1,3,1
15549,2024,126667,1,1,1,1,1,2,1
15550,2024,750000,1,1,1,2,1,3,1
15551,2024,139700,1,1,1,1,1,2,1
15552,2024,78575,1,1,1,2,1,2,1
15553,2024,165100,1,1,1,2,1,2,1
15554,2024,414000,1,1,1,1,1,3,1
15555,2024,106875,1,1,1,3,1,2,1
15556,2024,162240,1,1,1,3,1,3,1
15557,2024,47840,1,1,1,3,1,3,1
15558,2024,122900,1,1,1,1,1,3,1
15559,2024,307100,2,1,1,1,1,3,1
15560,2024,216800,2,1,1,1,1,3,1
15561,2024,165000,2,1,1,2,1,3,1
15562,2024,140250,2,1,1,2,1,3,1
15563,2024,194992,2,1,1,1,1,2,1
15564,2024,154000,1,1,1,3,1,2,1
15565,2024,278700,1,1,1,1,1,2,1
15566,2024,159300,1,1,1,1,1,2,1
15567,2024,106960,1,1,1,3,1,2,1
15568,2024,66820,1,1,1,3,1,2,1
15569,2024,157900,1,1,1,2,1,1,1
15570,2024,128900,1,1,1,2,1,1,1
15571,2024,258450,1,1,1,1,1,3,1
15572,2024,124935,1,1,1,2,1,2,1
15573,2024,76050,1,1,1,2,1,2,1
15574,2024,90100,1,1,1,2,1,2,1
15575,2024,198000,1,1,1,2,1,3,1
15576,2024,114800,1,1,1,2,1,3,1
15577,2024,133000,1,1,1,3,2,2,1
15578,2024,58400,1,1,1,3,2,2,1
15579,2024,204300,1,1,1,1,1,2,1
15580,2024,141300,2,1,1,2,1,1,1
15581,2024,192500,2,1,1,2,1,2,1
15582,2024,51175,1,1,1,2,1,2,1
15583,2024,94415,1,1,1,2,1,2,1
15584,2024,69785,1,1,1,2,1,2,1
15585,2024,184800,1,1,1,2,1,1,1
15586,2024,171240,1,1,1,2,1,2,1
15587,2024,81960,1,1,1,2,1,2,1
15588,2024,65750,1,1,1,3,1,2,1
15589,2024,324000,2,1,1,1,1,2,1
15590,2024,116500,1,1,1,1,1,2,1
15591,2024,133650,2,1,1,1,1,2,1
15592,2024,68150,2,1,1,1,1,2,1
15593,2024,224100,1,1,1,1,1,2,1
15594,2024,144200,2,1,1,2,1,2,1
15595,2024,72100,2,1,1,2,1,2,1
15596,2024,68400,1,1,1,1,1,2,1
15597,2024,94625,2,1,1,2,1,2,1
15598,2024,57500,2,1,1,2,1,2,1
15599,2024,107755,2,1,1,2,1,2,1
15600,2024,79645,2,1,1,2,1,2,1
15601,2024,132600,1,1,1,1,1,3,1
15602,2024,185400,2,1,1,1,1,2,1
15603,2024,92700,2,1,1,1,1,2,1
15604,2024,254400,1,1,1,1,1,3,1
15605,2024,190196,1,1,1,1,1,2,1
15606,2024,155615,1,1,1,1,1,2,1
15607,2024,418000,2,1,1,1,1,3,1
15608,2024,141000,2,1,1,1,1,3,1
15609,2024,105646,1,1,1,2,1,2,1
15610,2024,251000,1,1,1,1,1,3,1
15611,2024,106800,1,1,1,2,1,2,1
15612,2024,134200,2,1,1,1,1,2,1
15613,2024,94800,2,1,1,1,1,2,1
15614,2024,148594,1,1,1,1,1,3,1
15615,2024,120000,2,1,1,4,1,2,1
15616,2024,96000,2,1,1,4,1,2,1
15617,2024,103000,2,1,1,3,1,2,1
15618,2024,168000,2,1,1,2,1,2,1
15619,2023,110000,2,2,1,1,1,2,1
15620,2024,237600,1,1,1,1,1,2,1
15621,2024,187500,1,1,1,1,1,2,1
15622,2024,74000,1,1,1,3,1,1,1
15623,2024,140726,1,1,1,1,1,2,1
15624,2024,107197,1,1,1,1,1,2,1
15625,2024,226844,1,1,1,2,1,2,1
15626,2024,120672,1,1,1,2,1,2,1
15627,2024,124935,2,1,1,2,1,2,1
15628,2024,76050,2,1,1,2,1,2,1
15629,2024,296980,1,1,1,1,1,2,1
15630,2024,123740,1,1,1,1,1,2,1
15631,2024,133504,1,1,1,1,1,2,1
15632,2024,83576,1,1,1,1,1,2,1
15633,2024,106050,1,1,1,2,1,3,1
15634,2024,80420,1,1,1,2,1,3,1
15635,2024,227700,2,1,1,1,1,3,1
15636,2024,326000,2,1,1,4,1,2,1
15637,2024,237500,2,1,1,4,1,2,1
15638,2024,113500,2,1,1,2,1,2,1
15639,2024,96475,2,1,1,2,1,2,1
15640,2024,164640,1,1,1,1,1,2,1
15641,2024,131712,1,1,1,1,1,2,1
15642,2024,290000,2,1,1,4,1,2,1
15643,2024,207000,2,1,1,4,1,2,1
15644,2024,240960,1,1,1,2,1,3,1
15645,2024,200800,1,1,1,2,1,3,1
15646,2024,212000,1,1,1,4,1,2,1
15647,2024,381500,1,1,1,4,1,2,1
15648,2024,179000,1,1,1,4,1,2,1
15649,2024,112000,1,1,1,4,1,2,1
15650,2024,123600,2,1,1,2,1,2,1
15651,2024,79900,2,1,1,2,1,2,1
15652,2024,365100,1,1,1,1,1,3,1
15653,2024,260800,1,1,1,1,1,3,1
15654,2024,260100,2,1,1,3,1,3,1
15655,2024,185800,2,1,1,3,1,3,1
15656,2024,180700,1,1,1,3,1,2,1
15657,2024,144650,1,1,1,3,1,2,1
15658,2024,272400,1,1,1,1,1,2,1
15659,2024,155600,1,1,1,1,1,2,1
15660,2024,303400,1,1,1,1,1,3,1
15661,2024,216700,1,1,1,1,1,3,1
15662,2024,184900,2,1,1,1,1,3,1
15663,2024,148100,2,1,1,2,1,2,1
15664,2024,98700,2,1,1,2,1,2,1
15665,2024,140032,2,1,1,1,1,2,1
15666,2024,100022,2,1,1,1,1,2,1
15667,2024,87800,1,1,1,2,1,2,1
15668,2024,204662,1,1,1,1,1,2,1
15669,2024,184662,1,1,1,1,1,2,1
15670,2024,129600,2,1,1,2,1,2,1
15671,2024,126900,1,1,1,2,1,2,1
15672,2024,175520,1,1,1,1,1,2,1
15673,2024,103786,1,1,1,1,1,2,1
15674,2024,170400,2,1,1,2,1,2,1
15675,2024,106500,2,1,1,2,1,2,1
15676,2024,173400,1,1,1,2,1,3,1
15677,2024,99100,1,1,1,2,1,3,1
15678,2024,323700,2,1,1,4,1,2,1
15679,2024,190500,2,1,1,4,1,2,1
15680,2024,166700,2,1,1,1,1,3,1
15681,2024,260000,3,2,1,4,1,2,1
15682,2024,246100,1,1,1,4,1,2,1
15683,2024,181900,1,1,1,4,1,2,1
15684,2024,91000,1,1,1,3,1,3,1
15685,2024,177500,1,1,1,4,1,2,1
15686,2024,117500,1,1,1,4,1,2,1
15687,2024,258720,1,1,1,1,1,2,1
15688,2024,170200,1,1,1,2,1,3,1
15689,2024,83900,1,1,1,2,1,3,1
15690,2024,131600,1,1,1,2,1,2,1
15691,2024,134600,1,1,1,2,1,2,1
15692,2024,263500,2,1,1,1,1,3,1
15693,2024,189360,2,1,1,1,1,3,1
15694,2024,218213,2,1,1,1,1,2,1
15695,2024,118600,1,1,1,2,1,1,1
15696,2024,198800,1,1,1,2,1,2,1
15697,2024,90700,1,1,1,2,1,2,1
15698,2024,240960,1,1,1,2,1,1,1
15699,2024,53300,1,1,1,1,1,2,1
15700,2024,240960,1,1,1,1,1,1,1
15701,2024,261050,1,1,1,1,1,2,1
15702,2024,76300,1,1,1,1,1,2,1
15703,2024,414000,1,1,1,1,1,2,1
15704,2024,134160,1,1,1,2,1,2,1
15705,2024,72240,1,1,1,2,1,2,1
15706,2024,42400,1,1,1,2,1,2,1
15707,2024,381500,1,1,1,1,1,2,1
15708,2024,107800,1,1,1,2,1,2,1
15709,2024,94100,1,1,1,1,1,2,1
15710,2024,218000,1,1,1,2,1,2,1
15711,2024,152600,1,1,1,2,1,2,1
15712,2024,136197,1,1,1,1,1,2,1
15713,2024,116550,1,1,1,2,1,2,1
15714,2024,190600,2,1,1,1,1,2,1
15715,2024,94400,2,1,1,1,1,2,1
15716,2024,140130,1,1,1,1,1,2,1
15717,2024,84870,1,1,1,1,1,2,1
15718,2024,117750,1,1,1,2,1,2,1
15719,2024,70650,1,1,1,2,1,2,1
15720,2024,72600,1,1,1,1,1,2,1
15721,2024,198650,1,1,1,1,1,3,1
15722,2024,81713,2,1,1,2,1,2,1
15723,2024,48067,2,1,1,2,1,2,1
15724,2024,68195,1,1,1,1,1,2,1
15725,2024,129118,1,1,1,2,1,2,1
15726,2024,86078,1,1,1,2,1,2,1
15727,2024,237000,2,1,1,2,1,2,1
15728,2024,201450,2,1,1,2,1,2,1
15729,2024,317000,1,1,1,1,1,3,1
15730,2024,68088,1,1,1,2,1,2,1
15731,2024,54552,1,1,1,2,1,2,1
15732,2024,116013,1,1,1,3,1,2,1
15733,2024,92810,1,1,1,3,1,2,1
15734,2024,118300,1,1,1,1,1,2,1
15735,2024,308000,1,1,1,2,1,2,1
15736,2024,126480,1,1,1,1,1,2,1
15737,2024,82620,1,1,1,1,1,2,1
15738,2024,140025,2,1,1,2,1,2,1
15739,2024,102300,2,1,1,2,1,2,1
15740,2024,81500,2,1,1,2,1,1,1
15741,2024,106875,1,1,1,1,1,2,1
15742,2024,71250,1,1,1,1,1,2,1
15743,2024,245000,2,1,1,2,1,2,1
15744,2024,144138,1,1,1,1,1,2,1
15745,2024,104828,1,1,1,1,1,2,1
15746,2024,161875,1,1,1,2,1,2,1
15747,2024,97125,1,1,1,2,1,2,1
15748,2024,135450,2,1,1,2,1,2,1
15749,2024,72870,2,1,1,2,1,2,1
15750,2024,237200,1,1,1,1,1,2,1
15751,2024,146800,1,1,1,1,1,2,1
15752,2024,310000,1,1,1,2,1,2,1
15753,2024,234200,1,1,1,1,1,2,1
15754,2024,153700,2,1,1,2,1,2,1
15755,2024,87300,2,1,1,2,1,2,1
15756,2024,162000,2,1,1,2,1,2,1
15757,2024,120000,2,1,1,3,1,1,1
15758,2024,105000,2,1,1,3,1,1,1
15759,2024,158494,2,1,1,1,1,2,1
15760,2024,88052,2,1,1,1,1,2,1
15761,2024,195500,2,1,1,1,1,2,1
15762,2024,141300,2,1,1,1,1,2,1
15763,2024,139810,1,1,1,1,1,2,1
15764,2024,95325,1,1,1,1,1,2,1
15765,2023,258700,1,1,1,1,1,2,1
15766,2023,146600,1,1,1,1,1,2,1
15767,2023,190000,2,1,1,2,1,2,1
15768,2023,160000,2,1,1,2,1,2,1
15769,2023,90000,2,1,1,3,1,1,1
15770,2023,65000,2,1,1,3,1,1,1
15771,2023,130000,2,1,1,2,1,2,1
15772,2023,85000,1,1,1,2,1,2,1
15773,2023,65000,1,1,1,2,1,2,1
15774,2023,143800,1,1,1,1,1,2,1
15775,2023,95800,1,1,1,1,1,2,1
15776,2023,166000,1,1,1,2,1,3,1
15777,2023,73100,1,1,1,2,1,3,1
15778,2023,114000,1,1,1,2,1,2,1
15779,2023,72000,1,1,1,2,1,2,1
15780,2023,102500,1,1,1,2,1,2,1
15781,2023,258700,1,1,1,1,1,3,1
15782,2023,160000,1,1,1,1,1,3,1
15783,2023,203649,2,1,1,1,1,2,1
15784,2023,183284,2,1,1,1,1,2,1
15785,2023,81800,1,1,1,2,1,2,1
15786,2023,70800,1,1,1,2,1,2,1
15787,2023,130000,1,1,1,1,1,2,1
15788,2023,80850,1,1,1,1,1,2,1
15789,2023,215000,1,1,1,1,1,3,1
15790,2023,146900,1,1,1,1,1,3,1
15791,2023,242000,1,1,1,1,1,2,1
15792,2023,106200,1,1,1,1,1,2,1
15793,2023,165000,1,1,1,2,1,3,1
15794,2023,135000,1,1,1,2,1,3,1
15795,2023,75065,2,1,1,3,1,2,1
15796,2023,41419,2,1,1,3,1,2,1
15797,2023,145000,2,1,1,1,1,2,1
15798,2023,120000,2,1,1,1,1,2,1
15799,2023,184000,1,1,1,1,1,3,1
15800,2023,112000,1,1,1,1,1,3,1
15801,2023,275000,1,1,1,1,1,3,1
15802,2023,170000,1,1,1,1,1,3,1
15803,2023,100000,1,1,1,3,1,2,1
15804,2023,70000,1,1,1,3,1,2,1
15805,2023,135700,1,1,1,2,1,2,1
15806,2023,108560,1,1,1,2,1,2,1
15807,2023,300000,1,1,1,1,1,1,1
15808,2023,180000,1,1,1,1,1,1,1
15809,2023,189000,2,1,1,1,1,2,1
15810,2023,118100,2,1,1,1,1,2,1
15811,2023,148300,1,1,1,1,1,2,1
15812,2023,84700,1,1,1,1,1,2,1
15813,2023,149925,1,1,1,2,1,2,1
15814,2023,91260,1,1,1,2,1,2,1
15815,2023,277000,1,1,1,1,1,2,1
15816,2023,173000,1,1,1,1,1,2,1
15817,2023,250900,1,1,1,1,1,2,1
15818,2023,135200,1,1,1,1,1,2,1
15819,2023,187415,1,1,1,1,1,2,1
15820,2023,114080,1,1,1,1,1,2,1
15821,2023,220000,1,1,1,2,1,2,1
15822,2023,137500,1,1,1,2,1,2,1
15823,2023,119000,1,1,1,2,1,2,1
15824,2023,52100,1,1,1,2,1,2,1
15825,2023,102000,2,1,1,1,1,2,1
15826,2023,64000,1,1,1,3,1,2,1
15827,2023,60000,1,1,1,3,1,2,1
15828,2023,179000,1,1,1,2,1,2,1
15829,2023,112000,1,1,1,2,1,2,1
15830,2023,65000,1,1,1,3,1,2,1
15831,2023,54000,1,1,1,3,1,2,1
15832,2023,250000,1,1,1,1,1,3,1
15833,2023,140000,1,1,1,1,1,3,1
15834,2023,113800,1,1,1,3,1,2,1
15835,2023,63200,1,1,1,3,1,2,1
15836,2023,210000,1,1,1,1,1,2,1
15837,2023,160000,1,1,1,1,1,2,1
15838,2023,170000,1,1,1,2,1,2,1
15839,2023,130000,1,1,1,2,1,2,1
15840,2023,247600,1,2,1,1,1,1,1
15841,2023,127300,1,2,1,1,1,1,1
15842,2023,125000,1,1,1,2,1,3,1
15843,2023,100000,1,1,1,2,1,3,1
15844,2023,140000,1,1,1,1,1,2,1
15845,2023,247300,1,1,1,1,1,2,1
15846,2023,139700,1,1,1,1,1,2,1
15847,2023,192000,2,1,1,1,1,2,1
15848,2023,138240,2,1,1,1,1,2,1
15849,2023,170000,1,1,1,1,1,2,1
15850,2023,100000,2,1,1,1,1,2,1
15851,2023,90000,2,1,1,1,1,2,1
15852,2023,170000,2,1,1,1,1,2,1
15853,2023,130000,2,1,1,1,1,2,1
15854,2023,186000,1,1,1,2,1,2,1
15855,2023,166000,1,1,1,1,1,2,1
15856,2023,73100,1,1,1,1,1,2,1
15857,2023,115950,1,1,1,2,1,2,1
15858,2023,69570,1,1,1,2,1,2,1
15859,2023,142300,1,1,1,1,1,2,1
15860,2023,71200,1,1,1,1,1,2,1
15861,2023,106500,1,1,1,2,1,2,1
15862,2023,119200,2,1,1,1,1,2,1
15863,2023,86600,2,1,1,1,1,2,1
15864,2023,140544,2,1,1,1,1,2,1
15865,2023,82673,2,1,1,1,1,2,1
15866,2023,108350,1,1,1,1,1,2,1
15867,2023,78800,1,1,1,1,1,2,1
15868,2023,162540,1,1,1,1,1,2,1
15869,2023,87570,1,1,1,1,1,2,1
15870,2023,213600,1,1,1,1,1,2,1
15871,2023,103200,1,1,1,1,1,2,1
15872,2023,140000,1,1,1,2,1,2,1
15873,2023,90000,1,1,1,2,1,2,1
15874,2023,212000,1,1,1,2,1,2,1
15875,2023,93300,1,1,1,2,1,2,1
15876,2023,222200,1,2,1,2,1,2,1
15877,2023,136000,1,2,1,2,1,2,1
15878,2023,157000,2,1,1,2,1,2,1
15879,2023,144000,2,1,1,2,1,2,1
15880,2023,179000,1,1,1,1,1,2,1
15881,2023,112000,1,1,1,1,1,2,1
15882,2023,221300,2,1,1,1,1,2,1
15883,2023,147500,2,1,1,1,1,2,1
15884,2023,116000,1,1,1,1,1,2,1
15885,2023,90000,1,1,1,1,1,2,1
15886,2023,130400,1,1,1,2,1,2,1
15887,2023,74500,1,1,1,2,1,2,1
15888,2023,120000,1,1,1,1,1,2,1
15889,2023,100000,1,1,1,1,1,2,1
15890,2023,247500,1,1,1,1,1,3,1
15891,2023,172200,1,1,1,1,1,3,1
15892,2023,260000,1,1,1,1,1,1,1
15893,2023,230000,1,1,1,1,1,1,1
15894,2023,110000,2,1,1,1,1,2,1
15895,2023,110000,1,1,1,2,1,2,1
15896,2023,310000,1,1,1,2,1,2,1
15897,2023,245000,1,1,1,2,1,2,1
15898,2023,210000,1,1,1,2,1,1,1
15899,2023,160000,1,1,1,2,1,1,1
15900,2023,75000,1,1,1,2,1,2,1
15901,2023,280000,1,1,1,1,1,3,1
15902,2023,196000,1,1,1,1,1,3,1
15903,2023,212000,1,1,1,2,1,3,1
15904,2023,93300,1,1,1,2,1,3,1
15905,2023,230000,2,1,1,1,1,2,1
15906,2023,115000,2,1,1,1,1,2,1
15907,2023,70000,1,1,1,2,1,2,1
15908,2023,233500,1,1,1,1,1,3,1
15909,2023,137500,1,1,1,1,1,3,1
15910,2023,166000,1,1,1,2,1,2,1
15911,2023,73100,1,1,1,2,1,2,1
15912,2023,176875,1,1,1,1,1,2,1
15913,2023,84750,1,1,1,1,1,2,1
15914,2023,251250,1,1,1,1,1,2,1
15915,2023,120750,1,1,1,1,1,2,1
15916,2023,106050,1,1,1,2,1,2,1
15917,2023,80420,1,1,1,2,1,2,1
15918,2023,120000,1,1,1,2,1,2,1
15919,2023,147400,1,1,1,2,1,2,1
15920,2023,107682,1,1,1,2,1,2,1
15921,2023,95000,2,1,1,1,1,2,1
15922,2023,80000,1,1,1,3,1,1,1
15923,2023,50000,1,1,1,3,1,1,1
15924,2023,175000,2,1,1,1,1,1,1
15925,2023,150000,2,1,1,1,1,1,1
15926,2023,178600,1,1,1,1,1,2,1
15927,2023,67200,1,1,1,1,1,2,1
15928,2023,118750,1,1,1,3,1,2,1
15929,2023,106875,1,1,1,3,1,2,1
15930,2023,186000,1,1,1,1,1,2,1
15931,2023,81800,1,1,1,1,1,2,1
15932,2023,142000,1,1,1,2,1,2,1
15933,2023,128000,1,1,1,2,1,2,1
15934,2023,140130,1,1,1,1,1,2,1
15935,2023,84870,1,1,1,1,1,2,1
15936,2023,262000,1,1,1,1,1,3,1
15937,2023,186000,1,1,1,1,1,3,1
15938,2023,58500,1,1,1,2,1,2,1
15939,2023,93918,1,1,1,1,1,2,1
15940,2023,51962,1,1,1,1,1,2,1
15941,2023,100000,1,1,1,2,1,2,1
15942,2023,291500,1,1,1,1,1,3,1
15943,2023,180200,1,1,1,1,1,3,1
15944,2023,255800,1,1,1,1,1,3,1
15945,2023,170600,1,1,1,1,1,3,1
15946,2023,146850,1,1,1,1,1,2,1
15947,2023,106800,1,1,1,1,1,2,1
15948,2023,200000,1,1,1,2,1,2,1
15949,2023,117000,1,1,1,2,1,2,1
15950,2023,151700,1,2,1,2,1,2,1
15951,2023,63000,1,2,1,2,1,2,1
15952,2023,239900,2,1,1,1,1,2,1
15953,2023,159900,2,1,1,1,1,2,1
15954,2023,162240,1,1,1,3,1,2,1
15955,2023,47840,1,1,1,3,1,2,1
15956,2023,130410,1,1,1,1,1,2,1
15957,2023,92000,1,1,1,1,1,2,1
15958,2023,270250,1,1,1,1,1,2,1
15959,2023,144000,1,1,1,1,1,2,1
15960,2023,92000,1,1,1,2,1,2,1
15961,2023,69000,1,1,1,2,1,2,1
15962,2023,184800,1,1,1,1,1,1,1
15963,2023,107100,1,1,1,1,1,1,1
15964,2023,333500,1,1,1,1,1,2,1
15965,2023,176000,1,1,1,1,1,2,1
15966,2023,257400,1,1,1,1,1,2,1
15967,2023,138600,1,1,1,1,1,2,1
15968,2023,242100,1,1,1,2,1,2,1
15969,2023,116200,1,1,1,2,1,2,1
15970,2023,210000,1,1,1,1,1,1,1
15971,2023,114300,1,1,1,1,1,2,1
15972,2023,89600,1,1,1,1,1,2,1
15973,2023,85000,1,1,1,3,1,2,1
15974,2023,266875,1,1,1,1,1,3,1
15975,2023,128250,1,1,1,1,1,3,1
15976,2023,280000,1,1,1,2,1,2,1
15977,2023,180000,1,1,1,2,1,2,1
15978,2023,178492,2,1,1,1,1,2,1
15979,2023,89246,2,1,1,1,1,2,1
15980,2023,245000,2,1,1,1,1,2,1
15981,2023,150000,2,1,1,1,1,2,1
15982,2023,155000,1,1,1,1,1,2,1
15983,2023,145000,1,1,1,1,1,2,1
15984,2023,165000,2,1,1,1,1,3,1
15985,2023,130000,2,1,1,1,1,3,1
15986,2023,280889,1,1,1,1,1,2,1
15987,2023,187259,1,1,1,1,1,2,1
15988,2023,120000,2,1,1,2,1,2,1
15989,2023,185000,2,1,1,2,1,2,1
15990,2023,125000,2,1,1,2,1,2,1
15991,2023,196900,2,1,1,1,1,2,1
15992,2023,186700,2,1,1,1,1,2,1
15993,2023,260000,1,1,1,1,1,2,1
15994,2023,192000,1,1,1,1,1,2,1
15995,2023,205600,1,2,1,2,1,2,1
15996,2023,105700,1,2,1,2,1,2,1
15997,2023,230000,1,1,1,1,1,3,1
15998,2023,149800,1,1,1,3,1,2,1
15999,2023,85600,1,1,1,3,1,2,1
16000,2023,218000,1,1,1,1,1,2,1
16001,2023,152600,1,1,1,1,1,2,1
16002,2023,185000,1,1,1,2,1,2,1
16003,2023,165000,1,1,1,2,1,2,1
16004,2023,224880,1,1,1,1,1,3,1
16005,2023,121500,1,1,1,1,1,3,1
16006,2023,129000,1,1,1,1,1,2,1
16007,2023,46200,1,1,1,1,1,2,1
16008,2023,272400,1,1,1,1,1,2,1
16009,2023,155600,1,1,1,1,1,2,1
16010,2023,750000,1,1,1,2,1,3,1
16011,2023,150000,1,1,1,2,1,3,1
16012,2023,115000,1,1,1,3,1,2,1
16013,2023,95000,1,1,1,3,1,2,1
16014,2023,351000,1,1,1,1,1,6,1
16015,2023,171000,1,1,1,1,1,6,1
16016,2023,272000,1,1,1,1,1,2,1
16017,2023,158000,1,1,1,1,1,2,1
16018,2023,135000,2,1,1,1,1,2,1
16019,2023,125000,2,1,1,1,1,2,1
16020,2023,80000,1,1,1,2,1,2,1
16021,2023,270000,2,1,1,1,1,3,1
16022,2023,232200,2,1,1,1,1,3,1
16023,2023,107000,2,1,1,2,1,2,1
16024,2023,87300,2,1,1,2,1,2,1
16025,2023,85000,2,1,1,2,1,2,1
16026,2023,61800,2,1,1,2,1,2,1
16027,2023,300000,2,1,1,1,1,2,1
16028,2023,195000,2,1,1,1,1,2,1
16029,2023,204500,1,1,1,1,1,3,1
16030,2023,142200,1,1,1,1,1,3,1
16031,2023,107500,1,1,1,2,1,2,1
16032,2023,96750,1,1,1,2,1,2,1
16033,2023,153800,2,1,1,2,1,2,1
16034,2023,96000,2,1,1,2,1,2,1
16035,2023,204500,1,1,1,1,1,2,1
16036,2023,142200,1,1,1,1,1,2,1
16037,2023,190100,2,1,1,1,1,2,1
16038,2023,131414,2,1,1,1,1,2,1
16039,2023,195500,2,1,1,1,1,1,1
16040,2023,141300,2,1,1,1,1,1,1
16041,2023,165500,2,1,1,1,1,1,1
16042,2023,119600,2,1,1,1,1,1,1
16043,2023,235000,2,1,1,1,1,1,1
16044,2023,169900,2,1,1,1,1,1,1
16045,2023,235000,2,1,1,2,1,2,1
16046,2023,169900,2,1,1,2,1,2,1
16047,2023,200000,1,1,1,1,1,3,1
16048,2023,135000,1,1,1,1,1,3,1
16049,2023,210000,2,1,1,1,1,2,1
16050,2023,151800,2,1,1,1,1,2,1
16051,2023,215500,2,1,1,1,1,2,1
16052,2023,155800,2,1,1,1,1,2,1
16053,2023,305600,1,1,1,1,1,2,1
16054,2023,188200,1,1,1,1,1,2,1
16055,2023,180500,1,1,1,1,1,2,1
16056,2023,96200,1,1,1,1,1,2,1
16057,2023,75000,1,1,1,3,1,2,1
16058,2023,47500,1,1,1,3,1,2,1
16059,2023,201700,1,1,1,1,1,2,1
16060,2023,133000,1,1,1,2,1,2,1
16061,2023,58400,1,1,1,2,1,2,1
16062,2023,144300,2,1,1,1,1,2,1
16063,2023,104800,2,1,1,1,1,2,1
16064,2023,115920,1,1,1,1,1,2,1
16065,2023,84000,1,1,1,1,1,2,1
16066,2023,58300,1,1,1,2,1,2,1
16067,2023,137300,1,1,1,1,1,2,1
16068,2023,59200,1,1,1,1,1,2,1
16069,2023,147500,1,1,1,2,1,2,1
16070,2023,156150,2,1,1,1,1,3,1
16071,2023,113400,2,1,1,1,1,3,1
16072,2023,226000,2,1,1,1,1,2,1
16073,2023,211000,2,1,1,1,1,2,1
16074,2023,197500,1,1,1,1,1,2,1
16075,2023,132500,1,1,1,1,1,2,1
16076,2023,109000,1,1,1,2,1,2,1
16077,2023,62000,1,1,1,2,1,2,1
16078,2023,110000,1,1,1,1,1,2,1
16079,2023,70000,1,1,1,1,1,2,1
16080,2023,238000,1,1,1,1,1,3,1
16081,2023,176000,1,1,1,1,1,3,1
16082,2023,151250,2,1,1,1,1,2,1
16083,2023,96800,2,1,1,1,1,2,1
16084,2023,162000,1,1,1,2,1,2,1
16085,2023,108000,1,1,1,2,1,2,1
16086,2023,189000,2,1,1,2,1,2,1
16087,2023,118100,2,1,1,2,1,2,1
16088,2023,126000,2,1,1,3,1,3,1
16089,2023,93000,2,1,1,3,1,3,1
16090,2023,160000,2,1,1,1,1,2,1
16091,2023,237500,1,1,1,4,1,2,1
16092,2023,157500,1,1,1,4,1,2,1
16093,2023,115000,1,1,1,1,1,2,1
16094,2023,89000,1,1,1,1,1,2,1
16095,2023,76000,1,1,1,1,1,2,1
16096,2023,263100,1,1,1,1,1,2,1
16097,2023,126300,1,1,1,1,1,2,1
16098,2023,319000,1,1,1,1,1,3,1
16099,2023,221000,1,1,1,1,1,3,1
16100,2023,200000,1,1,1,1,1,2,1
16101,2023,150000,1,1,1,1,1,2,1
16102,2023,116700,1,1,1,1,1,2,1
16103,2023,93400,1,1,1,1,1,2,1
16104,2023,95000,1,1,1,2,1,2,1
16105,2023,247000,2,1,1,1,1,3,1
16106,2023,152000,2,1,1,1,1,3,1
16107,2023,268000,1,1,1,1,1,2,1
16108,2023,137500,1,1,1,1,1,2,1
16109,2023,150000,1,1,1,1,1,1,1
16110,2023,80000,1,1,1,1,1,1,1
16111,2023,187100,1,1,1,1,1,2,1
16112,2023,107600,1,1,1,1,1,2,1
16113,2023,184800,1,1,1,1,1,2,1
16114,2023,161900,1,1,1,1,1,2,1
16115,2023,212000,1,1,1,1,1,2,1
16116,2023,93300,1,1,1,1,1,2,1
16117,2023,184000,1,1,1,1,1,2,1
16118,2023,96000,1,1,1,1,1,2,1
16119,2023,204000,1,1,1,2,1,2,1
16120,2023,112500,1,1,1,2,1,2,1
16121,2023,220000,1,1,1,1,1,1,1
16122,2023,137500,1,1,1,1,1,1,1
16123,2023,204500,1,1,1,2,1,3,1
16124,2023,142200,1,1,1,2,1,3,1
16125,2023,140000,2,1,1,1,1,2,1
16126,2023,150000,1,1,1,2,1,1,1
16127,2023,80000,1,1,1,2,1,1,1
16128,2023,132000,1,1,1,3,1,2,1
16129,2023,104000,1,1,1,3,1,2,1
16130,2023,175000,2,1,1,1,1,3,1
16131,2023,141000,2,1,1,1,1,3,1
16132,2023,198000,2,1,1,1,1,1,1
16133,2023,151000,2,1,1,1,1,1,1
16134,2023,83000,1,1,1,3,1,2,1
16135,2023,150000,1,1,1,3,1,2,1
16136,2023,204500,1,1,1,2,1,2,1
16137,2023,142200,1,1,1,2,1,2,1
16138,2023,185000,1,1,1,1,1,2,1
16139,2023,250000,1,1,1,1,1,2,1
16140,2023,125000,1,1,1,1,1,2,1
16141,2023,81500,1,1,1,1,1,2,1
16142,2023,120500,2,1,1,1,1,2,1
16143,2023,218000,1,1,1,4,1,2,1
16144,2023,168000,1,1,1,4,1,2,1
16145,2023,119200,2,1,1,2,1,2,1
16146,2023,86600,2,1,1,2,1,2,1
16147,2023,184800,1,1,1,1,1,3,1
16148,2023,161900,1,1,1,1,1,3,1
16149,2023,128600,1,1,1,2,1,2,1
16150,2023,162240,1,1,1,3,1,3,1
16151,2023,47840,1,1,1,3,1,3,1
16152,2023,205500,1,1,1,1,1,2,1
16153,2023,128500,1,1,1,1,1,2,1
16154,2023,164000,1,1,1,1,1,2,1
16155,2023,117000,1,1,1,1,1,2,1
16156,2023,142352,1,1,1,1,1,3,1
16157,2023,95325,1,1,1,1,1,3,1
16158,2023,247500,1,1,1,2,1,3,1
16159,2023,172200,1,1,1,2,1,3,1
16160,2023,134000,2,1,1,2,1,2,1
16161,2023,90000,2,1,1,2,1,2,1
16162,2023,204000,1,1,1,1,1,2,1
16163,2023,163200,1,1,1,1,1,2,1
16164,2023,168000,2,1,1,1,1,2,1
16165,2023,143000,2,1,1,1,1,2,1
16166,2023,142352,1,1,1,1,1,2,1
16167,2023,95325,1,1,1,1,1,2,1
16168,2023,105000,2,1,1,1,1,2,1
16169,2023,131000,1,2,1,3,1,1,1
16170,2023,54400,1,2,1,3,1,1,1
16171,2023,120000,1,1,1,3,1,2,1
16172,2023,50000,1,1,1,3,1,2,1
16173,2023,359170,1,1,1,1,1,2,1
16174,2023,295490,1,1,1,1,1,2,1
16175,2023,102000,2,1,1,3,1,2,1
16176,2023,92000,2,1,1,3,1,2,1
16177,2023,132567,1,1,1,3,1,2,1
16178,2023,96412,1,1,1,3,1,2,1
16179,2023,230000,1,1,1,1,1,2,1
16180,2023,110000,2,1,1,2,1,2,1
16181,2023,172800,2,1,1,1,1,2,1
16182,2023,135842,1,1,1,1,1,1,1
16183,2023,98794,1,1,1,1,1,1,1
16184,2023,331640,1,1,1,1,1,3,1
16185,2023,267720,1,1,1,1,1,3,1
16186,2023,266450,1,1,1,1,1,1,1
16187,2023,177700,1,1,1,1,1,1,1
16188,2023,350000,1,1,1,3,1,1,1
16189,2023,250000,1,1,1,3,1,1,1
16190,2023,155000,1,1,1,2,1,3,1
16191,2023,278700,1,1,1,1,1,1,1
16192,2023,159300,1,1,1,1,1,1,1
16193,2023,171000,1,1,1,2,1,3,1
16194,2023,151000,1,1,1,2,1,3,1
16195,2023,100000,2,1,1,2,1,2,1
16196,2023,80000,2,1,1,2,1,2,1
16197,2023,174990,2,1,1,1,1,2,1
16198,2023,132624,2,1,1,1,1,2,1
16199,2023,212000,1,1,1,1,1,3,1
16200,2023,93300,1,1,1,1,1,3,1
16201,2023,210100,1,1,1,1,1,2,1
16202,2023,95500,1,1,1,1,1,2,1
16203,2023,184600,1,1,1,1,1,2,1
16204,2023,99400,1,1,1,1,1,2,1
16205,2023,205000,1,1,1,1,1,2,1
16206,2023,155400,1,1,1,1,1,2,1
16207,2023,169000,1,1,1,2,1,2,1
16208,2023,105500,1,1,1,2,1,2,1
16209,2023,90500,1,1,1,2,1,2,1
16210,2023,42400,1,1,1,2,1,2,1
16211,2023,234000,2,1,1,1,1,2,1
16212,2023,146000,2,1,1,1,1,2,1
16213,2023,128167,1,1,1,2,1,1,1
16214,2023,85445,1,1,1,2,1,1,1
16215,2023,172300,1,1,1,2,1,2,1
16216,2023,86100,1,1,1,2,1,2,1
16217,2023,138000,2,1,1,2,1,2,1
16218,2023,86000,2,1,1,2,1,2,1
16219,2023,179000,1,1,1,3,1,1,1
16220,2023,112000,1,1,1,3,1,1,1
16221,2023,700000,2,1,1,1,1,2,1
16222,2023,179000,2,1,1,1,1,2,1
16223,2023,112000,2,1,1,1,1,2,1
16224,2023,122000,1,1,1,1,1,2,1
16225,2023,94000,1,1,1,1,1,2,1
16226,2023,225000,1,1,1,1,1,2,1
16227,2023,180000,1,1,1,1,1,2,1
16228,2023,165000,2,1,1,1,1,2,1
16229,2023,122445,2,1,1,1,1,2,1
16230,2023,187000,1,1,1,1,1,3,1
16231,2023,212800,1,2,1,2,1,1,1
16232,2023,124100,1,2,1,2,1,1,1
16233,2023,130000,1,1,1,3,1,2,1
16234,2023,80000,1,1,1,3,1,2,1
16235,2023,240810,1,1,1,1,1,3,1
16236,2023,126800,1,1,1,1,1,3,1
16237,2023,222000,2,1,1,1,1,2,1
16238,2023,132000,2,1,1,1,1,2,1
16239,2023,250000,2,1,1,1,1,2,1
16240,2023,150000,1,1,1,1,1,3,1
16241,2023,222000,1,1,1,1,1,2,1
16242,2023,132000,1,1,1,1,1,2,1
16243,2023,94000,3,2,1,1,1,2,1
16244,2023,245000,1,1,1,1,1,2,1
16245,2023,207900,1,1,1,1,1,2,1
16246,2023,158400,1,1,1,1,1,2,1
16247,2023,138000,1,1,1,1,1,2,1
16248,2023,86000,1,1,1,1,1,2,1
16249,2023,135800,2,1,1,1,1,2,1
16250,2023,95100,2,1,1,1,1,2,1
16251,2023,190000,2,1,1,1,1,2,1
16252,2023,260000,1,2,1,1,1,2,1
16253,2023,136000,1,2,1,1,1,2,1
16254,2023,166375,1,1,1,1,1,2,1
16255,2023,212800,1,2,1,1,1,2,1
16256,2023,115100,1,2,1,1,1,2,1
16257,2023,60000,1,1,1,2,1,2,1
16258,2023,48000,1,1,1,2,1,2,1
16259,2023,55000,1,1,1,2,1,2,1
16260,2023,205500,1,1,1,1,1,1,1
16261,2023,132500,1,1,1,1,1,1,1
16262,2023,223600,1,2,1,2,1,2,1
16263,2023,115000,1,2,1,2,1,2,1
16264,2023,165000,1,1,1,2,1,1,1
16265,2023,62000,2,1,1,3,1,1,1
16266,2023,49000,2,1,1,3,1,1,1
16267,2023,106100,2,1,1,3,1,2,1
16268,2023,74300,2,1,1,3,1,2,1
16269,2023,132300,1,1,1,2,1,2,1
16270,2023,93000,1,1,1,2,1,2,1
16271,2023,96600,1,1,1,1,1,2,1
16272,2023,55200,1,1,1,1,1,2,1
16273,2023,83300,1,1,1,3,1,2,1
16274,2023,99300,1,1,1,3,1,2,1
16275,2023,82800,1,1,1,3,1,2,1
16276,2023,110841,1,1,1,1,1,2,1
16277,2023,101000,1,1,1,2,1,2,1
16278,2023,50000,1,1,1,2,1,2,1
16279,2023,182500,2,1,1,1,1,2,1
16280,2023,121700,2,1,1,1,1,2,1
16281,2023,134500,2,1,1,1,1,2,1
16282,2023,91460,2,1,1,1,1,2,1
16283,2023,75753,1,1,1,3,1,1,1
16284,2023,47423,1,1,1,3,1,1,1
16285,2023,124935,1,1,1,1,1,2,1
16286,2023,76050,1,1,1,1,1,2,1
16287,2023,286000,1,1,1,1,1,2,1
16288,2023,143000,1,1,1,1,1,2,1
16289,2023,106400,2,1,1,2,1,2,1
16290,2023,70000,2,1,1,2,1,2,1
16291,2023,243600,1,1,1,1,1,2,1
16292,2023,148200,1,1,1,1,1,2,1
16293,2023,131600,2,1,1,3,1,2,1
16294,2023,82400,2,1,1,3,1,2,1
16295,2023,245700,1,1,1,1,1,3,1
16296,2023,132300,1,1,1,1,1,3,1
16297,2023,155750,2,1,1,3,1,2,1
16298,2023,79350,2,1,1,3,1,2,1
16299,2023,234000,1,1,1,1,1,2,1
16300,2023,242000,1,1,1,1,1,3,1
16301,2023,106200,1,1,1,1,1,3,1
16302,2023,123900,2,1,1,1,1,2,1
16303,2023,75000,2,1,1,1,1,2,1
16304,2023,136500,1,1,1,2,1,2,1
16305,2023,123500,1,1,1,2,1,2,1
16306,2023,227500,2,1,1,1,1,2,1
16307,2023,145600,2,1,1,1,1,2,1
16308,2023,186754,1,1,1,1,1,3,1
16309,2023,101000,1,1,1,1,1,3,1
16310,2023,70800,1,1,1,3,1,2,1
16311,2023,132000,2,1,1,2,1,2,1
16312,2023,111000,2,1,1,2,1,2,1
16313,2023,180000,2,1,1,2,1,2,1
16314,2023,162000,2,1,1,2,1,2,1
16315,2023,135000,1,1,1,1,1,2,1
16316,2023,95000,1,1,1,1,1,2,1
16317,2023,238000,1,1,1,2,1,1,1
16318,2023,144500,1,1,1,2,1,1,1
16319,2023,145000,1,1,1,1,1,3,1
16320,2023,98500,1,1,1,1,1,3,1
16321,2023,209300,2,1,1,2,1,2,1
16322,2023,123800,2,1,1,2,1,2,1
16323,2023,130400,1,1,1,3,1,3,1
16324,2023,70800,1,1,1,3,1,3,1
16325,2023,160000,1,1,1,2,1,2,1
16326,2023,300000,1,1,1,1,1,3,1
16327,2023,254900,1,1,1,1,1,2,1
16328,2023,203920,1,1,1,1,1,2,1
16329,2023,191200,1,1,1,1,1,2,1
16330,2023,170186,1,1,1,1,1,2,1
16331,2023,200000,1,1,1,4,1,1,1
16332,2023,150000,1,1,1,4,1,1,1
16333,2023,247300,1,1,1,1,1,3,1
16334,2023,139700,1,1,1,1,1,3,1
16335,2023,90000,3,2,1,1,1,5,1
16336,2023,198000,1,1,1,1,1,2,1
16337,2023,219100,1,1,1,1,1,2,1
16338,2023,118500,1,1,1,1,1,2,1
16339,2023,128000,2,1,1,1,1,2,1
16340,2023,60000,2,1,1,3,1,2,1
16341,2023,48000,2,1,1,3,1,2,1
16342,2023,234000,1,1,1,4,1,2,1
16343,2023,146000,1,1,1,4,1,2,1
16344,2023,130100,1,1,1,2,1,2,1
16345,2023,166500,1,1,1,2,1,2,1
16346,2023,104000,1,1,1,2,1,2,1
16347,2023,98000,1,1,1,3,1,1,1
16348,2023,73000,1,1,1,3,1,1,1
16349,2023,183540,1,1,1,1,1,2,1
16350,2023,240000,1,1,1,2,1,1,1
16351,2023,133000,1,1,1,2,1,1,1
16352,2023,273500,1,1,1,1,1,2,1
16353,2023,182500,1,1,1,1,1,2,1
16354,2023,240960,1,1,1,1,1,1,1
16355,2023,176000,1,1,1,1,1,1,1
16356,2023,130000,1,1,1,2,1,1,1
16357,2023,162240,1,1,1,3,1,1,1
16358,2023,47840,1,1,1,3,1,1,1
16359,2023,296980,1,1,1,2,1,2,1
16360,2023,123740,1,1,1,2,1,2,1
16361,2023,247250,1,1,1,1,1,3,1
16362,2023,220000,1,1,1,1,1,3,1
16363,2023,146000,1,1,1,1,1,3,1
16364,2023,200000,2,1,1,1,1,2,1
16365,2023,370000,1,1,1,1,1,3,1
16366,2023,185000,1,2,1,2,1,2,1
16367,2023,79600,1,2,1,2,1,2,1
16368,2023,175000,1,1,1,1,1,2,1
16369,2023,235000,2,1,1,1,1,2,1
16370,2023,175000,2,1,1,1,1,2,1
16371,2023,185000,2,1,1,1,1,3,1
16372,2023,128000,2,1,1,1,1,3,1
16373,2023,350000,2,1,1,4,1,2,1
16374,2023,268000,2,1,1,4,1,2,1
16375,2023,180000,2,1,1,1,1,2,1
16376,2023,234485,1,1,1,1,1,2,1
16377,2023,112655,1,1,1,1,1,2,1
16378,2023,146000,1,1,1,1,1,2,1
16379,2023,199700,1,1,1,2,1,2,1
16380,2023,99900,1,1,1,3,1,2,1
16381,2023,90300,1,1,1,1,1,2,1
16382,2023,266500,1,1,1,1,1,3,1
16383,2023,152000,1,1,1,1,1,3,1
16384,2023,70000,2,1,1,3,1,1,1
16385,2023,60000,2,1,1,3,1,1,1
16386,2023,187200,2,1,1,1,1,2,1
16387,2023,140400,2,1,1,1,1,2,1
16388,2023,156400,1,1,1,1,1,2,1
16389,2023,190900,1,1,1,1,1,2,1
16390,2023,109100,1,1,1,1,1,2,1
16391,2023,98500,1,1,1,1,1,2,1
16392,2023,195200,1,2,1,3,1,1,1
16393,2023,100400,1,2,1,3,1,1,1
16394,2023,181700,1,1,1,2,1,2,1
16395,2023,64300,1,1,1,2,1,2,1
16396,2023,185900,1,1,1,1,1,2,1
16397,2023,129300,1,1,1,1,1,2,1
16398,2023,85000,2,1,1,3,1,2,1
16399,2023,80000,2,1,1,3,1,2,1
16400,2023,52100,2,1,1,1,1,2,1
16401,2023,219000,1,1,1,1,1,1,1
16402,2023,152000,1,1,1,1,1,1,1
16403,2023,204500,2,1,1,1,1,3,1
16404,2023,142200,2,1,1,1,1,3,1
16405,2023,158000,1,1,1,2,1,2,1
16406,2023,90300,1,1,1,2,1,2,1
16407,2023,260000,1,2,1,2,1,2,1
16408,2023,152375,1,1,1,1,1,2,1
16409,2023,82000,1,1,1,1,1,2,1
16410,2023,77000,1,1,1,1,1,2,1
16411,2023,196000,2,1,1,1,1,2,1
16412,2023,94000,2,1,1,1,1,2,1
16413,2023,264846,1,1,1,1,1,2,1
16414,2023,143060,1,1,1,1,1,2,1
16415,2023,203000,1,1,1,3,1,2,1
16416,2023,89030,1,1,1,3,1,2,1
16417,2023,160800,1,1,1,3,1,2,1
16418,2023,92700,1,1,1,3,1,2,1
16419,2023,62000,1,1,1,1,1,2,1
16420,2023,51000,1,1,1,1,1,2,1
16421,2023,137500,1,1,1,3,1,2,1
16422,2023,154800,1,1,1,2,1,2,1
16423,2023,76300,1,1,1,2,1,2,1
16424,2023,240000,1,1,1,1,1,1,1
16425,2023,200000,1,1,1,1,1,1,1
16426,2023,240000,1,1,1,1,1,3,1
16427,2023,465000,1,1,1,4,1,2,1
16428,2023,385000,1,1,1,4,1,2,1
16429,2023,240000,1,1,1,2,1,2,1
16430,2023,116300,2,1,1,1,1,2,1
16431,2023,84600,2,1,1,1,1,2,1
16432,2023,129700,1,1,1,1,1,3,1
16433,2023,86500,1,1,1,1,1,3,1
16434,2023,225300,1,1,1,1,1,3,1
16435,2023,197400,1,1,1,1,1,3,1
16436,2023,266000,1,1,1,1,1,2,1
16437,2023,152000,1,1,1,1,1,2,1
16438,2023,224000,1,1,1,1,1,2,1
16439,2023,165000,1,1,1,1,1,2,1
16440,2023,255000,1,1,1,1,1,3,1
16441,2023,169000,1,1,1,1,1,3,1
16442,2023,91000,1,1,1,2,1,2,1
16443,2023,136500,1,1,1,1,1,2,1
16444,2023,248100,1,1,1,1,1,3,1
16445,2023,145900,1,1,1,1,1,3,1
16446,2023,185100,1,1,1,1,1,2,1
16447,2023,133300,1,1,1,1,1,2,1
16448,2023,115000,1,1,1,2,1,2,1
16449,2023,220000,1,1,1,1,1,2,1
16450,2023,224400,1,1,1,2,1,3,1
16451,2023,138700,1,1,1,2,1,3,1
16452,2023,210000,2,1,1,4,1,2,1
16453,2023,168000,2,1,1,4,1,2,1
16454,2023,224400,1,1,1,1,1,3,1
16455,2023,138700,1,1,1,1,1,3,1
16456,2023,300000,1,1,1,1,1,2,1
16457,2023,155000,1,1,1,2,1,2,1
16458,2023,273400,1,1,1,1,1,3,1
16459,2023,182200,1,1,1,1,1,3,1
16460,2023,167500,1,1,1,1,1,2,1
16461,2023,106500,1,1,1,1,1,2,1
16462,2023,94500,1,1,1,1,1,2,1
16463,2023,223400,2,1,1,1,1,2,1
16464,2023,186200,2,1,1,1,1,2,1
16465,2023,72000,2,1,1,3,1,1,1
16466,2023,64000,2,1,1,3,1,1,1
16467,2023,179820,1,1,1,1,1,2,1
16468,2023,143860,1,1,1,1,1,2,1
16469,2023,283050,1,1,1,1,1,1,1
16470,2023,188700,1,1,1,1,1,1,1
16471,2023,141298,1,1,1,1,1,1,1
16472,2023,115607,1,1,1,1,1,1,1
16473,2023,287500,1,1,1,1,1,1,1
16474,2023,156000,1,1,1,1,1,1,1
16475,2023,199000,1,1,1,1,1,2,1
16476,2023,162000,1,1,1,1,1,2,1
16477,2023,170884,2,1,1,2,1,2,1
16478,2023,113923,2,1,1,2,1,2,1
16479,2023,184000,1,1,1,2,1,2,1
16480,2023,123000,1,1,1,2,1,2,1
16481,2023,235750,1,1,1,1,1,2,1
16482,2023,174250,1,1,1,1,1,2,1
16483,2023,165000,2,1,1,2,1,1,1
16484,2023,118800,2,1,1,2,1,1,1
16485,2023,225000,2,1,1,1,1,2,1
16486,2023,213900,1,1,1,2,1,3,1
16487,2023,116800,1,1,1,2,1,3,1
16488,2023,220000,2,1,1,1,1,2,1
16489,2023,150000,1,1,1,2,1,2,1
16490,2023,226700,1,1,1,1,1,2,1
16491,2023,123000,1,1,1,1,1,2,1
16492,2023,73000,1,1,1,2,1,2,1
16493,2023,185900,2,1,1,1,1,2,1
16494,2023,129300,2,1,1,1,1,2,1
16495,2023,116000,2,1,1,1,1,2,1
16496,2023,220000,1,1,1,2,1,1,1
16497,2023,180000,1,1,1,2,1,1,1
16498,2023,215000,1,1,1,1,1,2,1
16499,2023,253000,1,1,1,2,1,2,1
16500,2023,131000,1,1,1,2,1,2,1
16501,2023,147000,1,1,1,1,1,2,1
16502,2023,186000,1,1,1,2,1,1,1
16503,2023,161000,1,1,1,2,1,1,1
16504,2023,205000,1,1,1,1,1,3,1
16505,2023,137000,2,1,1,1,1,2,1
16506,2023,172000,2,1,1,1,1,2,1
16507,2023,148000,1,1,1,2,1,2,1
16508,2023,99000,1,1,1,2,1,2,1
16509,2023,105000,1,1,1,3,1,2,1
16510,2023,99000,1,1,1,1,1,2,1
16511,2023,52500,1,1,1,1,1,2,1
16512,2023,180514,2,1,1,1,1,3,1
16513,2023,108308,2,1,1,1,1,3,1
16514,2023,210000,1,1,1,1,1,3,1
16515,2023,147000,1,1,1,1,1,3,1
16516,2023,290300,1,1,1,1,1,2,1
16517,2023,196685,1,1,1,1,1,2,1
16518,2023,175000,1,1,1,2,1,3,1
16519,2023,130000,1,1,1,2,1,3,1
16520,2023,133000,1,1,1,3,1,3,1
16521,2023,58300,1,1,1,3,1,3,1
16522,2023,230300,1,1,1,1,1,2,1
16523,2023,224800,1,1,1,1,1,2,1
16524,2023,131100,1,1,1,1,1,2,1
16525,2023,258000,1,1,1,1,1,2,1
16526,2023,171000,1,1,1,1,1,2,1
16527,2023,196000,1,1,1,1,1,2,1
16528,2023,121000,1,1,1,1,1,2,1
16529,2023,195800,1,1,1,1,1,2,1
16530,2023,171500,1,1,1,1,1,2,1
16531,2023,220000,1,1,1,2,1,3,1
16532,2023,100000,1,1,1,2,1,1,1
16533,2023,150200,1,1,1,1,1,2,1
16534,2023,71000,1,1,1,1,1,2,1
16535,2023,167200,1,1,1,1,1,2,1
16536,2023,133000,1,1,1,1,1,2,1
16537,2023,58400,1,1,1,1,1,2,1
16538,2023,135000,1,1,1,2,1,2,1
16539,2023,700000,2,1,1,2,1,2,1
16540,2023,150000,2,1,1,2,1,2,1
16541,2023,167000,1,1,1,2,1,2,1
16542,2023,121000,1,1,1,2,1,2,1
16543,2023,190200,1,1,1,1,1,2,1
16544,2023,95100,1,1,1,1,1,2,1
16545,2023,133000,1,1,1,3,1,2,1
16546,2023,58400,1,1,1,3,1,2,1
16547,2023,294000,1,1,1,1,1,3,1
16548,2023,192000,1,1,1,1,1,3,1
16549,2023,266000,1,1,1,1,1,3,1
16550,2023,167000,1,1,1,1,1,3,1
16551,2023,200000,2,1,1,1,1,3,1
16552,2023,150000,2,1,1,1,1,3,1
16553,2023,163800,2,1,1,3,1,2,1
16554,2023,88200,2,1,1,3,1,2,1
16555,2023,180400,1,1,1,1,1,2,1
16556,2023,138800,1,1,1,1,1,2,1
16557,2023,319000,2,1,1,1,1,3,1
16558,2023,206000,2,1,1,1,1,3,1
16559,2023,142000,1,1,1,1,1,2,1
16560,2023,167000,1,1,1,1,1,2,1
16561,2023,178300,1,1,1,2,1,2,1
16562,2023,105400,1,1,1,2,1,2,1
16563,2023,142000,1,1,1,1,1,3,1
16564,2023,240000,2,1,1,1,1,1,1
16565,2023,210000,2,1,1,1,1,1,1
16566,2023,750000,1,1,1,2,1,2,1
16567,2023,128000,1,1,1,1,1,2,1
16568,2023,154000,2,1,1,1,1,2,1
16569,2023,126000,2,1,1,1,1,2,1
16570,2023,157250,1,1,1,1,1,3,1
16571,2023,219650,2,1,1,4,1,2,1
16572,2023,136000,2,1,1,4,1,2,1
16573,2023,180000,2,1,1,2,1,3,1
16574,2023,125000,2,1,1,2,1,3,1
16575,2023,247600,1,2,1,1,1,2,1
16576,2023,127300,1,2,1,1,1,2,1
16577,2023,250000,1,1,1,2,1,2,1
16578,2023,125000,1,1,1,2,1,2,1
16579,2023,190000,2,1,1,1,1,3,1
16580,2023,170000,2,1,1,1,1,3,1
16581,2023,202600,2,1,1,1,1,2,1
16582,2023,168800,2,1,1,1,1,2,1
16583,2023,203000,2,1,1,1,1,2,1
16584,2023,127000,2,1,1,1,1,2,1
16585,2023,125009,2,1,1,2,1,2,1
16586,2023,83339,2,1,1,2,1,2,1
16587,2023,112200,2,1,1,1,1,2,1
16588,2023,91800,2,1,1,1,1,2,1
16589,2023,133000,1,1,1,3,2,2,1
16590,2023,58300,1,1,1,3,2,2,1
16591,2023,254000,1,1,1,1,1,2,1
16592,2023,159000,1,1,1,1,1,2,1
16593,2023,85000,1,1,1,1,1,2,1
16594,2023,130500,1,1,1,2,1,2,1
16595,2023,116000,1,1,1,2,1,2,1
16596,2023,81400,2,1,1,3,1,1,1
16597,2023,43500,2,1,1,3,1,1,1
16598,2023,190000,1,1,1,1,1,1,1
16599,2023,165000,1,1,1,1,1,1,1
16600,2023,305600,1,1,1,1,1,3,1
16601,2023,146600,1,1,1,1,1,3,1
16602,2023,275000,1,1,1,1,1,2,1
16603,2023,146400,1,1,1,1,1,2,1
16604,2023,208500,1,1,1,1,1,2,1
16605,2023,172500,1,1,1,1,1,2,1
16606,2023,185000,2,1,1,1,1,2,1
16607,2023,198200,1,1,1,1,1,2,1
16608,2023,110200,1,1,1,1,1,2,1
16609,2023,166000,1,1,1,1,1,3,1
16610,2023,73100,1,1,1,1,1,3,1
16611,2023,167100,1,1,1,2,1,2,1
16612,2023,111400,1,1,1,2,1,2,1
16613,2023,166000,2,1,1,3,1,2,1
16614,2023,73100,2,1,1,3,1,2,1
16615,2023,170000,1,1,1,4,1,2,1
16616,2023,145000,1,1,1,4,1,2,1
16617,2023,139810,1,1,1,1,1,2,1
16618,2023,247300,2,1,1,1,1,2,1
16619,2023,139700,2,1,1,1,1,2,1
16620,2023,188000,2,1,1,1,1,2,1
16621,2023,139000,2,1,1,1,1,2,1
16622,2023,750000,1,1,1,1,1,2,1
16623,2023,127000,2,1,1,2,1,2,1
16624,2023,65000,2,1,1,2,1,2,1
16625,2023,276000,1,1,1,1,1,3,1
16626,2023,174000,1,1,1,1,1,3,1
16627,2023,250000,2,1,1,4,1,2,1
16628,2023,212000,1,1,1,4,1,2,1
16629,2023,190000,1,1,1,4,1,2,1
16630,2023,261500,1,2,1,1,1,1,1
16631,2023,134500,1,2,1,1,1,1,1
16632,2023,239000,1,2,1,1,1,2,1
16633,2023,122900,1,2,1,1,1,2,1
16634,2023,83000,2,1,1,2,1,2,1
16635,2023,66000,2,1,1,2,1,2,1
16636,2023,224250,1,1,1,1,1,2,1
16637,2023,121550,1,1,1,1,1,2,1
16638,2023,109000,2,1,1,2,1,2,1
16639,2023,205400,1,1,1,1,1,2,1
16640,2023,92900,1,1,1,1,1,2,1
16641,2023,220000,1,1,1,3,1,3,1
16642,2023,130000,1,1,1,3,1,3,1
16643,2023,186030,2,1,1,1,1,2,1
16644,2023,110200,2,1,1,1,1,2,1
16645,2023,130000,2,1,1,2,1,1,1
16646,2023,100000,2,1,1,2,1,1,1
16647,2023,242000,1,1,1,2,1,2,1
16648,2023,106200,1,1,1,2,1,2,1
16649,2023,220000,2,1,1,4,1,2,1
16650,2023,120000,2,1,1,4,1,2,1
16651,2023,91200,1,1,1,3,1,1,1
16652,2023,58200,1,1,1,3,1,1,1
16653,2023,178000,2,1,1,1,1,2,1
16654,2023,160000,1,1,1,3,1,1,1
16655,2023,150000,1,1,1,3,1,1,1
16656,2023,206000,1,1,1,1,1,2,1
16657,2023,134000,1,1,1,1,1,2,1
16658,2023,106700,1,1,1,2,1,2,1
16659,2023,57700,1,1,1,2,1,2,1
16660,2023,266400,1,1,1,1,1,3,1
16661,2023,173300,1,1,1,1,1,3,1
16662,2023,165600,1,2,1,1,1,2,1
16663,2023,65800,1,2,1,1,1,2,1
16664,2023,210400,1,1,1,2,1,2,1
16665,2023,170500,1,1,1,2,1,2,1
16666,2023,170000,2,1,1,2,1,2,1
16667,2023,185400,2,1,1,1,1,2,1
16668,2023,81536,2,1,1,1,1,2,1
16669,2023,193000,1,1,1,1,1,2,1
16670,2023,95000,2,1,1,2,1,2,1
16671,2023,75000,2,1,1,2,1,2,1
16672,2023,105000,1,1,1,2,1,2,1
16673,2023,192500,2,1,1,1,1,2,1
16674,2023,336300,1,1,1,1,1,3,1
16675,2023,179000,1,1,1,1,1,3,1
16676,2023,296400,1,1,1,1,1,3,1
16677,2023,159600,1,1,1,1,1,3,1
16678,2023,258500,2,1,1,1,1,2,1
16679,2023,226500,2,1,1,1,1,2,1
16680,2023,247250,1,1,1,1,1,1,1
16681,2023,118400,1,1,1,1,1,1,1
16682,2023,93400,1,1,1,1,1,3,1
16683,2023,219000,1,1,1,1,1,2,1
16684,2023,130500,1,1,1,1,1,2,1
16685,2023,323300,1,1,1,1,1,1,1
16686,2023,184700,1,1,1,1,1,1,1
16687,2023,136000,1,1,1,2,1,2,1
16688,2023,135000,1,1,1,3,1,2,1
16689,2023,110000,1,1,1,3,1,2,1
16690,2023,202000,2,1,1,1,1,2,1
16691,2023,147000,2,1,1,1,1,2,1
16692,2023,170625,1,1,1,1,1,2,1
16693,2023,127950,1,1,1,1,1,2,1
16694,2023,85256,1,1,1,3,1,2,1
16695,2023,71615,1,1,1,3,1,2,1
16696,2023,100000,1,2,1,3,1,2,1
16697,2023,100000,1,3,1,2,1,1,1
16698,2023,185000,1,1,1,4,1,2,1
16699,2023,125000,1,1,1,4,1,2,1
16700,2023,52000,2,1,1,3,1,2,1
16701,2023,260000,1,1,1,1,1,3,1
16702,2023,80000,2,1,1,1,1,2,1
16703,2023,297300,2,1,1,1,1,2,1
16704,2023,198200,2,1,1,1,1,2,1
16705,2023,240000,2,1,1,1,1,3,1
16706,2023,185000,1,2,1,1,1,2,1
16707,2023,79600,1,2,1,1,1,2,1
16708,2023,222200,1,2,1,1,1,2,1
16709,2023,324000,1,1,1,1,1,3,1
16710,2023,159000,1,1,1,1,1,3,1
16711,2023,71000,2,1,1,2,1,1,1
16712,2023,57000,2,1,1,2,1,1,1
16713,2023,59000,2,1,1,2,1,2,1
16714,2023,50000,2,1,1,2,1,2,1
16715,2023,234000,2,1,1,1,1,3,1
16716,2023,208000,2,1,1,1,1,3,1
16717,2023,187000,2,1,1,1,1,2,1
16718,2023,140000,2,1,1,2,1,2,1
16719,2023,280000,2,1,1,1,1,2,1
16720,2023,145640,1,1,1,1,1,2,1
16721,2023,84400,1,1,1,1,1,2,1
16722,2023,105000,1,1,1,1,1,2,1
16723,2023,75000,1,1,1,1,1,2,1
16724,2023,98000,2,1,1,1,1,2,1
16725,2023,236160,2,1,1,1,1,2,1
16726,2023,159408,2,1,1,1,1,2,1
16727,2023,85000,2,1,1,1,1,2,1
16728,2023,145000,1,1,1,1,1,1,1
16729,2023,120000,1,1,1,1,1,1,1
16730,2023,120350,2,1,1,1,1,2,1
16731,2023,74400,2,1,1,1,1,2,1
16732,2023,158494,2,1,1,1,1,2,1
16733,2023,88052,2,1,1,1,1,2,1
16734,2023,181500,1,1,1,1,1,2,1
16735,2023,127000,1,1,1,1,1,2,1
16736,2023,300000,1,1,1,2,1,3,1
16737,2023,260000,1,1,1,2,1,3,1
16738,2023,191600,1,1,1,1,1,2,1
16739,2023,125600,1,1,1,1,1,2,1
16740,2023,130410,1,1,1,2,1,2,1
16741,2023,183900,1,1,1,1,1,2,1
16742,2023,108800,1,1,1,1,1,2,1
16743,2023,121200,1,1,1,1,1,3,1
16744,2023,231250,1,1,1,1,1,2,1
16745,2023,111000,1,1,1,1,1,2,1
16746,2023,210500,1,1,1,2,1,2,1
16747,2023,105300,1,1,1,2,1,2,1
16748,2023,158400,1,1,1,2,1,2,1
16749,2023,85800,1,1,1,2,1,2,1
16750,2023,134200,1,1,1,1,1,2,1
16751,2023,95400,2,1,1,2,1,2,1
16752,2023,57800,2,1,1,2,1,2,1
16753,2023,86000,1,1,1,2,1,2,1
16754,2023,87500,1,1,1,4,1,2,1
16755,2023,133200,2,1,1,1,1,2,1
16756,2023,84000,2,1,1,1,1,2,1
16757,2023,93000,1,1,1,1,1,2,1
16758,2023,216450,1,1,1,1,1,2,1
16759,2023,123750,1,1,1,1,1,2,1
16760,2023,212800,1,2,1,1,1,1,1
16761,2023,124100,1,2,1,1,1,1,1
16762,2023,205000,2,1,1,2,1,2,1
16763,2023,166000,2,1,1,2,1,2,1
16764,2023,231650,1,1,1,1,1,2,1
16765,2023,189100,1,1,1,1,1,2,1
16766,2023,266875,1,1,1,1,1,2,1
16767,2023,128250,1,1,1,1,1,2,1
16768,2023,158600,2,1,1,2,1,2,1
16769,2023,115300,2,1,1,2,1,2,1
16770,2023,225300,1,1,1,1,1,2,1
16771,2023,197400,1,1,1,1,1,2,1
16772,2023,109900,1,1,1,3,1,2,1
16773,2023,61200,1,1,1,3,1,2,1
16774,2023,161000,2,1,1,1,1,2,1
16775,2023,138510,1,1,1,2,1,2,1
16776,2023,95490,1,1,1,2,1,2,1
16777,2023,232200,1,1,1,1,1,2,1
16778,2023,178250,1,1,1,1,1,2,1
16779,2023,110500,1,1,1,1,1,2,1
16780,2023,190000,1,1,1,1,1,3,1
16781,2023,216000,2,1,1,1,1,2,1
16782,2023,184000,2,1,1,1,1,2,1
16783,2023,165600,1,2,1,2,1,2,1
16784,2023,65800,1,2,1,2,1,2,1
16785,2023,82500,1,1,1,1,1,2,1
16786,2023,247250,1,1,1,1,1,2,1
16787,2023,105500,1,1,1,1,1,3,1
16788,2023,108500,2,1,1,1,1,2,1
16789,2023,78800,2,1,1,1,1,2,1
16790,2023,225000,1,1,1,1,1,1,1
16791,2023,166000,1,1,1,1,1,1,1
16792,2023,87500,2,1,1,2,1,2,1
16793,2023,135000,1,1,1,4,1,2,1
16794,2023,100000,1,1,1,4,1,2,1
16795,2023,289800,1,1,1,1,1,2,1
16796,2023,214200,1,1,1,1,1,2,1
16797,2023,167500,1,1,1,2,1,2,1
16798,2023,370000,1,1,1,1,1,1,1
16799,2023,240000,2,1,1,3,1,2,1
16800,2023,100000,2,1,1,3,1,2,1
16801,2023,249300,1,2,1,2,1,2,1
16802,2023,149300,1,2,1,2,1,2,1
16803,2023,248100,1,1,1,1,1,1,1
16804,2023,145900,1,1,1,1,1,1,1
16805,2023,170200,1,1,1,1,1,2,1
16806,2023,83900,1,1,1,1,1,2,1
16807,2023,94100,1,1,1,1,1,2,1
16808,2023,226600,1,1,1,1,1,3,1
16809,2023,140100,1,1,1,1,1,3,1
16810,2023,156000,1,1,1,1,1,2,1
16811,2023,124000,1,1,1,1,1,2,1
16812,2023,132600,1,1,1,1,1,2,1
16813,2023,308000,1,1,1,1,1,1,1
16814,2023,190400,1,1,1,1,1,1,1
16815,2023,136000,1,1,1,1,1,2,1
16816,2023,214500,1,1,1,1,1,3,1
16817,2023,132600,1,1,1,1,1,3,1
16818,2023,111000,1,1,1,2,1,2,1
16819,2023,180250,2,1,1,1,1,2,1
16820,2023,118000,2,1,1,1,1,2,1
16821,2023,111600,1,2,1,1,1,2,1
16822,2023,157500,2,1,1,1,1,2,1
16823,2023,132500,2,1,1,1,1,2,1
16824,2023,171000,2,1,1,1,1,2,1
16825,2023,152000,2,1,1,1,1,2,1
16826,2023,223600,1,2,1,1,1,3,1
16827,2023,115000,1,2,1,1,1,3,1
16828,2023,130900,1,1,1,2,1,2,1
16829,2023,72700,1,1,1,2,1,2,1
16830,2023,333500,1,1,1,1,1,3,1
16831,2023,144000,1,1,1,1,1,3,1
16832,2023,118200,2,1,1,1,1,2,1
16833,2023,354200,2,1,1,1,1,2,1
16834,2023,221800,2,1,1,1,1,2,1
16835,2023,73000,1,1,1,1,1,2,1
16836,2023,156600,2,1,1,1,1,2,1
16837,2023,137200,2,1,1,1,1,2,1
16838,2023,149000,1,1,1,2,1,2,1
16839,2023,65300,1,1,1,2,1,2,1
16840,2023,187000,2,1,1,2,1,2,1
16841,2023,119636,1,1,1,1,1,2,1
16842,2023,70374,1,1,1,1,1,2,1
16843,2023,67000,2,1,1,1,1,2,1
16844,2023,94770,2,1,1,1,1,2,1
16845,2023,169900,2,1,1,1,1,2,1
16846,2023,164100,2,1,1,1,1,2,1
16847,2023,180240,1,1,1,1,1,3,1
16848,2023,120160,1,1,1,1,1,3,1
16849,2023,93400,1,1,1,2,1,2,1
16850,2023,119000,1,1,1,1,1,2,1
16851,2023,71400,1,1,1,1,1,2,1
16852,2023,225100,2,1,1,1,1,2,1
16853,2023,140900,2,1,1,1,1,2,1
16854,2023,179000,1,1,1,2,1,3,1
16855,2023,144000,1,1,1,2,1,3,1
16856,2023,250800,1,1,1,3,1,1,1
16857,2023,167200,1,1,1,3,1,1,1
16858,2023,144000,1,1,1,2,1,1,1
16859,2023,76000,1,1,1,2,1,1,1
16860,2023,230000,1,1,1,4,1,2,1
16861,2023,180000,1,1,1,4,1,2,1
16862,2023,156450,2,1,1,3,1,2,1
16863,2023,119200,2,1,1,3,1,2,1
16864,2023,130000,2,1,1,1,1,1,1
16865,2023,247500,1,1,1,4,1,2,1
16866,2023,172200,1,1,1,4,1,2,1
16867,2023,97500,2,1,1,1,1,2,1
16868,2023,220000,1,1,1,4,1,1,1
16869,2023,185000,1,1,1,4,1,1,1
16870,2023,303050,1,1,1,1,1,1,1
16871,2023,202350,1,1,1,1,1,1,1
16872,2023,201650,1,1,1,1,1,2,1
16873,2023,124600,1,1,1,1,1,2,1
16874,2023,89500,2,1,1,2,1,2,1
16875,2023,328400,2,1,1,1,1,3,1
16876,2023,205600,2,1,1,1,1,3,1
16877,2023,61800,2,1,1,3,1,2,1
16878,2023,116000,1,1,1,3,1,2,1
16879,2023,72500,1,1,1,3,1,2,1
16880,2023,215000,2,1,1,1,1,3,1
16881,2023,169850,2,1,1,1,1,3,1
16882,2023,147400,1,1,1,1,1,2,1
16883,2023,107682,1,1,1,1,1,2,1
16884,2023,225300,1,1,1,2,1,2,1
16885,2023,197400,1,1,1,2,1,2,1
16886,2023,204600,1,1,1,1,1,3,1
16887,2023,126500,1,1,1,1,1,3,1
16888,2023,86500,1,2,1,3,1,2,1
16889,2023,40400,1,2,1,3,1,2,1
16890,2023,329700,1,1,1,1,1,2,1
16891,2023,192351,1,1,1,1,1,2,1
16892,2023,280000,1,1,1,1,1,2,1
16893,2023,97000,1,1,1,2,1,2,1
16894,2023,88000,1,1,1,3,1,2,1
16895,2023,93593,1,1,1,1,1,2,1
16896,2023,222405,1,1,1,1,1,3,1
16897,2023,172800,1,1,1,1,1,3,1
16898,2023,205600,1,2,1,1,1,2,1
16899,2023,105700,1,2,1,1,1,2,1
16900,2023,263500,2,1,1,1,1,3,1
16901,2023,189360,2,1,1,1,1,3,1
16902,2023,124000,1,1,1,1,1,3,1
16903,2023,310000,2,1,1,1,1,2,1
16904,2023,206000,2,1,1,1,1,2,1
16905,2023,372000,1,1,1,1,1,3,1
16906,2023,223000,1,1,1,1,1,3,1
16907,2023,131000,2,1,1,2,1,2,1
16908,2023,233500,1,1,1,1,1,2,1
16909,2023,305100,2,1,1,1,1,3,1
16910,2023,146900,2,1,1,1,1,3,1
16911,2023,78800,1,1,1,3,1,2,1
16912,2023,44100,1,1,1,3,1,2,1
16913,2023,202800,1,2,1,1,1,2,1
16914,2023,104300,1,2,1,1,1,2,1
16915,2023,272400,1,2,1,4,1,2,1
16916,2023,140100,1,2,1,4,1,2,1
16917,2023,154000,1,1,1,2,1,2,1
16918,2023,103000,1,1,1,2,1,2,1
16919,2023,57000,1,1,1,3,1,2,1
16920,2023,190400,1,1,1,1,1,2,1
16921,2023,119636,2,1,1,1,1,2,1
16922,2023,70374,2,1,1,1,1,2,1
16923,2023,304750,1,1,1,1,1,2,1
16924,2023,98873,1,1,1,2,1,2,1
16925,2023,58161,1,1,1,2,1,2,1
16926,2023,85500,1,1,1,1,1,2,1
16927,2023,307100,1,1,1,1,1,2,1
16928,2023,216800,1,1,1,1,1,2,1
16929,2023,153600,1,1,1,1,1,2,1
16930,2023,180000,1,1,1,1,1,3,1
16931,2023,160000,1,1,1,4,1,2,1
16932,2023,130000,1,1,1,4,1,2,1
16933,2023,164640,1,1,1,1,1,2,1
16934,2023,131712,1,1,1,1,1,2,1
16935,2023,74800,1,1,1,2,1,2,1
16936,2023,63600,1,1,1,2,1,2,1
16937,2023,253792,1,1,1,1,1,2,1
16938,2023,158620,1,1,1,1,1,2,1
16939,2023,259900,1,1,1,1,1,2,1
16940,2023,139200,1,1,1,1,1,2,1
16941,2023,293000,1,1,1,1,1,1,1
16942,2023,185000,1,1,1,1,1,1,1
16943,2023,115500,1,1,1,1,1,2,1
16944,2023,142000,1,1,1,2,1,1,1
16945,2023,102000,1,1,1,2,1,1,1
16946,2023,141600,1,1,1,1,1,2,1
16947,2023,121400,1,1,1,1,1,2,1
16948,2023,240000,1,1,1,1,1,2,1
16949,2023,49000,1,1,1,2,1,2,1
16950,2023,115600,1,1,1,1,1,2,1
16951,2023,79700,1,1,1,1,1,2,1
16952,2023,281700,1,1,1,3,1,2,1
16953,2023,141100,1,1,1,3,1,2,1
16954,2023,173100,1,1,1,1,1,2,1
16955,2023,86900,1,1,1,1,1,2,1
16956,2023,258700,1,1,1,2,1,3,1
16957,2023,133800,1,1,1,2,1,3,1
16958,2023,225300,1,1,1,2,1,3,1
16959,2023,197400,1,1,1,2,1,3,1
16960,2023,157000,2,1,1,1,1,2,1
16961,2023,208000,1,1,1,1,1,2,1
16962,2023,73400,1,1,1,2,1,2,1
16963,2023,183414,1,1,1,1,1,2,1
16964,2023,97200,1,1,1,1,1,2,1
16965,2023,299000,1,1,1,1,1,3,1
16966,2023,66000,1,1,1,1,1,3,1
16967,2023,140000,2,1,1,1,1,3,1
16968,2023,170200,1,1,1,2,1,2,1
16969,2023,83900,1,1,1,2,1,2,1
16970,2023,101570,2,1,1,1,1,2,1
16971,2023,177000,2,1,1,1,1,2,1
16972,2023,234500,1,1,1,1,1,3,1
16973,2023,127000,1,1,1,1,1,3,1
16974,2023,287500,1,1,1,1,1,2,1
16975,2023,168000,1,1,1,1,1,2,1
16976,2023,153000,1,1,1,1,1,2,1
16977,2023,254000,1,1,1,1,1,3,1
16978,2023,214500,1,1,1,1,1,2,1
16979,2023,134500,1,1,1,1,1,2,1
16980,2023,136000,2,1,1,1,1,2,1
16981,2023,104000,2,1,1,1,1,2,1
16982,2023,143000,2,1,1,2,1,2,1
16983,2023,117000,2,1,1,2,1,2,1
16984,2023,275300,2,1,1,1,1,2,1
16985,2023,183500,2,1,1,1,1,2,1
16986,2023,253000,2,1,1,1,1,3,1
16987,2023,172040,2,1,1,1,1,3,1
16988,2023,164000,2,1,1,1,1,2,1
16989,2023,109238,1,1,1,2,1,2,1
16990,2023,68274,1,1,1,2,1,2,1
16991,2023,80800,1,1,1,3,1,2,1
16992,2023,53800,1,1,1,3,1,2,1
16993,2023,258900,2,1,1,1,1,2,1
16994,2023,176080,2,1,1,1,1,2,1
16995,2023,309000,1,1,1,1,1,3,1
16996,2023,60000,2,1,1,2,1,2,1
16997,2023,132100,1,1,1,1,1,2,1
16998,2023,68400,1,1,1,1,1,2,1
16999,2023,62500,2,1,1,2,1,2,1
17000,2023,139500,1,1,1,1,1,2,1
17001,2023,129000,1,1,1,1,1,3,1
17002,2023,259000,1,1,1,1,1,2,1
17003,2023,138750,1,1,1,1,1,2,1
17004,2023,155000,1,1,1,1,1,1,1
17005,2023,130000,1,1,1,1,1,1,1
17006,2023,182750,1,1,1,1,1,2,1
17007,2023,207000,2,1,1,1,1,2,1
17008,2023,141000,2,1,1,1,1,2,1
17009,2023,300000,1,1,1,2,1,1,1
17010,2023,116700,1,1,1,2,1,2,1
17011,2023,176490,1,1,1,2,1,2,1
17012,2023,195000,1,1,1,1,1,2,1
17013,2023,143750,1,1,1,1,1,2,1
17014,2023,196760,1,1,1,1,1,2,1
17015,2023,80000,1,1,1,1,1,3,1
17016,2023,126500,2,1,1,1,1,2,1
17017,2023,78000,2,1,1,1,1,2,1
17018,2023,250000,1,1,1,4,1,2,1
17019,2023,222000,1,1,1,4,1,2,1
17020,2023,297000,1,1,1,1,1,2,1
17021,2023,147600,1,1,1,2,1,2,1
17022,2023,106300,1,1,1,2,1,2,1
17023,2023,131250,1,1,1,1,1,2,1
17024,2023,128100,1,1,1,1,1,2,1
17025,2023,174500,2,1,1,4,1,2,1
17026,2023,113000,2,1,1,4,1,2,1
17027,2023,56500,3,2,1,3,1,2,1
17028,2023,227000,2,1,1,1,1,2,1
17029,2023,230000,1,1,1,2,1,3,1
17030,2023,160000,1,1,1,2,1,3,1
17031,2023,138300,1,1,1,1,1,2,1
17032,2023,110700,1,1,1,1,1,2,1
17033,2023,80000,1,1,1,1,1,2,1
17034,2023,212175,2,1,1,1,1,2,1
17035,2023,156000,2,1,1,1,1,2,1
17036,2023,111151,2,1,1,2,1,2,1
17037,2023,66691,2,1,1,2,1,2,1
17038,2023,190000,1,1,1,1,1,2,1
17039,2023,138700,1,1,1,1,1,2,1
17040,2023,95040,2,1,1,1,1,2,1
17041,2023,59400,2,1,1,1,1,2,1
17042,2023,197802,2,1,1,1,1,3,1
17043,2023,156453,2,1,1,1,1,3,1
17044,2023,308000,1,1,1,1,1,2,1
17045,2023,172000,1,1,1,1,1,2,1
17046,2023,122400,2,1,1,1,1,2,1
17047,2023,70000,1,1,1,2,1,1,1
17048,2023,150000,2,1,1,2,1,3,1
17049,2023,50000,2,1,1,2,1,3,1
17050,2023,172200,2,1,1,2,1,2,1
17051,2023,131200,2,1,1,2,1,2,1
17052,2023,290000,1,1,1,1,1,2,1
17053,2023,173200,1,1,1,1,1,2,1
17054,2023,204000,2,1,1,1,1,2,1
17055,2023,222000,1,1,1,1,1,3,1
17056,2023,287500,1,1,1,1,1,3,1
17057,2023,212500,1,1,1,1,1,3,1
17058,2023,190027,1,1,1,1,1,3,1
17059,2023,152022,1,1,1,1,1,3,1
17060,2023,198000,2,1,1,1,1,3,1
17061,2023,132000,2,1,1,1,1,3,1
17062,2023,170700,1,1,1,1,1,3,1
17063,2023,113900,1,1,1,1,1,3,1
17064,2023,81000,1,2,1,1,1,2,1
17065,2023,80000,1,1,1,4,1,2,1
17066,2023,75000,1,1,1,4,1,2,1
17067,2023,53000,2,1,1,2,1,2,1
17068,2023,48000,2,1,1,2,1,2,1
17069,2023,115000,2,1,1,2,1,2,1
17070,2023,194000,1,1,1,1,1,6,1
17071,2023,175000,1,1,1,1,1,6,1
17072,2023,50000,1,1,1,1,1,2,1
17073,2023,70000,1,1,1,4,1,2,1
17074,2023,130916,1,1,1,3,1,2,1
17075,2023,218213,2,1,1,1,1,2,1
17076,2023,178538,2,1,1,1,1,2,1
17077,2023,316000,1,1,1,1,1,2,1
17078,2023,202000,1,1,1,1,1,2,1
17079,2023,189750,2,1,1,1,1,2,1
17080,2023,119213,2,1,1,1,1,2,1
17081,2023,250944,2,1,1,1,1,3,1
17082,2023,205318,2,1,1,1,1,3,1
17083,2023,114000,1,1,1,1,1,2,1
17084,2023,163200,1,1,1,1,1,1,1
17085,2023,258800,1,1,1,1,1,3,1
17086,2023,199200,1,1,1,1,1,3,1
17087,2023,215625,2,1,1,1,1,2,1
17088,2023,159375,2,1,1,1,1,2,1
17089,2023,203000,1,1,1,1,1,1,1
17090,2023,133000,1,1,1,1,1,1,1
17091,2023,272400,1,2,1,1,1,2,1
17092,2023,140100,1,2,1,1,1,2,1
17093,2023,282000,1,1,1,1,1,2,1
17094,2023,93919,2,1,1,1,1,2,1
17095,2023,51962,2,1,1,1,1,2,1
17096,2023,118800,2,1,1,1,1,2,1
17097,2023,159350,1,1,1,1,1,3,1
17098,2023,130100,1,1,1,1,1,3,1
17099,2023,262000,2,1,1,1,1,2,1
17100,2023,205218,1,1,1,1,1,2,1
17101,2023,136743,1,1,1,1,1,2,1
17102,2023,185000,1,2,1,1,1,1,1
17103,2023,94600,1,2,1,1,1,1,1
17104,2023,160000,1,1,1,1,1,1,1
17105,2023,107000,1,1,1,1,1,1,1
17106,2023,264400,2,1,1,1,1,3,1
17107,2023,176300,2,1,1,1,1,3,1
17108,2023,275000,1,1,1,1,1,1,1
17109,2023,175000,1,1,1,1,1,1,1
17110,2023,76000,1,2,1,3,1,3,1
17111,2023,169500,2,1,1,1,1,2,1
17112,2023,138000,2,1,1,1,1,2,1
17113,2023,180000,1,1,1,2,1,3,1
17114,2023,120000,1,1,1,2,1,3,1
17115,2023,138900,1,1,1,1,1,2,1
17116,2023,110400,1,1,1,1,1,2,1
17117,2023,68000,1,1,1,1,1,2,1
17118,2023,260600,1,1,1,2,1,2,1
17119,2023,63750,2,1,1,3,1,2,1
17120,2023,46400,2,1,1,3,1,2,1
17121,2023,214872,2,1,1,1,1,2,1
17122,2023,186846,2,1,1,1,1,2,1
17123,2023,70600,1,1,1,2,1,2,1
17124,2023,149500,2,1,1,2,1,2,1
17125,2023,127075,2,1,1,2,1,2,1
17126,2023,162000,2,1,1,1,1,2,1
17127,2023,111000,2,1,1,1,1,2,1
17128,2023,280000,2,1,1,1,1,3,1
17129,2023,182750,2,1,1,1,1,3,1
17130,2023,196000,1,1,1,1,1,1,1
17131,2023,142600,1,1,1,1,1,1,1
17132,2023,193000,2,1,1,1,1,2,1
17133,2023,225000,1,1,1,4,1,2,1
17134,2023,297300,2,1,1,1,1,3,1
17135,2023,198200,2,1,1,1,1,3,1
17136,2023,156000,2,1,1,1,1,3,1
17137,2023,196500,1,1,1,1,1,2,1
17138,2023,97300,1,1,1,1,1,2,1
17139,2023,192000,2,1,1,1,1,3,1
17140,2023,164000,2,1,1,1,1,3,1
17141,2023,227700,2,1,1,1,1,3,1
17142,2023,154836,2,1,1,1,1,3,1
17143,2023,285000,1,2,1,2,1,3,1
17144,2023,190000,1,2,1,2,1,3,1
17145,2023,405000,1,2,1,2,1,1,1
17146,2023,270000,1,2,1,2,1,1,1
17147,2023,214300,1,1,1,2,1,2,1
17148,2023,108500,1,1,1,2,1,2,1
17149,2023,145000,2,1,1,2,1,2,1
17150,2023,113000,2,1,1,2,1,2,1
17151,2023,194500,1,1,1,1,1,2,1
17152,2023,110250,1,1,1,1,1,2,1
17153,2023,295000,1,1,1,1,1,2,1
17154,2023,177300,1,1,1,1,1,2,1
17155,2023,220000,1,1,1,3,1,2,1
17156,2023,187000,1,1,1,3,1,2,1
17157,2023,353200,1,1,1,4,1,2,1
17158,2023,249300,1,1,1,4,1,2,1
17159,2023,79000,1,1,1,1,1,2,1
17160,2023,131000,1,1,1,1,1,2,1
17161,2023,163000,2,1,1,1,1,2,1
17162,2023,107400,1,1,1,1,1,2,1
17163,2023,101500,1,1,1,1,1,2,1
17164,2023,211000,1,1,1,1,1,2,1
17165,2023,161000,1,1,1,1,1,2,1
17166,2023,116300,1,1,1,1,1,2,1
17167,2023,175564,2,1,1,1,1,2,1
17168,2023,144854,2,1,1,1,1,2,1
17169,2023,225000,1,1,1,1,1,3,1
17170,2023,151300,2,1,1,1,1,2,1
17171,2023,126100,2,1,1,1,1,2,1
17172,2023,180000,2,1,1,4,1,2,1
17173,2023,125000,2,1,1,4,1,2,1
17174,2023,113000,1,1,1,1,1,2,1
17175,2023,90400,1,1,1,1,1,2,1
17176,2023,204300,1,1,1,1,1,2,1
17177,2023,139000,1,1,1,1,1,2,1
17178,2023,157000,1,1,1,1,1,1,1
17179,2023,212800,1,2,1,1,1,3,1
17180,2023,111600,1,2,1,1,1,3,1
17181,2023,183000,1,1,1,1,1,2,1
17182,2023,169000,1,1,1,1,1,2,1
17183,2023,91000,1,1,1,1,1,2,1
17184,2023,70900,1,1,1,2,1,2,1
17185,2023,174500,1,1,1,4,1,2,1
17186,2023,113000,1,1,1,4,1,2,1
17187,2023,127500,2,1,1,1,1,2,1
17188,2023,145500,1,1,1,1,1,2,1
17189,2023,108000,1,1,1,1,1,2,1
17190,2023,175100,2,1,1,1,1,2,1
17191,2023,122500,2,1,1,1,1,2,1
17192,2023,82500,2,1,1,1,1,2,1
17193,2023,217000,1,1,1,2,1,2,1
17194,2023,192000,1,1,1,2,1,2,1
17195,2023,60000,1,1,1,1,1,2,1
17196,2023,350000,1,1,1,1,1,3,1
17197,2023,168000,1,1,1,1,1,3,1
17198,2023,234900,1,1,1,1,1,2,1
17199,2023,113500,1,1,1,1,1,2,1
17200,2023,385000,1,1,1,1,1,2,1
17201,2023,255000,1,1,1,1,1,2,1
17202,2023,202500,1,1,1,1,1,2,1
17203,2023,177500,1,1,1,1,1,2,1
17204,2023,155000,2,2,1,1,1,2,1
17205,2023,130000,2,2,1,1,1,2,1
17206,2023,240000,2,1,1,1,1,2,1
17207,2023,170200,1,1,1,1,1,3,1
17208,2023,83900,1,1,1,1,1,3,1
17209,2023,385000,1,1,1,1,1,1,1
17210,2023,310000,1,1,1,1,1,1,1
17211,2023,88000,2,1,1,1,1,2,1
17212,2023,158000,2,1,1,1,1,3,1
17213,2023,108000,2,1,1,1,1,3,1
17214,2023,310000,1,1,1,1,1,2,1
17215,2023,306000,2,1,1,1,1,2,1
17216,2023,270000,2,1,1,4,1,2,1
17217,2023,200000,2,1,1,4,1,2,1
17218,2023,188600,1,1,1,1,1,2,1
17219,2023,111550,1,1,1,1,1,2,1
17220,2023,360000,1,1,1,1,1,3,1
17221,2023,129100,1,1,1,1,1,2,1
17222,2023,111400,1,1,1,1,1,2,1
17223,2023,242921,1,1,1,1,1,3,1
17224,2023,170045,1,1,1,1,1,3,1
17225,2023,156450,1,1,1,3,1,2,1
17226,2023,119200,1,1,1,3,1,2,1
17227,2023,88600,1,1,1,1,1,2,1
17228,2023,207345,2,1,1,1,1,2,1
17229,2023,180300,2,1,1,1,1,2,1
17230,2023,228045,2,1,1,1,1,2,1
17231,2023,198300,2,1,1,1,1,2,1
17232,2023,194500,2,1,1,1,1,2,1
17233,2023,132320,2,1,1,1,1,2,1
17234,2023,223602,1,1,1,1,1,2,1
17235,2023,143520,1,1,1,1,1,2,1
17236,2023,154000,1,1,1,1,1,2,1
17237,2023,103000,1,1,1,1,1,2,1
17238,2023,140000,1,1,1,4,1,2,1
17239,2023,296100,1,1,1,1,1,2,1
17240,2023,144500,1,1,1,1,1,2,1
17241,2023,118600,1,1,1,1,1,2,1
17242,2023,96800,1,1,1,1,1,2,1
17243,2023,99500,1,1,1,1,1,2,1
17244,2023,53300,1,1,1,1,1,2,1
17245,2023,172000,1,1,1,1,1,1,1
17246,2023,125000,1,1,1,1,1,1,1
17247,2023,245000,1,1,1,1,1,1,1
17248,2023,139600,1,1,1,1,1,2,1
17249,2023,85700,1,1,1,1,1,2,1
17250,2023,330000,2,1,1,1,1,3,1
17251,2023,188000,2,1,1,1,1,3,1
17252,2023,106000,2,1,1,1,1,2,1
17253,2023,269100,1,1,1,1,1,2,1
17254,2023,131300,1,1,1,1,1,2,1
17255,2023,220000,2,1,1,1,1,3,1
17256,2023,252990,2,1,1,2,1,1,1
17257,2023,162170,2,1,1,2,1,1,1
17258,2023,260000,2,1,1,1,1,3,1
17259,2023,235000,2,1,1,1,1,3,1
17260,2023,212800,2,1,1,1,1,2,1
17261,2023,111600,2,1,1,1,1,2,1
17262,2023,194521,1,1,1,1,1,2,1
17263,2023,176838,1,1,1,1,1,2,1
17264,2023,200000,1,1,1,4,1,2,1
17265,2023,191765,1,1,1,1,1,2,1
17266,2023,134236,1,1,1,1,1,2,1
17267,2023,198800,1,1,1,1,1,2,1
17268,2023,90700,1,1,1,1,1,2,1
17269,2023,200000,1,1,1,2,1,3,1
17270,2023,155000,2,1,1,1,1,2,1
17271,2023,115500,1,1,1,2,1,2,1
17272,2023,73500,1,1,1,2,1,2,1
17273,2023,109000,1,1,1,1,1,2,1
17274,2023,233300,1,1,1,1,1,2,1
17275,2023,155500,1,1,1,1,1,2,1
17276,2023,306000,1,1,1,1,1,1,1
17277,2023,117500,2,1,1,1,1,2,1
17278,2023,86720,2,1,1,1,1,2,1
17279,2023,90000,2,1,1,4,1,2,1
17280,2023,70000,2,1,1,4,1,2,1
17281,2023,212800,2,2,1,1,1,2,1
17282,2023,111600,2,2,1,1,1,2,1
17283,2023,208450,1,1,1,1,1,3,1
17284,2023,151600,1,1,1,1,1,3,1
17285,2023,324000,1,1,1,1,1,2,1
17286,2023,155000,2,1,1,2,1,2,1
17287,2023,135000,2,1,1,2,1,2,1
17288,2023,223250,1,1,1,1,1,2,1
17289,2023,156275,1,1,1,1,1,2,1
17290,2023,67500,1,1,1,2,1,2,1
17291,2023,46500,1,1,1,2,1,2,1
17292,2023,78000,1,1,1,2,1,2,1
17293,2023,178200,2,1,1,1,1,3,1
17294,2023,115000,2,1,1,1,1,3,1
17295,2023,143000,1,1,1,2,1,2,1
17296,2023,253430,1,1,1,1,1,2,1
17297,2023,212780,1,1,1,1,1,2,1
17298,2023,265800,2,1,1,1,1,3,1
17299,2023,165500,2,1,1,1,1,3,1
17300,2023,134000,2,1,1,1,1,2,1
17301,2023,180000,2,1,1,1,1,3,1
17302,2023,120681,2,1,1,2,1,2,1
17303,2023,72409,2,1,1,2,1,2,1
17304,2023,139750,2,1,1,1,1,3,1
17305,2023,254000,2,1,1,1,1,2,1
17306,2023,272290,2,1,1,1,1,2,1
17307,2023,169374,2,1,1,1,1,2,1
17308,2023,195000,2,2,1,1,1,2,1
17309,2023,112200,1,1,1,1,1,2,1
17310,2023,100000,2,1,1,2,1,3,1
17311,2023,250500,1,1,1,1,1,3,1
17312,2023,166600,1,1,1,1,1,3,1
17313,2023,223290,1,1,1,1,1,2,1
17314,2023,131310,1,1,1,1,1,2,1
17315,2023,140000,1,1,1,1,1,1,1
17316,2023,135960,1,1,1,1,1,1,1
17317,2023,70960,1,1,1,1,1,1,1
17318,2023,128750,1,1,1,1,1,2,1
17319,2023,86250,1,1,1,1,1,2,1
17320,2023,185100,2,1,1,1,1,2,1
17321,2023,133300,2,1,1,1,1,2,1
17322,2023,130000,2,2,1,3,1,3,1
17323,2023,85000,1,1,1,2,1,3,1
17324,2023,204750,1,1,1,1,1,2,1
17325,2023,153550,1,1,1,1,1,2,1
17326,2023,141000,1,1,1,1,1,2,1
17327,2023,120000,2,1,1,1,1,1,1
17328,2023,207611,1,1,1,1,1,3,1
17329,2023,127876,1,1,1,1,1,3,1
17330,2023,144500,2,1,1,2,1,2,1
17331,2023,255360,1,1,1,1,1,3,1
17332,2023,212800,1,1,1,1,1,3,1
17333,2023,106400,1,1,1,1,1,2,1
17334,2023,69139,2,1,1,2,1,2,1
17335,2023,300105,1,1,1,1,1,2,1
17336,2023,151090,1,1,1,1,1,2,1
17337,2023,217600,1,1,1,2,1,3,1
17338,2023,145000,1,1,1,2,1,3,1
17339,2023,129000,2,1,1,1,1,2,1
17340,2023,50000,1,1,1,1,1,1,1
17341,2023,59500,1,1,1,2,1,2,1
17342,2023,173400,1,1,1,1,1,3,1
17343,2023,215000,2,1,1,1,1,2,1
17344,2023,153000,2,1,1,1,1,2,1
17345,2023,330000,1,1,1,4,1,3,1
17346,2023,188000,1,1,1,4,1,3,1
17347,2023,73000,2,1,1,2,1,2,1
17348,2023,329500,2,1,1,4,1,2,1
17349,2023,269600,2,1,1,4,1,2,1
17350,2023,185900,1,1,1,2,1,2,1
17351,2023,129300,1,1,1,2,1,2,1
17352,2023,146000,1,1,1,2,1,2,1
17353,2023,147100,1,1,1,1,1,2,1
17354,2023,257000,2,1,1,1,1,2,1
17355,2023,197000,2,1,1,1,1,2,1
17356,2023,84800,1,1,1,1,1,2,1
17357,2023,340000,1,1,1,1,1,3,1
17358,2023,142400,1,1,1,1,1,2,1
17359,2023,85000,2,1,1,2,1,3,1
17360,2023,241300,1,1,1,1,1,3,1
17361,2023,211949,1,1,1,1,1,3,1
17362,2023,123800,2,1,1,1,1,3,1
17363,2023,142500,1,1,1,1,1,2,1
17364,2023,330000,1,1,1,1,1,3,1
17365,2023,204000,1,1,1,1,1,3,1
17366,2023,180000,2,1,1,4,1,3,1
17367,2023,160000,2,1,1,4,1,3,1
17368,2023,193600,1,1,1,1,1,2,1
17369,2023,130838,1,1,1,1,1,2,1
17370,2023,225500,1,1,1,1,1,2,1
17371,2023,139400,1,1,1,1,1,2,1
17372,2023,328133,1,1,1,1,1,3,1
17373,2023,218755,1,1,1,1,1,3,1
17374,2023,250830,1,1,1,1,1,2,1
17375,2023,143370,1,1,1,1,1,2,1
17376,2023,203500,1,1,1,1,1,2,1
17377,2023,166500,1,1,1,1,1,2,1
17378,2023,148350,1,1,1,1,1,1,1
17379,2023,87400,1,1,1,1,1,1,1
17380,2023,157550,1,1,1,1,1,2,1
17381,2023,104650,1,1,1,1,1,2,1
17382,2023,139500,2,1,1,1,1,2,1
17383,2023,118575,2,1,1,1,1,2,1
17384,2023,129150,1,1,1,1,1,2,1
17385,2023,98400,1,1,1,1,1,2,1
17386,2023,98010,1,1,1,1,1,2,1
17387,2023,66825,1,1,1,1,1,2,1
17388,2023,170000,1,3,1,2,1,3,1
17389,2023,120000,1,3,1,2,1,3,1
17390,2023,229000,1,1,1,2,1,2,1
17391,2023,223800,1,1,1,1,1,2,1
17392,2023,172100,1,1,1,1,1,2,1
17393,2023,258800,1,1,1,1,1,2,1
17394,2023,199200,1,1,1,1,1,2,1
17395,2023,148000,1,1,1,1,1,1,1
17396,2023,193600,1,1,1,1,1,3,1
17397,2023,119700,1,1,1,1,1,3,1
17398,2023,175750,1,1,1,1,1,2,1
17399,2023,136742,1,1,1,1,1,2,1
17400,2023,257400,1,1,1,2,1,1,1
17401,2023,193500,1,1,1,2,1,1,1
17402,2023,228856,2,1,1,1,1,2,1
17403,2023,144540,2,1,1,1,1,2,1
17404,2023,150600,2,1,1,1,1,2,1
17405,2023,200000,2,2,1,1,1,2,1
17406,2023,172758,2,1,1,1,1,2,1
17407,2023,194992,2,1,1,1,1,2,1
17408,2023,213800,1,1,1,1,1,3,1
17409,2023,180300,1,1,1,1,1,3,1
17410,2023,375500,2,1,1,4,1,2,1
17411,2023,250300,2,1,1,4,1,2,1
17412,2023,262269,2,1,1,1,1,3,1
17413,2023,230797,2,1,1,1,1,3,1
17414,2023,147100,1,1,1,2,1,2,1
17415,2023,90700,1,1,1,2,1,2,1
17416,2023,185000,1,1,1,1,1,3,1
17417,2023,73500,2,1,1,1,1,2,1
17418,2023,158900,2,1,1,1,1,3,1
17419,2023,132400,2,1,1,1,1,3,1
17420,2023,140000,2,3,1,2,1,3,1
17421,2023,163800,1,1,1,1,1,3,1
17422,2023,126000,1,1,1,1,1,3,1
17423,2023,111967,2,1,1,1,1,2,1
17424,2023,88000,1,1,1,2,1,2,1
17425,2023,216027,2,1,1,1,1,2,1
17426,2023,101028,2,1,1,1,1,2,1
17427,2023,309400,1,2,1,1,1,2,1
17428,2023,159100,1,2,1,1,1,2,1
17429,2023,174350,2,1,1,1,1,2,1
17430,2023,126800,2,1,1,1,1,2,1
17431,2023,130000,2,3,1,1,1,2,1
17432,2023,105000,2,3,1,1,1,2,1
17433,2023,232200,1,1,1,1,1,3,1
17434,2023,119000,1,1,1,1,1,3,1
17435,2023,153300,2,1,1,1,1,2,1
17436,2023,104244,2,1,1,1,1,2,1
17437,2023,122600,1,1,1,1,1,2,1
17438,2023,210000,1,3,1,2,1,3,1
17439,2023,385000,2,1,1,1,1,3,1
17440,2023,245000,2,1,1,1,1,3,1
17441,2023,225000,1,1,1,2,1,3,1
17442,2023,131650,1,1,1,1,1,2,1
17443,2023,105320,1,1,1,1,1,2,1
17444,2023,151800,1,1,1,1,1,1,1
17445,2023,112500,2,1,1,1,1,2,1
17446,2023,163200,1,1,1,1,1,3,1
17447,2023,65000,2,1,1,1,1,2,1
17448,2023,55000,2,1,1,1,1,2,1
17449,2023,165400,1,1,1,1,1,3,1
17450,2023,127300,1,1,1,1,1,3,1
17451,2023,126900,1,1,1,2,1,2,1
17452,2023,77900,1,1,1,2,1,2,1
17453,2023,110600,1,1,1,1,1,2,1
17454,2023,140000,1,1,1,3,1,2,1
17455,2023,239400,1,1,1,1,1,3,1
17456,2023,136800,1,1,1,1,1,3,1
17457,2023,323300,1,1,1,1,1,3,1
17458,2023,184700,1,1,1,1,1,3,1
17459,2023,136000,1,1,1,1,1,1,1
17460,2023,171250,1,1,1,1,1,2,1
17461,2023,113750,1,1,1,1,1,2,1
17462,2023,195000,2,1,1,1,1,3,1
17463,2023,142000,2,1,1,1,1,3,1
17464,2023,194100,1,1,1,1,1,3,1
17465,2023,152300,1,1,1,1,1,3,1
17466,2023,157250,2,1,1,1,1,1,1
17467,2023,212000,2,1,1,1,1,2,1
17468,2023,194400,2,1,1,1,1,2,1
17469,2023,132192,2,1,1,1,1,2,1
17470,2023,174000,2,1,1,1,1,2,1
17471,2023,152000,2,1,1,2,1,2,1
17472,2023,144700,1,1,1,1,1,2,1
17473,2023,265800,2,1,1,4,1,2,1
17474,2023,177200,2,1,1,4,1,2,1
17475,2023,250000,2,1,1,1,1,3,1
17476,2023,284310,1,1,1,1,1,2,1
17477,2023,153090,1,1,1,1,1,2,1
17478,2023,204500,1,1,1,1,1,1,1
17479,2023,142200,1,1,1,1,1,1,1
17480,2023,213210,2,1,1,1,1,2,1
17481,2023,102434,2,1,1,1,1,2,1
17482,2023,226600,1,1,1,1,1,2,1
17483,2023,140100,1,1,1,1,1,2,1
17484,2023,156400,2,1,1,1,1,2,1
17485,2023,250000,1,1,1,1,1,1,1
17486,2023,233400,2,1,1,1,1,2,1
17487,2023,145300,2,1,1,1,1,2,1
17488,2023,248000,1,1,1,1,1,2,1
17489,2023,149000,1,1,1,1,1,2,1
17490,2023,120250,1,1,1,1,1,3,1
17491,2023,225000,1,1,1,2,1,2,1
17492,2023,152700,1,1,1,2,1,2,1
17493,2023,139152,1,2,1,2,1,2,1
17494,2023,82452,1,2,1,2,1,2,1
17495,2023,200000,2,1,1,4,1,3,1
17496,2023,145000,2,1,1,4,1,3,1
17497,2023,269500,1,1,1,1,1,3,1
17498,2023,295500,2,1,1,4,1,3,1
17499,2023,165200,2,1,1,4,1,3,1
17500,2023,235000,1,1,1,2,1,3,1
17501,2023,144000,2,1,1,1,1,2,1
17502,2023,160667,1,1,1,1,1,2,1
17503,2023,304200,1,1,1,1,1,2,1
17504,2023,173800,1,1,1,1,1,2,1
17505,2023,191765,1,1,1,2,1,2,1
17506,2023,134326,1,1,1,2,1,2,1
17507,2023,258384,2,1,1,1,1,3,1
17508,2023,153100,2,1,1,1,1,3,1
17509,2023,146200,1,1,1,1,1,2,1
17510,2023,116960,1,1,1,1,1,2,1
17511,2023,370000,1,1,1,1,1,2,1
17512,2023,111600,1,1,1,1,1,2,1
17513,2023,72000,1,1,1,1,1,2,1
17514,2023,90000,3,2,1,3,1,2,1
17515,2023,84000,2,1,1,2,1,2,1
17516,2023,253000,2,1,1,1,1,2,1
17517,2023,145900,1,1,1,1,1,2,1
17518,2023,94600,1,1,1,3,1,2,1
17519,2023,86000,1,1,1,3,1,2,1
17520,2023,104000,1,1,1,1,1,2,1
17521,2023,173650,1,1,1,1,1,2,1
17522,2023,113900,1,1,1,1,1,2,1
17523,2023,248100,1,1,1,1,1,2,1
17524,2023,108000,2,1,1,1,1,2,1
17525,2023,94000,1,1,1,4,1,2,1
17526,2023,180000,2,2,1,1,1,2,1
17527,2023,97750,1,1,1,1,1,2,1
17528,2023,252990,2,1,1,3,1,1,1
17529,2023,162170,2,1,1,3,1,1,1
17530,2023,216000,1,1,1,1,1,2,1
17531,2023,67500,1,1,1,3,1,2,1
17532,2023,265000,2,1,1,1,1,2,1
17533,2023,126277,2,1,1,1,1,2,1
17534,2023,224500,1,1,1,1,1,2,1
17535,2023,126900,1,1,1,1,1,2,1
17536,2023,227700,2,1,1,1,1,2,1
17537,2023,154836,2,1,1,1,1,2,1
17538,2023,126000,1,1,1,1,1,2,1
17539,2023,165000,1,1,1,1,1,3,1
17540,2023,209000,1,1,1,1,1,2,1
17541,2023,112500,1,1,1,1,1,2,1
17542,2023,214000,1,1,1,1,1,2,1
17543,2023,205000,2,1,1,1,1,2,1
17544,2023,178000,1,1,1,1,1,2,1
17545,2023,109283,1,1,1,1,1,2,1
17546,2023,189000,1,1,1,1,1,1,1
17547,2023,137000,1,1,1,1,1,1,1
17548,2023,154500,2,1,1,1,1,2,1
17549,2023,131325,2,1,1,1,1,2,1
17550,2023,207500,2,1,1,1,1,2,1
17551,2023,172900,2,1,1,1,1,2,1
17552,2023,168400,1,1,1,1,1,2,1
17553,2023,105200,1,1,1,1,1,2,1
17554,2023,237000,1,1,1,1,1,1,1
17555,2023,170112,1,1,1,1,1,1,1
17556,2023,167310,1,1,1,1,1,2,1
17557,2023,121000,2,1,1,1,1,2,1
17558,2023,325000,2,1,1,1,1,3,1
17559,2023,171000,2,1,1,1,1,3,1
17560,2023,137000,1,1,1,1,1,2,1
17561,2023,155810,1,1,1,2,1,3,1
17562,2023,106720,1,1,1,2,1,3,1
17563,2023,133000,2,1,1,1,1,2,1
17564,2023,113000,2,1,1,1,1,2,1
17565,2023,208400,2,1,1,1,1,2,1
17566,2023,240500,1,2,1,1,1,2,1
17567,2023,123700,1,2,1,1,1,2,1
17568,2023,78000,2,2,1,1,1,2,1
17569,2023,48915,1,1,1,3,1,2,1
17570,2023,68000,1,1,1,2,1,2,1
17571,2023,275500,1,1,1,1,1,2,1
17572,2023,102000,1,1,1,1,1,2,1
17573,2023,228000,1,1,1,1,1,2,1
17574,2023,207611,2,1,1,1,1,2,1
17575,2023,127876,2,1,1,1,1,2,1
17576,2023,111000,1,1,1,3,1,2,1
17577,2023,81500,1,1,1,2,1,2,1
17578,2023,97750,1,1,1,2,1,2,1
17579,2023,132600,2,1,1,3,1,2,1
17580,2023,81500,2,1,1,3,1,2,1
17581,2023,202400,1,1,1,2,1,2,1
17582,2023,147200,1,1,1,2,1,2,1
17583,2023,239000,1,1,1,1,1,2,1
17584,2023,54000,2,1,1,2,1,2,1
17585,2023,36000,2,1,1,2,1,2,1
17586,2023,176000,2,1,1,1,1,2,1
17587,2023,118720,2,1,1,1,1,2,1
17588,2023,165000,2,1,1,2,1,2,1
17589,2023,136000,2,1,1,2,1,2,1
17590,2023,272300,1,1,1,1,1,2,1
17591,2023,222800,1,1,1,1,1,2,1
17592,2023,172750,2,1,1,1,1,2,1
17593,2023,168000,1,1,1,1,1,1,1
17594,2023,280600,1,1,1,1,1,2,1
17595,2023,158600,1,1,1,1,1,2,1
17596,2023,283780,1,1,1,1,1,3,1
17597,2023,218540,1,1,1,1,1,3,1
17598,2023,178500,1,1,1,1,1,2,1
17599,2023,323300,1,1,1,1,1,2,1
17600,2023,184700,1,1,1,1,1,2,1
17601,2023,185000,2,1,1,2,1,1,1
17602,2023,137700,2,1,1,2,1,1,1
17603,2023,65100,2,1,1,2,1,2,1
17604,2023,44640,2,1,1,2,1,2,1
17605,2023,161000,2,1,1,2,1,2,1
17606,2023,123000,2,1,1,2,1,2,1
17607,2023,278700,1,1,1,1,1,2,1
17608,2023,159300,1,1,1,1,1,2,1
17609,2023,65000,1,1,1,1,1,2,1
17610,2023,230000,1,1,1,2,1,2,1
17611,2023,175000,1,1,1,2,1,2,1
17612,2023,252990,2,1,1,1,1,2,1
17613,2023,162170,2,1,1,1,1,2,1
17614,2023,310270,1,1,1,1,1,2,1
17615,2023,239080,1,1,1,1,1,2,1
17616,2023,70000,2,1,1,1,1,2,1
17617,2023,172040,2,1,1,1,1,2,1
17618,2023,227850,2,1,1,1,1,3,1
17619,2023,180500,2,1,1,1,1,3,1
17620,2023,199000,2,1,1,1,1,2,1
17621,2023,159000,2,1,1,1,1,2,1
17622,2023,350000,1,1,1,1,1,2,1
17623,2023,104000,1,1,1,1,1,3,1
17624,2023,275300,2,1,1,1,1,3,1
17625,2023,183500,2,1,1,1,1,3,1
17626,2023,174350,1,1,1,1,1,2,1
17627,2023,126800,1,1,1,1,1,2,1
17628,2023,284050,1,1,1,1,1,3,1
17629,2023,193800,1,1,1,1,1,3,1
17630,2023,232989,2,1,1,1,1,2,1
17631,2023,150550,2,1,1,1,1,2,1
17632,2023,116710,2,1,1,1,1,2,1
17633,2023,198800,1,1,1,1,1,1,1
17634,2023,105200,1,1,1,1,1,1,1
17635,2023,167500,1,1,1,4,1,2,1
17636,2023,106500,1,1,1,4,1,2,1
17637,2023,181500,1,1,1,2,1,2,1
17638,2023,127000,1,1,1,2,1,2,1
17639,2023,138000,1,1,1,2,1,2,1
17640,2023,122000,1,1,1,2,1,2,1
17641,2023,91270,1,1,1,1,1,2,1
17642,2023,247000,2,1,1,4,1,2,1
17643,2023,118440,2,1,1,4,1,2,1
17644,2023,138900,1,1,1,2,1,2,1
17645,2023,204500,2,1,1,1,1,2,1
17646,2023,138900,2,1,1,1,1,2,1
17647,2023,136000,2,1,1,1,1,1,1
17648,2023,90600,2,1,1,1,1,1,1
17649,2023,315300,2,1,1,1,1,3,1
17650,2023,210200,2,1,1,1,1,3,1
17651,2023,177000,1,1,1,2,1,2,1
17652,2023,55000,2,1,1,2,1,2,1
17653,2023,183200,1,1,1,2,1,2,1
17654,2023,122200,1,1,1,2,1,2,1
17655,2023,131000,2,1,1,1,1,2,1
17656,2023,101000,2,1,1,1,1,2,1
17657,2023,171050,2,1,1,1,1,2,1
17658,2023,124400,2,1,1,1,1,2,1
17659,2023,241300,1,2,1,1,1,2,1
17660,2023,124100,1,2,1,1,1,2,1
17661,2023,288000,2,1,1,1,1,2,1
17662,2023,189750,1,1,1,1,1,2,1
17663,2023,252000,2,1,1,1,1,2,1
17664,2023,273000,1,1,1,1,1,1,1
17665,2023,166500,1,1,1,1,1,1,1
17666,2023,65000,1,1,1,3,1,1,1
17667,2023,45000,1,1,1,3,1,1,1
17668,2023,174000,1,1,1,1,1,2,1
17669,2023,228830,1,1,1,1,1,3,1
17670,2023,148590,1,1,1,1,1,3,1
17671,2023,78000,1,1,1,1,1,2,1
17672,2023,81900,1,1,1,1,1,2,1
17673,2023,208000,2,1,1,1,1,2,1
17674,2023,109500,2,1,1,1,1,2,1
17675,2023,238530,1,1,1,1,1,2,1
17676,2023,154700,1,1,1,1,1,2,1
17677,2023,118900,1,1,1,1,1,2,1
17678,2023,232960,1,1,1,1,1,2,1
17679,2023,166400,1,1,1,1,1,2,1
17680,2023,156000,1,1,1,2,1,2,1
17681,2023,138860,1,1,1,1,1,2,1
17682,2023,119610,1,1,1,1,1,2,1
17683,2023,205485,1,1,1,1,1,2,1
17684,2023,156560,1,1,1,1,1,2,1
17685,2023,144100,2,1,1,1,1,2,1
17686,2023,89100,2,1,1,1,1,2,1
17687,2023,100000,1,1,1,1,1,1,1
17688,2023,119700,1,1,1,1,1,2,1
17689,2023,81900,2,1,1,1,1,2,1
17690,2023,201000,1,1,1,1,1,2,1
17691,2023,141100,1,1,1,1,1,1,1
17692,2023,94100,1,1,1,1,1,1,1
17693,2023,130800,2,1,1,1,1,2,1
17694,2023,87200,2,1,1,1,1,2,1
17695,2023,238000,2,1,1,1,1,3,1
17696,2023,173000,2,1,1,1,1,3,1
17697,2023,299500,1,1,1,1,1,2,1
17698,2023,245100,1,1,1,1,1,2,1
17699,2023,290000,2,1,1,1,1,3,1
17700,2023,226000,2,1,1,1,1,3,1
17701,2023,151000,2,1,1,1,1,2,1
17702,2023,136994,2,1,1,1,1,2,1
17703,2023,278300,1,1,1,1,1,2,1
17704,2023,205700,1,1,1,1,1,2,1
17705,2023,114000,2,1,1,2,1,2,1
17706,2023,194000,1,1,1,1,1,2,1
17707,2023,184950,1,1,1,1,1,3,1
17708,2023,119250,1,1,1,1,1,3,1
17709,2023,178500,2,1,1,1,1,2,1
17710,2023,189000,2,1,1,1,1,3,1
17711,2023,159090,2,1,1,1,1,3,1
17712,2023,82000,1,1,1,2,1,2,1
17713,2023,149076,2,1,1,1,1,2,1
17714,2023,82365,2,1,1,1,1,2,1
17715,2023,194595,1,1,1,1,1,2,1
17716,2023,305000,1,1,1,1,1,3,1
17717,2023,245000,1,1,1,1,1,3,1
17718,2023,205485,2,1,1,1,1,2,1
17719,2023,156560,2,1,1,1,1,2,1
17720,2023,168000,2,2,1,1,1,2,1
17721,2023,78400,2,2,1,1,1,2,1
17722,2023,175000,1,1,1,1,1,3,1
17723,2023,130002,2,1,1,4,1,2,1
17724,2023,71908,2,1,1,4,1,2,1
17725,2023,148000,1,1,1,1,1,2,1
17726,2023,38000,1,1,1,1,1,2,1
17727,2023,218000,2,1,1,1,1,3,1
17728,2023,235400,2,1,1,1,1,2,1
17729,2023,108320,2,1,1,1,1,2,1
17730,2023,115934,2,1,1,1,1,2,1
17731,2023,81666,2,1,1,1,1,2,1
17732,2023,79000,1,1,1,2,1,2,1
17733,2023,273400,1,1,1,1,1,1,1
17734,2023,182200,1,1,1,1,1,1,1
17735,2023,285000,2,1,1,1,1,2,1
17736,2023,200000,2,1,1,2,1,2,1
17737,2023,275000,1,1,1,2,1,1,1
17738,2023,200000,1,1,1,2,1,1,1
17739,2023,122720,1,1,1,1,1,2,1
17740,2023,231500,1,1,1,1,1,2,1
17741,2023,118000,1,1,1,1,1,2,1
17742,2023,299500,2,1,1,4,1,2,1
17743,2023,249600,2,1,1,4,1,2,1
17744,2023,297000,1,1,1,1,1,3,1
17745,2023,138000,1,1,1,1,1,3,1
17746,2023,267100,2,1,1,1,1,2,1
17747,2023,167200,2,1,1,1,1,2,1
17748,2023,188500,2,1,1,1,1,2,1
17749,2023,117000,2,1,1,1,1,2,1
17750,2023,150931,1,1,1,1,1,2,1
17751,2023,143250,1,1,1,1,1,2,1
17752,2023,231000,2,1,1,1,1,2,1
17753,2023,157250,2,1,1,1,1,2,1
17754,2023,157250,2,1,1,1,1,3,1
17755,2023,232000,1,1,1,1,1,2,1
17756,2023,184250,1,1,1,1,1,2,1
17757,2023,154440,1,1,1,1,1,2,1
17758,2023,68550,1,1,1,1,1,2,1
17759,2023,90000,1,1,1,3,1,2,1
17760,2023,253000,2,1,1,1,1,1,1
17761,2023,156400,2,1,1,1,1,1,1
17762,2023,235000,1,1,1,1,1,3,1
17763,2023,223100,1,2,1,1,1,2,1
17764,2023,114700,1,2,1,1,1,2,1
17765,2023,152375,2,1,1,2,1,2,1
17766,2023,94000,2,1,1,2,1,2,1
17767,2023,120350,1,1,1,1,1,2,1
17768,2023,74400,1,1,1,1,1,2,1
17769,2023,258750,2,1,1,1,1,2,1
17770,2023,172500,2,1,1,1,1,2,1
17771,2023,220000,1,1,1,4,1,2,1
17772,2023,150000,1,1,1,4,1,2,1
17773,2023,109528,1,1,1,1,1,2,1
17774,2023,160000,2,2,1,1,1,2,1
17775,2023,93919,1,1,1,1,1,2,1
17776,2023,186600,2,1,1,1,1,2,1
17777,2023,119800,2,1,1,1,1,2,1
17778,2023,383910,1,1,1,1,1,3,1
17779,2023,315850,1,1,1,1,1,3,1
17780,2023,198000,2,1,1,2,1,2,1
17781,2023,141600,2,1,1,2,1,2,1
17782,2023,94400,2,1,1,2,1,2,1
17783,2023,209450,2,1,1,1,1,2,1
17784,2023,167560,2,1,1,1,1,2,1
17785,2021,185000,3,1,1,1,1,3,1
17786,2020,164000,3,1,1,1,1,2,1
17787,2023,52500,1,1,1,3,1,2,1
17788,2023,238000,1,1,1,1,1,2,1
17789,2023,149500,1,1,1,1,1,2,1
17790,2023,116500,2,1,1,1,1,2,1
17791,2023,220000,2,1,1,2,1,1,1
17792,2023,190000,2,1,1,2,1,1,1
17793,2023,166364,1,1,1,1,1,2,1
17794,2023,116455,1,1,1,1,1,2,1
17795,2023,76000,2,1,1,2,1,2,1
17796,2023,166500,2,1,1,1,1,2,1
17797,2023,205600,2,1,1,1,1,2,1
17798,2023,105700,2,1,1,1,1,2,1
17799,2023,67000,1,1,1,1,1,2,1
17800,2023,211200,1,1,1,1,1,1,1
17801,2023,200000,2,1,1,3,1,1,1
17802,2023,120000,2,1,1,3,1,1,1
17803,2023,126500,2,1,1,4,1,2,1
17804,2023,78000,2,1,1,4,1,2,1
17805,2023,157750,1,1,1,1,1,2,1
17806,2023,190000,1,1,1,2,1,1,1
17807,2023,158080,1,1,1,2,1,1,1
17808,2023,182000,2,1,1,1,1,2,1
17809,2023,252000,1,1,1,1,1,2,1
17810,2023,231000,1,1,1,1,1,3,1
17811,2023,200800,1,1,1,1,1,3,1
17812,2023,159100,2,1,1,1,1,2,1
17813,2023,120160,2,1,1,1,1,2,1
17814,2023,149094,1,1,1,2,1,3,1
17815,2023,290000,2,2,1,4,1,2,1
17816,2023,247500,1,1,1,1,1,2,1
17817,2023,172200,1,1,1,1,1,2,1
17818,2023,72250,2,1,1,1,1,2,1
17819,2023,162500,1,1,1,4,1,2,1
17820,2023,83000,2,1,1,1,1,1,1
17821,2023,63967,2,1,1,1,1,1,1
17822,2023,188600,1,1,1,1,1,1,1
17823,2023,111550,1,1,1,1,1,1,1
17824,2023,219300,1,1,1,1,1,3,1
17825,2023,143000,1,1,1,1,1,3,1
17826,2023,133300,1,1,1,1,1,3,1
17827,2023,198900,1,1,1,2,1,2,1
17828,2023,183310,1,1,1,2,1,2,1
17829,2023,392000,1,1,1,1,1,3,1
17830,2023,224000,1,1,1,1,1,3,1
17831,2023,233000,1,1,1,1,1,2,1
17832,2023,199098,1,1,1,1,1,2,1
17833,2023,107000,2,1,1,1,1,2,1
17834,2023,200800,1,1,1,1,1,1,1
17835,2023,120681,1,1,1,2,1,2,1
17836,2023,72409,1,1,1,2,1,2,1
17837,2023,250000,2,1,1,1,1,1,1
17838,2023,176000,2,1,1,1,1,1,1
17839,2023,170000,1,1,1,1,1,1,1
17840,2023,178560,1,1,1,1,1,2,1
17841,2023,148800,1,1,1,1,1,2,1
17842,2023,167954,1,1,1,4,1,2,1
17843,2023,115830,1,1,1,4,1,2,1
17844,2023,125000,1,1,1,1,1,3,1
17845,2023,331640,1,1,1,1,1,2,1
17846,2023,283780,1,1,1,1,1,2,1
17847,2023,189110,1,1,1,1,1,1,1
17848,2023,139000,1,1,1,1,1,1,1
17849,2023,199000,2,1,1,1,1,3,1
17850,2023,145000,2,1,1,1,1,3,1
17851,2023,199000,1,1,1,1,1,3,1
17852,2023,66000,1,1,1,1,1,2,1
17853,2023,52000,1,1,1,1,1,2,1
17854,2023,200000,2,2,1,1,1,3,1
17855,2023,113220,1,1,1,1,1,2,1
17856,2023,365630,1,1,1,1,1,3,1
17857,2023,229000,1,1,1,1,1,2,1
17858,2023,86700,1,2,1,1,1,2,1
17859,2023,192300,2,1,1,1,1,2,1
17860,2023,153800,2,1,1,1,1,2,1
17861,2023,131650,1,1,1,2,1,2,1
17862,2023,105320,1,1,1,2,1,2,1
17863,2023,126400,1,1,1,1,1,2,1
17864,2023,235400,2,1,1,1,1,3,1
17865,2023,160080,2,1,1,1,1,3,1
17866,2023,146190,1,1,1,1,1,2,1
17867,2023,175000,2,1,1,2,1,1,1
17868,2023,126500,1,1,1,1,1,2,1
17869,2023,96000,2,1,1,1,1,2,1
17870,2023,72000,2,1,1,1,1,2,1
17871,2023,205150,2,1,1,1,1,2,1
17872,2023,167850,2,1,1,1,1,2,1
17873,2023,222750,1,1,1,1,1,2,1
17874,2023,182250,1,1,1,1,1,2,1
17875,2023,148594,1,1,1,1,1,3,1
17876,2023,140250,2,1,1,1,1,2,1
17877,2023,254500,2,2,1,1,1,2,1
17878,2023,130900,2,2,1,1,1,2,1
17879,2023,198000,2,1,1,1,1,2,1
17880,2023,124000,2,1,1,1,1,2,1
17881,2023,234485,2,1,1,1,1,2,1
17882,2023,112655,2,1,1,1,1,2,1
17883,2023,125000,1,1,1,3,1,2,1
17884,2023,184184,2,1,1,1,1,2,1
17885,2023,167441,2,1,1,1,1,2,1
17886,2023,204500,1,1,1,4,1,2,1
17887,2023,84000,1,1,1,3,1,2,1
17888,2023,202400,2,1,1,1,1,2,1
17889,2023,147200,2,1,1,1,1,2,1
17890,2023,191000,2,1,1,1,1,2,1
17891,2023,144800,1,1,1,1,1,3,1
17892,2023,250000,2,1,1,2,1,2,1
17893,2023,172900,1,1,1,1,1,2,1
17894,2023,144100,1,1,1,1,1,2,1
17895,2023,101500,2,1,1,1,1,2,1
17896,2023,83700,2,1,1,1,1,2,1
17897,2023,283000,1,1,1,1,1,2,1
17898,2023,246500,1,1,1,1,1,2,1
17899,2023,133500,1,1,1,1,1,2,1
17900,2023,330000,1,1,1,4,1,2,1
17901,2023,284000,2,1,1,1,1,3,1
17902,2023,227000,2,1,1,1,1,3,1
17903,2023,205000,1,1,1,1,1,1,1
17904,2023,191400,1,1,1,1,1,3,1
17905,2023,127600,1,1,1,1,1,3,1
17906,2023,230000,2,1,1,1,1,3,1
17907,2023,258000,1,1,1,2,1,2,1
17908,2023,171000,1,1,1,2,1,2,1
17909,2020,300000,2,2,1,4,1,2,1
17910,2023,151840,1,1,1,1,1,2,1
17911,2023,163152,1,1,1,1,1,2,1
17912,2023,108768,1,1,1,1,1,2,1
17913,2023,285000,1,1,1,1,1,3,1
17914,2023,193900,1,1,1,1,1,3,1
17915,2023,345000,1,1,1,1,1,1,1
17916,2023,234700,1,1,1,1,1,1,1
17917,2023,241000,1,1,1,1,1,2,1
17918,2023,210000,2,2,1,1,1,4,1
17919,2023,221300,1,1,1,1,1,2,1
17920,2023,147500,1,1,1,1,1,2,1
17921,2023,210000,2,1,1,1,1,3,1
17922,2023,160000,2,1,1,1,1,3,1
17923,2023,159090,2,1,1,1,1,2,1
17924,2023,94400,2,1,1,1,1,2,1
17925,2023,130002,2,1,1,3,1,2,1
17926,2023,71908,2,1,1,3,1,2,1
17927,2023,60000,2,2,1,3,1,2,1
17928,2023,116990,2,1,1,1,1,2,1
17929,2023,82920,2,1,1,1,1,2,1
17930,2023,155000,1,1,1,2,1,1,1
17931,2023,374000,1,1,1,1,1,1,1
17932,2023,197500,1,1,1,1,1,1,1
17933,2023,187000,1,1,1,1,1,2,1
17934,2023,119000,2,1,1,1,1,2,1
17935,2023,266450,1,1,1,1,1,2,1
17936,2023,177700,1,1,1,1,1,2,1
17937,2023,55720,2,1,1,1,1,2,1
17938,2023,50700,2,1,1,1,1,2,1
17939,2023,302000,1,1,1,1,1,3,1
17940,2023,189000,1,1,1,1,1,3,1
17941,2023,93000,2,1,1,1,1,2,1
17942,2022,190000,2,2,1,1,1,2,1
17943,2023,216000,2,1,1,1,1,3,1
17944,2023,184000,2,1,1,1,1,3,1
17945,2023,128750,1,1,1,2,1,2,1
17946,2023,79350,1,1,1,2,1,2,1
17947,2023,125000,1,1,1,2,1,1,1
17948,2023,273400,2,1,1,1,1,3,1
17949,2023,182200,2,1,1,1,1,3,1
17950,2023,124230,2,1,1,1,1,2,1
17951,2023,68637,2,1,1,1,1,2,1
17952,2023,204000,2,1,1,2,1,2,1
17953,2023,161500,2,1,1,2,1,2,1
17954,2023,148750,1,1,1,1,1,2,1
17955,2023,287700,1,2,1,1,1,3,1
17956,2023,148000,1,2,1,1,1,3,1
17957,2023,227240,2,1,1,1,1,2,1
17958,2023,197600,2,1,1,1,1,2,1
17959,2023,285000,1,1,1,1,1,2,1
17960,2023,237400,1,1,1,2,1,3,1
17961,2023,158200,1,1,1,2,1,3,1
17962,2023,267000,1,1,1,1,1,2,1
17963,2023,147100,1,1,1,1,1,1,1
17964,2023,90700,1,1,1,1,1,1,1
17965,2023,240000,1,3,1,1,1,2,1
17966,2023,142000,1,3,1,1,1,2,1
17967,2023,180000,2,3,1,2,3,3,1
17968,2023,105000,2,3,1,2,3,3,1
17969,2023,268000,2,1,1,1,1,3,1
17970,2023,144628,1,1,1,2,1,2,1
17971,2023,115702,1,1,1,2,1,2,1
17972,2023,93500,2,1,1,1,1,2,1
17973,2023,208200,2,1,1,1,1,2,1
17974,2023,151200,2,1,1,1,1,2,1
17975,2023,270000,1,1,1,1,1,2,1
17976,2023,194500,1,1,1,4,1,2,1
17977,2023,115500,1,1,1,4,1,2,1
17978,2023,50000,2,1,1,3,1,2,1
17979,2023,40000,2,1,1,3,1,2,1
17980,2023,155000,1,1,1,1,1,3,1
17981,2023,100000,1,1,1,1,1,3,1
17982,2023,280100,2,1,1,1,1,2,1
17983,2023,168100,2,1,1,1,1,2,1
17984,2023,120000,1,1,1,1,1,3,1
17985,2023,149040,2,1,1,1,1,2,1
17986,2023,113900,2,1,1,1,1,2,1
17987,2023,274450,1,1,1,1,1,2,1
17988,2023,199600,1,1,1,1,1,2,1
17989,2023,83500,1,1,1,2,1,2,1
17990,2023,52500,1,1,1,2,1,2,1
17991,2023,140700,2,1,1,1,1,2,1
17992,2023,109600,2,1,1,1,1,2,1
17993,2023,278000,1,1,1,1,1,3,1
17994,2023,173000,1,1,1,1,1,3,1
17995,2023,305000,2,1,1,1,1,2,1
17996,2023,24000,2,1,1,3,1,2,1
17997,2023,218000,2,1,1,1,1,2,1
17998,2023,71500,1,1,1,1,1,2,1
17999,2023,215050,1,1,1,1,1,2,1
18000,2023,113100,1,1,1,1,1,2,1
18001,2023,168400,1,1,1,1,1,1,1
18002,2023,136505,2,1,1,1,1,2,1
18003,2023,100895,2,1,1,1,1,2,1
18004,2023,240000,2,1,1,2,1,2,1
18005,2023,93000,2,2,1,2,1,2,1
18006,2023,317070,1,1,1,1,1,3,1
18007,2023,170730,1,1,1,1,1,3,1
18008,2023,170000,1,1,1,2,1,3,1
18009,2023,158700,1,1,1,1,1,2,1
18010,2023,123906,1,1,1,1,1,2,1
18011,2023,333500,1,1,1,4,1,2,1
18012,2023,180500,1,1,1,4,1,2,1
18013,2023,257400,2,1,1,4,1,2,1
18014,2023,210600,2,1,1,4,1,2,1
18015,2023,293000,1,1,1,1,1,2,1
18016,2023,260000,2,1,1,4,1,2,1
18017,2023,192000,2,1,1,4,1,2,1
18018,2023,99000,2,2,1,3,1,2,1
18019,2023,233000,1,1,1,1,1,3,1
18020,2023,127600,2,1,1,1,1,2,1
18021,2023,105000,2,1,1,2,1,2,1
18022,2023,160000,2,1,1,4,1,2,1
18023,2023,55000,2,1,1,4,1,2,1
18024,2023,241000,1,1,1,1,1,3,1
18025,2023,163000,1,1,1,1,1,3,1
18026,2023,311000,1,1,1,1,1,3,1
18027,2023,162540,1,1,1,1,1,3,1
18028,2023,258750,1,1,1,4,1,2,1
18029,2023,182850,2,1,1,1,1,2,1
18030,2023,126000,1,1,1,2,1,2,1
18031,2023,86400,1,1,1,2,1,2,1
18032,2023,232760,2,1,1,1,1,2,1
18033,2023,169280,2,1,1,1,1,2,1
18034,2023,162500,1,1,1,2,1,2,1
18035,2023,240350,2,1,1,1,1,2,1
18036,2023,174800,2,1,1,1,1,2,1
18037,2023,153600,2,1,1,1,1,2,1
18038,2023,107500,2,1,1,1,1,2,1
18039,2023,178000,2,1,1,1,1,3,1
18040,2023,233200,2,1,1,1,1,2,1
18041,2023,160000,2,1,1,1,1,1,1
18042,2023,150120,2,1,1,1,1,2,1
18043,2023,120096,2,1,1,1,1,2,1
18044,2023,168000,2,1,1,1,1,3,1
18045,2023,142880,1,1,1,1,1,2,1
18046,2023,151410,1,1,1,2,1,2,1
18047,2023,144200,1,1,1,2,1,2,1
18048,2023,151410,2,1,1,3,1,2,1
18049,2023,115360,2,1,1,3,1,2,1
18050,2023,193170,1,1,1,2,1,2,1
18051,2023,116480,1,1,1,2,1,2,1
18052,2023,329500,1,1,1,4,1,2,1
18053,2023,269600,1,1,1,4,1,2,1
18054,2023,250500,1,1,1,1,1,2,1
18055,2023,159500,1,1,1,1,1,2,1
18056,2023,94035,2,1,1,3,1,2,1
18057,2023,57920,2,1,1,3,1,2,1
18058,2023,113600,1,1,1,1,1,2,1
18059,2023,256000,2,1,1,1,1,2,1
18060,2023,283200,1,1,1,1,1,3,1
18061,2023,188800,1,1,1,1,1,3,1
18062,2023,205640,1,1,1,1,1,1,1
18063,2023,193200,2,1,1,1,1,2,1
18064,2023,121000,1,1,1,1,1,3,1
18065,2023,132300,1,1,1,1,1,2,1
18066,2023,328000,1,1,1,1,1,2,1
18067,2023,237000,2,1,1,1,1,2,1
18068,2023,201450,2,1,1,1,1,2,1
18069,2023,229000,1,1,1,1,1,3,1
18070,2023,206000,1,1,1,1,1,3,1
18071,2023,183750,1,1,1,1,1,3,1
18072,2023,285800,1,1,1,1,1,2,1
18073,2023,154600,1,1,1,1,1,2,1
18074,2023,289120,1,1,1,1,1,2,1
18075,2023,192400,1,1,1,1,1,2,1
18076,2023,258000,2,2,1,2,1,2,1
18077,2023,92000,2,1,1,1,1,2,1
18078,2023,261500,1,2,1,1,1,3,1
18079,2023,134500,1,2,1,1,1,3,1
18080,2023,83200,3,3,1,3,3,2,1
18081,2023,136600,2,1,1,1,1,2,1
18082,2023,109280,2,1,1,1,1,2,1
18083,2023,281000,1,1,1,1,1,1,1
18084,2023,69500,2,1,1,3,1,2,1
18085,2023,69525,2,1,1,3,1,2,1
18086,2023,178000,1,1,1,1,1,3,1
18087,2023,130001,2,1,1,3,1,2,1
18088,2023,71907,2,1,1,3,1,2,1
18089,2023,142200,1,1,1,4,1,2,1
18090,2023,277500,1,1,1,1,1,2,1
18091,2023,236500,1,1,1,1,1,2,1
18092,2023,100000,1,1,1,3,1,1,1
18093,2023,55000,1,1,1,1,1,2,1
18094,2023,217000,2,1,1,1,1,2,1
18095,2023,83000,2,1,1,1,1,2,1
18096,2023,208450,2,1,1,1,1,2,1
18097,2023,170550,2,1,1,1,1,2,1
18098,2023,130000,1,1,1,1,1,3,1
18099,2023,165000,1,1,1,3,1,1,1
18100,2023,145000,1,1,1,3,1,1,1
18101,2023,336400,1,1,1,4,1,2,1
18102,2023,201900,1,1,1,4,1,2,1
18103,2023,189750,1,1,1,2,1,2,1
18104,2023,131100,1,1,1,2,1,2,1
18105,2023,270000,2,1,1,2,1,2,1
18106,2023,117300,1,1,1,2,1,2,1
18107,2023,244000,1,1,1,2,1,2,1
18108,2023,260000,1,1,1,2,1,2,1
18109,2023,225000,2,1,1,1,1,3,1
18110,2023,186600,2,1,1,2,1,2,1
18111,2023,116500,2,1,1,2,1,2,1
18112,2023,222000,2,1,1,1,1,3,1
18113,2023,138000,2,1,1,1,1,3,1
18114,2023,292000,2,1,1,1,1,3,1
18115,2023,164500,2,1,1,1,1,3,1
18116,2023,292200,2,1,1,1,1,3,1
18117,2023,163800,1,1,1,1,1,2,1
18118,2023,280000,1,1,1,1,1,6,1
18119,2023,210000,1,1,1,1,1,6,1
18120,2023,200000,2,1,1,2,1,3,1
18121,2023,170000,2,1,1,2,1,3,1
18122,2023,225000,2,1,1,4,1,2,1
18123,2023,175000,2,1,1,4,1,2,1
18124,2023,123400,2,1,1,1,1,2,1
18125,2023,82200,2,1,1,1,1,2,1
18126,2023,225000,2,1,1,4,1,3,1
18127,2023,161800,1,1,1,1,1,2,1
18128,2023,285000,1,1,1,1,1,1,1
18129,2023,193900,1,1,1,1,1,1,1
18130,2023,98000,1,1,1,1,1,2,1
18131,2023,87500,1,1,1,1,1,2,1
18132,2023,231250,2,1,1,1,1,2,1
18133,2023,138750,2,1,1,1,1,2,1
18134,2023,195000,1,1,1,2,1,2,1
18135,2023,155000,1,1,1,3,1,1,1
18136,2023,125000,1,1,1,3,1,1,1
18137,2023,160000,2,1,1,2,1,3,1
18138,2023,140000,2,1,1,2,1,3,1
18139,2023,183924,1,1,1,1,1,2,1
18140,2023,125760,1,1,1,1,1,2,1
18141,2023,30000,2,3,1,2,3,3,1
18142,2023,25500,2,3,1,2,3,3,1
18143,2023,213660,1,2,1,3,1,2,1
18144,2023,130760,1,2,1,3,1,2,1
18145,2023,253200,1,1,1,1,1,2,1
18146,2023,342810,1,1,1,1,1,6,1
18147,2023,184590,1,1,1,1,1,6,1
18148,2023,105380,1,1,1,2,1,2,1
18149,2023,64500,1,1,1,2,1,2,1
18150,2023,204620,1,2,1,3,1,2,1
18151,2023,110680,1,2,1,3,1,2,1
18152,2023,270703,1,1,1,1,1,2,1
18153,2023,221484,1,1,1,1,1,2,1
18154,2023,212750,2,1,1,1,1,2,1
18155,2023,218500,2,1,1,1,1,2,1
18156,2023,199098,2,1,1,1,1,2,1
18157,2023,203300,2,1,1,1,1,2,1
18158,2023,123600,2,1,1,1,1,2,1
18159,2023,231500,2,1,1,1,1,2,1
18160,2023,166000,2,1,1,1,1,2,1
18161,2023,110500,2,1,1,1,1,2,1
18162,2023,193500,2,1,1,1,1,2,1
18163,2023,163196,1,1,1,3,1,3,1
18164,2023,145885,1,1,1,3,1,3,1
18165,2023,179170,1,1,1,1,1,2,1
18166,2023,94300,1,1,1,1,1,2,1
18167,2023,152500,1,1,1,1,1,2,1
18168,2023,116450,1,1,1,1,1,2,1
18169,2023,133800,1,1,1,1,1,2,1
18170,2023,220000,3,2,1,3,1,1,1
18171,2023,283200,2,1,1,1,1,3,1
18172,2023,188800,2,1,1,1,1,3,1
18173,2023,161800,2,1,1,1,1,2,1
18174,2023,141600,2,1,1,1,1,2,1
18175,2023,342300,1,2,1,1,1,3,1
18176,2023,176100,1,2,1,1,1,3,1
18177,2023,138784,2,1,1,1,1,2,1
18178,2023,83270,2,1,1,1,1,2,1
18179,2023,318300,2,1,1,1,1,3,1
18180,2023,212200,2,1,1,1,1,3,1
18181,2023,143200,1,1,1,1,1,2,1
18182,2023,105000,3,2,1,2,1,2,1
18183,2023,75000,2,1,1,3,1,2,1
18184,2023,250000,1,1,1,2,1,3,1
18185,2023,230000,1,1,1,2,1,1,1
18186,2023,205000,1,1,1,4,1,2,1
18187,2023,215000,1,1,1,1,1,6,1
18188,2023,170000,1,1,1,1,1,6,1
18189,2023,162500,1,1,1,1,1,2,1
18190,2023,115000,1,1,1,4,1,2,1
18191,2023,237000,1,1,1,1,1,2,1
18192,2023,105500,1,1,1,1,1,2,1
18193,2023,148500,1,1,1,1,1,2,1
18194,2023,152900,2,1,1,1,1,2,1
18195,2023,117100,2,1,1,1,1,2,1
18196,2023,173000,2,1,1,1,1,2,1
18197,2023,175000,1,1,1,4,1,2,1
18198,2023,110000,1,1,1,4,1,2,1
18199,2023,110000,2,1,1,1,1,1,1
18200,2023,149500,2,1,1,1,1,2,1
18201,2023,127075,2,1,1,1,1,2,1
18202,2023,219535,2,1,1,1,1,2,1
18203,2023,146115,2,1,1,1,1,2,1
18204,2023,221000,2,1,1,4,1,2,1
18205,2023,153000,2,1,1,4,1,2,1
18206,2023,142000,2,1,1,1,1,2,1
18207,2023,86000,2,1,1,1,1,2,1
18208,2023,106000,1,1,1,1,1,2,1
18209,2023,280700,2,1,1,2,1,3,1
18210,2023,150450,2,1,1,2,1,3,1
18211,2023,93918,2,1,1,2,1,2,1
18212,2023,51962,2,1,1,2,1,2,1
18213,2023,257000,1,1,1,1,1,3,1
18214,2023,221000,1,1,1,1,1,2,1
18215,2023,238000,2,1,1,1,1,2,1
18216,2023,304000,2,1,1,1,1,3,1
18217,2023,183600,1,1,1,1,1,2,1
18218,2023,289076,1,1,1,1,1,3,1
18219,2023,202353,1,1,1,1,1,3,1
18220,2023,157750,2,1,1,1,1,2,1
18221,2023,104650,2,1,1,1,1,2,1
18222,2023,68000,1,2,1,2,1,2,1
18223,2023,181000,1,1,1,1,1,3,1
18224,2023,155000,1,1,1,4,1,2,1
18225,2023,64200,2,1,1,3,1,2,1
18226,2023,56100,2,1,1,3,1,2,1
18227,2023,100500,1,1,1,1,1,2,1
18228,2023,182500,1,1,1,2,1,2,1
18229,2023,121500,1,1,1,2,1,2,1
18230,2023,203100,1,1,1,1,1,2,1
18231,2023,114500,1,1,1,1,1,2,1
18232,2023,92700,2,1,1,3,1,2,1
18233,2023,286000,2,1,1,4,1,2,1
18234,2023,207000,2,1,1,4,1,2,1
18235,2023,210000,2,1,1,2,1,1,1
18236,2023,151800,2,1,1,2,1,1,1
18237,2023,317070,1,1,1,1,1,2,1
18238,2023,170730,1,1,1,1,1,2,1
18239,2023,134000,2,1,1,2,1,3,1
18240,2023,124000,2,1,1,2,1,3,1
18241,2023,124500,1,1,1,1,1,2,1
18242,2023,148700,1,1,1,1,1,2,1
18243,2023,120000,1,1,1,3,1,1,1
18244,2023,120250,2,1,1,1,1,2,1
18245,2023,183000,2,1,1,1,1,2,1
18246,2023,135000,3,2,1,2,1,3,1
18247,2023,143865,1,1,1,2,1,2,1
18248,2023,115092,1,1,1,2,1,2,1
18249,2023,90000,1,1,1,2,1,3,1
18250,2023,208049,1,1,1,1,1,2,1
18251,2023,149600,1,1,1,2,1,2,1
18252,2023,102000,1,1,1,2,1,2,1
18253,2023,151000,1,1,1,2,1,2,1
18254,2023,190000,1,1,1,3,1,2,1
18255,2023,265000,1,1,1,4,1,2,1
18256,2023,235000,1,1,1,4,1,2,1
18257,2023,60400,2,1,1,2,1,2,1
18258,2023,83500,2,1,1,2,1,2,1
18259,2023,52500,2,1,1,2,1,2,1
18260,2023,201036,1,1,1,1,1,2,1
18261,2023,134024,1,1,1,1,1,2,1
18262,2023,62000,2,1,1,3,1,2,1
18263,2023,58000,2,1,1,3,1,2,1
18264,2023,109400,1,1,1,1,1,2,1
18265,2023,145000,1,1,1,2,1,2,1
18266,2023,239748,1,1,1,1,1,2,1
18267,2023,159832,1,1,1,1,1,2,1
18268,2023,186300,2,1,1,1,1,2,1
18269,2023,102500,2,1,1,1,1,2,1
18270,2023,106800,2,1,1,1,1,2,1
18271,2023,172600,2,1,1,1,1,2,1
18272,2023,107900,2,1,1,1,1,2,1
18273,2023,180180,1,1,1,1,1,2,1
18274,2023,106020,1,1,1,1,1,2,1
18275,2023,376080,2,1,1,1,1,2,1
18276,2023,213120,2,1,1,1,1,2,1
18277,2023,206500,2,1,1,1,1,2,1
18278,2023,121600,2,1,1,1,1,2,1
18279,2023,170000,2,2,1,1,1,2,1
18280,2023,90000,2,2,1,1,1,2,1
18281,2023,95000,2,1,1,3,1,2,1
18282,2023,70000,2,1,1,3,1,2,1
18283,2023,120000,2,1,1,1,1,3,1
18284,2023,206000,1,1,1,2,1,2,1
18285,2023,87000,1,1,1,1,1,2,1
18286,2023,115100,1,1,1,3,1,2,1
18287,2023,73900,1,1,1,3,1,2,1
18288,2023,130000,2,2,1,2,1,2,1
18289,2023,141288,1,1,1,1,1,1,1
18290,2023,94192,1,1,1,1,1,1,1
18291,2023,147000,1,1,1,2,1,3,1
18292,2023,210914,2,1,1,4,1,2,1
18293,2023,116704,2,1,1,4,1,2,1
18294,2023,185700,1,1,1,2,1,2,1
18295,2023,136850,2,1,1,1,1,2,1
18296,2023,139500,1,1,1,1,1,3,1
18297,2023,109400,1,1,1,1,1,3,1
18298,2023,276000,2,1,1,1,1,2,1
18299,2022,130000,2,2,1,1,1,2,1
18300,2021,150000,2,1,1,2,1,2,1
18301,2023,106250,1,1,1,2,1,2,1
18302,2023,104500,1,1,1,2,1,2,1
18303,2023,125000,2,1,1,2,1,1,1
18304,2023,210550,1,1,1,1,1,2,1
18305,2023,153300,1,1,1,1,1,2,1
18306,2023,161500,2,1,1,1,1,2,1
18307,2023,119500,2,1,1,1,1,2,1
18308,2023,215000,1,1,1,1,1,1,1
18309,2023,146300,1,1,1,1,1,1,1
18310,2023,153400,1,1,1,1,1,3,1
18311,2023,122700,1,1,1,1,1,3,1
18312,2023,340000,2,1,1,2,1,1,1
18313,2023,150000,2,1,1,2,1,1,1
18314,2023,121700,1,1,1,1,1,2,1
18315,2023,310000,2,1,1,4,1,2,1
18316,2023,239000,2,1,1,4,1,2,1
18317,2023,149076,1,1,1,1,1,2,1
18318,2023,82365,1,1,1,1,1,2,1
18319,2023,97750,2,1,1,2,1,2,1
18320,2023,116990,2,1,1,2,1,2,1
18321,2023,82920,2,1,1,2,1,2,1
18322,2023,200000,1,3,1,2,1,3,1
18323,2023,125000,1,3,1,2,1,3,1
18324,2023,205920,1,1,1,2,1,3,1
18325,2023,171600,1,1,1,2,1,3,1
18326,2023,121500,2,1,1,1,1,2,1
18327,2023,185000,1,1,1,2,1,1,1
18328,2022,34320,2,3,1,3,2,2,1
18329,2023,122000,2,1,1,1,1,2,1
18330,2023,93800,2,1,1,1,1,2,1
18331,2023,220000,1,1,1,3,1,6,1
18332,2023,152380,1,1,1,1,1,2,1
18333,2023,121904,1,1,1,1,1,2,1
18334,2023,128280,1,1,1,1,1,3,1
18335,2023,106900,1,1,1,1,1,3,1
18336,2022,192000,2,2,1,1,1,2,1
18337,2023,170500,2,1,1,1,1,2,1
18338,2023,124740,1,1,1,1,1,2,1
18339,2023,65488,1,1,1,1,1,2,1
18340,2023,72200,1,1,1,1,1,2,1
18341,2023,64980,1,1,1,1,1,2,1
18342,2023,179975,2,1,1,1,1,2,1
18343,2023,86466,2,1,1,1,1,2,1
18344,2023,205920,1,1,1,1,1,3,1
18345,2023,171600,1,1,1,1,1,3,1
18346,2023,265000,1,1,1,1,1,2,1
18347,2022,168000,2,1,1,3,1,2,1
18348,2023,167580,1,1,1,1,1,2,1
18349,2023,87980,1,1,1,1,1,2,1
18350,2023,197000,1,1,1,1,1,2,1
18351,2023,290000,2,1,1,1,1,2,1
18352,2023,172800,1,1,1,1,1,2,1
18353,2023,300240,1,1,1,1,1,2,1
18354,2023,200160,1,1,1,1,1,2,1
18355,2023,110000,2,3,1,1,1,2,1
18356,2023,80000,2,3,1,1,1,2,1
18357,2023,55000,1,1,1,3,1,2,1
18358,2023,48000,1,1,1,3,1,2,1
18359,2023,137500,2,1,1,1,1,2,1
18360,2023,81500,2,1,1,1,1,2,1
18361,2023,186000,2,1,1,1,1,3,1
18362,2023,153088,2,1,1,1,1,3,1
18363,2023,190000,1,1,1,2,1,2,1
18364,2023,66000,2,1,1,1,1,2,1
18365,2023,148500,1,1,1,2,1,3,1
18366,2023,126277,1,1,1,2,1,3,1
18367,2023,90000,1,1,1,1,1,3,1
18368,2023,272000,1,1,1,1,1,3,1
18369,2023,259000,2,1,1,1,1,2,1
18370,2023,288000,2,1,1,1,1,3,1
18371,2023,215050,2,1,1,1,1,2,1
18372,2023,114000,2,1,1,1,1,2,1
18373,2023,209300,2,1,1,1,1,2,1
18374,2023,182200,2,1,1,1,1,2,1
18375,2022,85000,1,1,1,3,1,2,1
18376,2023,147100,1,1,1,1,1,3,1
18377,2023,90700,1,1,1,1,1,3,1
18378,2023,227000,1,1,1,1,1,2,1
18379,2023,162500,2,1,1,1,1,2,1
18380,2023,124000,1,1,1,2,1,2,1
18381,2023,63000,2,1,1,1,1,2,1
18382,2023,213580,2,1,1,1,1,2,1
18383,2023,163625,2,1,1,1,1,2,1
18384,2022,375000,2,1,1,1,1,3,1
18385,2023,210000,1,1,1,4,1,2,1
18386,2023,284310,1,1,1,1,1,3,1
18387,2023,153090,1,1,1,1,1,3,1
18388,2023,100000,3,1,1,3,1,2,1
18389,2023,225900,1,1,1,1,1,2,1
18390,2023,241871,1,1,1,1,1,2,1
18391,2023,133832,1,1,1,1,1,2,1
18392,2023,216100,1,1,1,1,1,2,1
18393,2023,140800,1,1,1,1,1,2,1
18394,2023,110000,3,3,1,3,1,2,1
18395,2023,284000,2,1,1,4,1,2,1
18396,2023,236000,2,1,1,4,1,2,1
18397,2023,155850,1,1,1,1,1,1,1
18398,2023,102544,1,1,1,1,1,1,1
18399,2023,151410,2,1,1,2,1,2,1
18400,2023,115360,2,1,1,2,1,2,1
18401,2022,180000,2,1,1,3,1,2,1
18402,2023,85000,1,1,1,2,1,1,1
18403,2023,110000,2,2,1,2,1,3,1
18404,2023,182750,2,1,1,1,1,2,1
18405,2023,314100,1,1,1,4,1,2,1
18406,2023,195800,1,1,1,4,1,2,1
18407,2023,160000,1,1,1,3,1,2,1
18408,2023,350000,1,2,1,1,1,2,1
18409,2023,262500,1,2,1,1,1,2,1
18410,2023,158677,2,1,1,1,1,2,1
18411,2023,103200,1,1,1,2,1,2,1
18412,2023,61200,1,1,1,2,1,2,1
18413,2022,155000,2,2,1,2,1,2,1
18414,2023,174500,1,1,1,1,1,2,1
18415,2023,87000,2,1,1,1,1,2,1
18416,2023,107250,2,1,1,1,1,2,1
18417,2023,285800,2,1,1,1,1,2,1
18418,2023,154600,2,1,1,1,1,2,1
18419,2023,124234,1,1,1,3,1,2,1
18420,2023,74540,1,1,1,3,1,2,1
18421,2023,125600,2,1,1,1,1,2,1
18422,2023,141290,1,1,1,1,1,2,1
18423,2023,74178,1,1,1,1,1,2,1
18424,2022,48000,3,2,1,3,1,2,1
18425,2023,200000,2,3,1,1,1,6,1
18426,2023,257000,1,1,1,1,1,2,1
18427,2023,182000,1,1,1,1,1,2,1
18428,2023,300000,1,1,1,4,1,2,1
18429,2022,110000,2,2,1,2,1,2,1
18430,2023,153400,1,1,1,1,1,2,1
18431,2023,122700,1,1,1,1,1,2,1
18432,2023,87000,1,1,1,2,1,3,1
18433,2023,234100,2,1,1,1,1,3,1
18434,2023,203500,2,1,1,1,1,3,1
18435,2023,232200,2,1,1,1,1,2,1
18436,2023,291500,1,1,1,1,1,2,1
18437,2023,196200,1,1,1,4,1,2,1
18438,2023,150900,1,1,1,4,1,2,1
18439,2023,207000,1,1,1,1,1,2,1
18440,2023,133800,2,1,1,1,1,2,1
18441,2023,96100,2,1,1,1,1,2,1
18442,2023,219000,3,2,1,2,1,3,1
18443,2023,126100,1,2,1,1,1,2,1
18444,2023,72000,1,2,1,1,1,2,1
18445,2023,175000,2,1,1,2,1,3,1
18446,2023,240500,1,1,1,1,1,2,1
18447,2023,187500,1,1,1,2,1,2,1
18448,2023,165750,1,1,1,1,1,1,1
18449,2023,165750,2,1,1,1,1,3,1
18450,2023,175308,1,1,1,1,1,2,1
18451,2023,100706,1,1,1,1,1,2,1
18452,2023,235000,1,1,1,1,1,1,1
18453,2023,135000,1,1,1,1,1,1,1
18454,2023,120000,2,1,1,2,1,1,1
18455,2022,100000,2,1,1,3,1,2,1
18456,2023,150000,1,1,1,3,1,3,1
18457,2023,120000,1,1,1,3,1,3,1
18458,2023,272550,1,1,1,1,1,2,1
18459,2023,187500,2,1,1,1,1,2,1
18460,2023,64000,2,1,1,1,1,2,1
18461,2023,235000,1,1,1,1,1,6,1
18462,2023,185000,1,1,1,1,1,6,1
18463,2023,180560,1,1,1,1,1,2,1
18464,2023,115440,1,1,1,1,1,2,1
18465,2023,236000,2,1,1,1,1,2,1
18466,2022,130000,1,1,1,3,1,2,1
18467,2022,125000,2,2,1,1,1,2,1
18468,2022,175000,1,1,1,1,1,2,1
18469,2022,155000,1,1,1,1,1,2,1
18470,2022,153600,1,1,1,1,1,2,1
18471,2022,106800,1,1,1,1,1,2,1
18472,2022,150000,1,1,1,1,1,2,1
18473,2022,140000,1,1,1,1,1,2,1
18474,2022,122000,1,1,1,1,1,2,1
18475,2022,94500,1,1,1,1,1,2,1
18476,2022,170000,1,1,1,1,1,2,1
18477,2022,130000,1,1,1,1,1,2,1
18478,2022,145000,1,1,1,1,1,2,1
18479,2022,128000,1,1,1,1,1,2,1
18480,2022,100000,1,1,1,1,1,2,1
18481,2022,120000,1,1,1,1,1,2,1
18482,2022,115000,1,1,1,1,1,2,1
18483,2022,150000,2,1,1,1,1,2,1
18484,2022,150000,1,1,1,2,1,2,1
18485,2022,100000,1,1,1,2,1,2,1
18486,2022,150000,2,1,1,2,1,2,1
18487,2022,127500,2,1,1,2,1,2,1
18488,2022,126500,2,1,1,1,1,2,1
18489,2022,51000,2,1,1,1,1,2,1
18490,2022,260000,1,1,1,2,1,2,1
18491,2022,175000,1,1,1,2,1,2,1
18492,2022,250000,2,1,1,1,1,2,1
18493,2022,63000,2,1,1,1,1,2,1
18494,2022,210000,2,1,1,1,1,3,1
18495,2022,160000,2,1,1,1,1,3,1
18496,2022,272550,2,1,1,1,1,2,1
18497,2022,198200,2,1,1,1,1,2,1
18498,2022,220000,1,1,1,1,1,2,1
18499,2022,146000,1,1,1,1,1,2,1
18500,2022,120000,1,1,1,2,1,2,1
18501,2022,95000,1,1,1,2,1,2,1
18502,2022,160000,1,1,1,3,1,2,1
18503,2022,135000,1,1,1,3,1,2,1
18504,2022,216000,2,1,1,1,1,2,1
18505,2022,144000,2,1,1,1,1,2,1
18506,2022,65000,1,1,1,3,1,2,1
18507,2022,149000,2,1,1,1,1,2,1
18508,2022,119000,2,1,1,1,1,2,1
18509,2022,110000,1,1,1,2,1,2,1
18510,2022,246000,2,1,1,1,1,3,1
18511,2022,201000,2,1,1,1,1,3,1
18512,2022,190000,1,1,1,1,1,2,1
18513,2022,235000,2,1,1,1,1,3,1
18514,2022,185000,2,1,1,1,1,3,1
18515,2022,190000,2,1,1,1,1,2,1
18516,2022,160000,2,1,1,1,1,2,1
18517,2022,130000,1,1,1,2,1,2,1
18518,2022,115000,1,1,1,2,1,2,1
18519,2022,105000,1,1,1,2,1,2,1
18520,2022,70000,1,1,1,2,1,2,1
18521,2022,204500,1,1,1,1,1,3,1
18522,2022,142200,1,1,1,1,1,3,1
18523,2022,192000,2,1,1,1,1,3,1
18524,2022,164000,2,1,1,1,1,3,1
18525,2022,185900,1,1,1,1,1,2,1
18526,2022,129300,1,1,1,1,1,2,1
18527,2022,75000,1,1,1,1,1,2,1
18528,2022,167500,1,1,1,1,1,2,1
18529,2022,106500,1,1,1,1,1,2,1
18530,2022,75000,2,1,1,2,1,2,1
18531,2022,60000,2,1,1,2,1,2,1
18532,2022,184000,2,1,1,1,1,2,1
18533,2022,142000,2,1,1,1,1,2,1
18534,2022,145000,1,1,1,2,1,2,1
18535,2022,200000,1,1,1,4,1,2,1
18536,2022,145000,1,1,1,4,1,2,1
18537,2022,192000,2,1,1,1,1,2,1
18538,2022,164000,2,1,1,1,1,2,1
18539,2022,310000,2,1,1,4,1,2,1
18540,2022,239000,2,1,1,4,1,2,1
18541,2022,95000,1,1,1,1,1,2,1
18542,2022,145000,1,1,1,1,1,3,1
18543,2022,135000,1,1,1,1,1,3,1
18544,2022,78000,1,1,1,1,1,2,1
18545,2022,160000,2,1,1,2,1,2,1
18546,2022,120000,2,1,1,2,1,2,1
18547,2022,115934,2,1,1,1,1,2,1
18548,2022,81666,2,1,1,1,1,2,1
18549,2022,175000,2,1,1,1,1,2,1
18550,2022,140000,2,1,1,1,1,2,1
18551,2022,249500,1,1,1,1,1,1,1
18552,2022,149850,1,1,1,1,1,1,1
18553,2022,122500,2,1,1,2,1,2,1
18554,2022,100000,2,1,1,2,1,2,1
18555,2022,249500,1,1,1,1,1,2,1
18556,2022,149850,1,1,1,1,1,2,1
18557,2022,55000,1,1,1,3,1,2,1
18558,2022,48000,1,1,1,3,1,2,1
18559,2022,120000,2,1,1,1,1,2,1
18560,2022,127000,2,1,1,1,1,2,1
18561,2022,104000,2,1,1,1,1,2,1
18562,2022,210000,2,1,1,1,1,2,1
18563,2022,150000,2,1,1,1,1,3,1
18564,2022,130000,2,1,1,1,1,2,1
18565,2022,182750,2,1,1,1,1,2,1
18566,2022,161500,2,1,1,1,1,2,1
18567,2022,102640,2,1,1,2,1,2,1
18568,2022,66100,2,1,1,2,1,2,1
18569,2022,210000,2,1,1,1,1,1,1
18570,2022,150000,2,1,1,1,1,1,1
18571,2022,198800,1,1,1,1,1,2,1
18572,2022,122600,1,1,1,1,1,2,1
18573,2022,130000,2,1,1,2,1,2,1
18574,2022,80000,2,1,1,2,1,2,1
18575,2022,136000,2,1,1,1,1,2,1
18576,2022,100000,2,1,1,1,1,2,1
18577,2022,159000,2,1,1,4,1,2,1
18578,2022,130000,2,1,1,4,1,2,1
18579,2022,215000,2,1,1,1,1,2,1
18580,2022,187000,2,1,1,2,1,2,1
18581,2022,153000,2,1,1,2,1,2,1
18582,2022,169000,1,1,1,1,1,2,1
18583,2022,110600,1,1,1,1,1,2,1
18584,2022,50000,3,2,1,3,1,2,1
18585,2022,134000,2,1,1,2,1,3,1
18586,2022,124000,2,1,1,2,1,3,1
18587,2022,166700,1,1,1,1,1,2,1
18588,2022,119000,1,1,1,1,1,2,1
18589,2022,124234,1,1,1,3,1,2,1
18590,2022,74540,1,1,1,3,1,2,1
18591,2022,65000,2,1,1,2,1,2,1
18592,2022,220000,2,1,1,1,1,2,1
18593,2022,146000,2,1,1,1,1,2,1
18594,2022,110000,1,1,1,1,1,2,1
18595,2022,70000,1,1,1,1,1,2,1
18596,2022,135000,2,1,1,1,1,2,1
18597,2022,81500,1,1,1,1,1,2,1
18598,2022,173000,2,1,1,1,1,2,1
18599,2022,110000,2,1,1,1,1,2,1
18600,2022,192000,1,1,1,1,1,3,1
18601,2022,120000,1,1,1,1,1,3,1
18602,2022,190000,2,2,1,1,1,3,1
18603,2022,194000,2,1,1,1,1,2,1
18604,2022,129400,2,1,1,1,1,2,1
18605,2022,201000,2,1,1,1,1,2,1
18606,2022,89200,2,1,1,1,1,2,1
18607,2022,165000,1,1,1,1,1,2,1
18608,2022,125000,1,1,1,1,1,2,1
18609,2022,230000,2,1,1,1,1,2,1
18610,2022,196000,2,1,1,1,1,2,1
18611,2022,130000,1,1,1,2,1,3,1
18612,2022,90000,1,1,1,2,1,3,1
18613,2022,150000,2,1,1,2,1,3,1
18614,2022,100000,2,1,1,2,1,3,1
18615,2022,230000,1,1,1,2,1,3,1
18616,2022,150000,1,1,1,2,1,3,1
18617,2022,130000,2,1,1,2,1,3,1
18618,2022,180000,1,1,1,2,1,2,1
18619,2022,192500,2,1,1,1,1,2,1
18620,2022,152500,1,1,1,1,1,2,1
18621,2022,65000,2,1,1,1,1,2,1
18622,2022,55000,2,1,1,1,1,2,1
18623,2022,178750,1,1,1,1,1,2,1
18624,2022,160000,1,1,1,1,1,2,1
18625,2022,165000,1,1,1,2,1,3,1
18626,2022,135000,1,1,1,2,1,3,1
18627,2022,170000,2,1,1,1,1,2,1
18628,2022,125000,2,1,1,1,1,2,1
18629,2022,105000,1,1,1,1,1,2,1
18630,2022,203500,1,1,1,1,1,2,1
18631,2022,152000,1,1,1,1,1,2,1
18632,2022,197430,2,1,1,1,1,2,1
18633,2022,134760,2,1,1,1,1,2,1
18634,2022,197000,1,1,1,1,1,2,1
18635,2022,99000,1,1,1,1,1,2,1
18636,2022,162000,2,1,1,1,1,2,1
18637,2022,149040,2,1,1,1,1,2,1
18638,2022,113900,2,1,1,1,1,2,1
18639,2020,95000,1,1,1,2,1,2,1
18640,2021,115000,2,3,1,1,1,2,1
18641,2022,171000,2,2,1,1,1,2,1
18642,2022,154600,2,1,1,1,1,2,1
18643,2022,213000,1,1,1,1,1,2,1
18644,2022,243000,2,1,1,1,1,3,1
18645,2022,183000,2,1,1,1,1,3,1
18646,2022,90000,2,1,1,2,1,2,1
18647,2022,165000,1,1,1,2,1,2,1
18648,2022,124000,1,1,1,2,1,2,1
18649,2022,300000,1,1,1,1,1,2,1
18650,2022,116000,2,1,1,1,1,2,1
18651,2022,96000,2,1,1,1,1,2,1
18652,2022,189750,1,1,1,3,1,3,1
18653,2022,140250,1,1,1,3,1,3,1
18654,2022,160000,1,1,1,2,1,2,1
18655,2022,109000,1,1,1,2,1,2,1
18656,2022,250000,1,1,1,1,1,1,1
18657,2022,150000,1,1,1,1,1,1,1
18658,2022,206000,1,1,1,2,1,2,1
18659,2022,135000,1,1,1,1,1,2,1
18660,2022,191200,1,1,1,1,1,2,1
18661,2022,230000,1,2,1,1,1,2,1
18662,2022,154600,1,2,1,1,1,2,1
18663,2022,80000,2,2,1,2,1,2,1
18664,2022,155000,1,1,1,2,1,2,1
18665,2022,140000,1,1,1,2,1,2,1
18666,2022,205000,2,1,1,1,1,2,1
18667,2022,179500,1,1,1,1,1,2,1
18668,2022,134000,1,1,1,1,1,2,1
18669,2022,145000,2,1,1,1,1,2,1
18670,2022,235000,2,1,1,1,1,2,1
18671,2022,135000,1,1,1,2,1,2,1
18672,2022,168400,1,1,1,1,1,2,1
18673,2022,105200,1,1,1,1,1,2,1
18674,2022,200000,1,1,1,1,1,2,1
18675,2022,148000,2,1,1,1,1,2,1
18676,2022,107000,2,1,1,1,1,2,1
18677,2022,299500,1,1,1,1,1,2,1
18678,2022,245100,1,1,1,1,1,2,1
18679,2022,168000,2,1,1,1,1,2,1
18680,2022,161000,2,1,1,2,1,2,1
18681,2022,118000,2,1,1,2,1,2,1
18682,2022,247500,1,1,1,1,1,2,1
18683,2022,172200,1,1,1,1,1,2,1
18684,2022,177000,1,1,1,1,1,2,1
18685,2022,131000,1,1,1,1,1,2,1
18686,2022,102000,1,1,1,1,1,2,1
18687,2022,80000,1,1,1,2,1,2,1
18688,2022,65000,1,1,1,2,1,2,1
18689,2022,175000,2,1,1,2,1,2,1
18690,2022,135000,2,1,1,2,1,2,1
18691,2022,80000,1,1,1,3,1,2,1
18692,2022,231250,2,1,1,1,1,2,1
18693,2022,138750,2,1,1,1,1,2,1
18694,2022,193750,2,1,1,1,1,2,1
18695,2022,116250,2,1,1,1,1,2,1
18696,2022,208000,2,1,1,1,1,2,1
18697,2022,300000,2,1,1,1,1,1,1
18698,2022,196000,2,1,1,1,1,1,1
18699,2022,185000,2,1,1,1,1,2,1
18700,2022,247500,1,1,1,1,1,3,1
18701,2022,172200,1,1,1,1,1,3,1
18702,2022,375000,3,2,1,1,1,2,1
18703,2022,225000,1,1,1,1,1,2,1
18704,2022,156400,1,1,1,1,1,2,1
18705,2022,140700,1,1,1,1,1,2,1
18706,2022,93800,1,1,1,1,1,2,1
18707,2022,350000,2,1,1,1,1,2,1
18708,2022,201000,1,1,1,1,1,3,1
18709,2022,119000,1,1,1,1,1,3,1
18710,2022,154560,1,1,1,1,1,2,1
18711,2022,123648,1,1,1,1,1,2,1
18712,2022,170000,1,1,1,2,1,2,1
18713,2022,177500,2,1,1,1,1,2,1
18714,2022,134000,2,1,1,1,1,2,1
18715,2022,192564,2,1,1,1,1,2,1
18716,2022,144854,2,1,1,1,1,2,1
18717,2022,179305,2,1,1,1,1,2,1
18718,2022,142127,2,1,1,1,1,2,1
18719,2022,315000,2,1,1,1,1,2,1
18720,2022,225000,2,1,1,1,1,2,1
18721,2022,243900,2,1,1,1,1,2,1
18722,2022,156600,2,1,1,1,1,2,1
18723,2022,79000,1,1,1,2,1,2,1
18724,2022,182500,2,1,1,1,1,2,1
18725,2022,128500,2,1,1,1,1,2,1
18726,2022,77300,2,1,1,3,1,2,1
18727,2022,45600,2,1,1,3,1,2,1
18728,2022,184100,1,1,1,1,1,2,1
18729,2022,85000,2,1,1,2,1,2,1
18730,2022,78000,2,1,1,2,1,2,1
18731,2022,161000,2,1,1,1,1,2,1
18732,2022,205000,1,1,1,4,1,2,1
18733,2022,160000,1,1,1,4,1,2,1
18734,2022,245000,1,1,1,1,1,2,1
18735,2022,180000,1,1,1,1,1,2,1
18736,2022,198440,1,2,1,1,1,2,1
18737,2022,144000,1,2,1,1,1,2,1
18738,2022,240000,1,1,1,1,1,2,1
18739,2022,198440,1,1,1,1,1,2,1
18740,2022,144000,1,1,1,1,1,2,1
18741,2022,64000,2,2,1,3,1,2,1
18742,2022,127000,1,1,1,1,1,2,1
18743,2022,275000,2,1,1,1,1,2,1
18744,2022,166000,2,1,1,1,1,2,1
18745,2022,159699,1,1,1,1,1,2,1
18746,2022,138938,1,1,1,1,1,2,1
18747,2022,76000,3,2,1,3,1,2,1
18748,2022,80000,1,1,1,1,1,2,1
18749,2022,52500,1,1,1,1,1,2,1
18750,2022,236000,2,1,1,1,1,2,1
18751,2022,182000,2,1,1,1,1,2,1
18752,2022,180000,2,1,1,1,1,2,1
18753,2022,240000,2,1,1,2,1,1,1
18754,2022,195000,2,1,1,1,1,2,1
18755,2022,123000,1,1,1,1,1,2,1
18756,2022,92250,1,1,1,1,1,2,1
18757,2022,180000,2,1,1,2,1,3,1
18758,2022,97000,2,1,1,1,1,2,1
18759,2022,90000,2,1,1,1,1,2,1
18760,2022,180000,2,1,1,1,1,3,1
18761,2022,260000,1,1,1,1,1,2,1
18762,2022,210000,2,1,1,4,1,2,1
18763,2022,157000,2,1,1,4,1,2,1
18764,2022,52500,1,1,1,2,1,2,1
18765,2022,122500,1,1,1,1,1,2,1
18766,2022,171000,1,1,1,1,1,2,1
18767,2022,117000,1,1,1,1,1,2,1
18768,2022,202800,1,2,1,1,1,2,1
18769,2022,104300,1,2,1,1,1,2,1
18770,2022,345600,1,1,1,1,1,2,1
18771,2022,230400,1,1,1,1,1,2,1
18772,2022,175950,2,1,1,1,1,2,1
18773,2022,130050,2,1,1,1,1,2,1
18774,2022,205600,1,2,1,1,1,2,1
18775,2022,105700,1,2,1,1,1,2,1
18776,2022,236600,2,1,1,1,1,2,1
18777,2022,80000,2,2,1,3,1,2,1
18778,2022,165000,3,3,1,1,1,2,1
18779,2022,108000,1,3,1,3,1,3,1
18780,2022,155000,2,1,1,1,1,2,1
18781,2022,38000,2,1,1,1,1,2,1
18782,2022,85000,1,1,1,2,1,2,1
18783,2022,153600,2,1,1,1,1,2,1
18784,2022,106800,2,1,1,1,1,2,1
18785,2022,50000,2,1,1,1,1,2,1
18786,2022,123400,1,1,1,1,1,2,1
18787,2022,88100,1,1,1,1,1,2,1
18788,2022,120000,2,3,1,1,1,2,1
18789,2022,55000,2,3,1,1,1,2,1
18790,2022,139000,1,1,1,1,1,2,1
18791,2022,139600,1,1,1,1,1,2,1
18792,2022,85700,1,1,1,1,1,2,1
18793,2022,200000,2,1,1,1,1,2,1
18794,2022,148500,2,2,1,2,1,3,1
18795,2022,98200,2,2,1,2,1,3,1
18796,2022,115000,2,1,1,1,1,2,1
18797,2022,95000,2,1,1,1,1,2,1
18798,2022,66000,2,1,1,1,1,2,1
18799,2022,134000,1,1,1,2,1,2,1
18800,2022,98000,1,1,1,2,1,2,1
18801,2022,62000,1,1,1,2,1,2,1
18802,2022,57000,2,2,1,3,1,2,1
18803,2022,144200,2,1,1,2,1,2,1
18804,2022,115360,2,1,1,2,1,2,1
18805,2022,108000,3,2,1,2,1,2,1
18806,2022,200000,2,1,1,1,1,3,1
18807,2022,188700,2,1,1,1,1,2,1
18808,2022,160395,2,1,1,1,1,2,1
18809,2022,198440,2,1,1,1,1,2,1
18810,2022,191475,2,1,1,1,1,2,1
18811,2022,141525,2,1,1,1,1,2,1
18812,2022,156868,2,2,1,1,1,2,1
18813,2022,90000,2,1,1,1,3,2,1
18814,2022,108000,2,1,1,2,1,2,1
18815,2022,165000,2,1,1,1,1,2,1
18816,2022,132000,2,1,1,1,1,2,1
18817,2022,135000,2,2,1,2,1,2,1
18818,2022,178800,2,2,1,1,1,2,1
18819,2022,132100,2,2,1,1,1,2,1
18820,2022,85000,2,1,1,1,1,2,1
18821,2022,187200,2,1,1,4,1,2,1
18822,2022,116100,2,1,1,4,1,2,1
18823,2022,229998,1,2,1,1,1,2,1
18824,2022,154545,1,2,1,1,1,2,1
18825,2022,215000,1,2,1,1,1,2,1
18826,2022,159000,1,2,1,1,1,2,1
18827,2022,50000,2,1,1,3,1,1,1
18828,2022,183000,2,2,1,1,1,2,1
18829,2022,99750,2,1,1,1,1,2,1
18830,2022,68400,2,1,1,1,1,2,1
18831,2022,236900,2,2,1,1,1,2,1
18832,2022,159200,2,2,1,1,1,2,1
18833,2022,243225,2,1,1,1,1,2,1
18834,2022,179775,2,1,1,1,1,2,1
18835,2022,128000,2,1,1,1,1,2,1
18836,2022,218000,1,1,1,1,1,2,1
18837,2022,145300,1,1,1,1,1,2,1
18838,2022,195400,2,2,1,1,1,3,1
18839,2022,131300,2,2,1,1,1,3,1
18840,2022,207000,2,1,1,1,1,2,1
18841,2022,153000,2,1,1,1,1,2,1
18842,2022,195700,1,1,1,1,1,2,1
18843,2022,130500,1,1,1,1,1,2,1
18844,2022,130000,2,1,1,1,1,3,1
18845,2022,84000,2,1,1,1,1,3,1
18846,2022,141300,1,1,1,1,1,2,1
18847,2022,102100,1,1,1,1,1,2,1
18848,2022,150000,2,2,1,2,1,2,1
18849,2022,113000,2,1,1,1,1,2,1
18850,2022,195400,2,2,1,1,1,2,1
18851,2022,131300,2,2,1,1,1,2,1
18852,2022,80000,2,1,1,1,1,2,1
18853,2022,105000,2,1,1,1,1,2,1
18854,2022,180000,2,2,1,1,1,2,1
18855,2022,165000,2,2,1,1,1,2,1
18856,2022,108000,1,2,1,1,1,2,1
18857,2022,179400,1,1,1,1,1,2,1
18858,2022,154000,1,1,1,1,1,2,1
18859,2022,193900,1,1,1,1,1,3,1
18860,2022,129300,1,1,1,1,1,3,1
18861,2022,222640,1,1,1,4,1,2,1
18862,2022,182160,1,1,1,4,1,2,1
18863,2022,122500,2,1,1,1,1,2,1
18864,2022,297500,2,1,1,4,1,2,1
18865,2022,260000,2,1,1,4,1,2,1
18866,2022,93000,1,1,1,3,1,2,1
18867,2022,73000,1,1,1,3,1,2,1
18868,2022,136994,2,1,1,1,1,2,1
18869,2022,101570,2,1,1,1,1,2,1
18870,2022,136000,2,1,1,2,1,2,1
18871,2022,112000,2,1,1,2,1,2,1
18872,2022,172000,2,1,1,1,1,2,1
18873,2022,215000,1,1,1,1,1,2,1
18874,2022,164000,1,1,1,1,1,2,1
18875,2022,97500,2,2,1,2,1,2,1
18876,2022,212800,2,1,1,1,1,2,1
18877,2022,142800,2,1,1,1,1,2,1
18878,2022,50000,3,1,1,3,1,2,1
18879,2022,151800,1,1,1,1,1,2,1
18880,2022,130240,1,1,1,1,1,2,1
18881,2022,140250,2,1,1,1,1,2,1
18882,2022,179400,2,1,1,1,1,2,1
18883,2022,154000,2,1,1,1,1,2,1
18884,2022,75000,1,1,1,2,1,2,1
18885,2022,191475,1,1,1,1,1,2,1
18886,2022,141525,1,1,1,1,1,2,1
18887,2022,115000,1,2,1,1,1,2,1
18888,2022,81000,2,1,1,1,1,2,1
18889,2022,46000,2,2,1,3,1,2,1
18890,2022,200000,2,3,1,4,1,3,1
18891,2022,180000,2,3,1,4,1,3,1
18892,2022,200000,2,3,1,4,1,1,1
18893,2022,204100,1,1,1,1,1,2,1
18894,2022,136100,1,1,1,1,1,2,1
18895,2022,250000,1,1,1,1,1,2,1
18896,2022,63000,1,1,1,1,1,2,1
18897,2022,70000,2,1,1,1,1,2,1
18898,2022,113000,1,2,1,2,1,2,1
18899,2022,113000,2,2,1,2,1,2,1
18900,2022,140000,2,1,1,2,1,2,1
18901,2022,160000,1,2,1,1,1,2,1
18902,2022,119300,1,2,1,1,1,2,1
18903,2022,145000,3,2,1,2,1,1,1
18904,2022,90000,1,1,1,1,1,2,1
18905,2022,146200,2,1,1,1,1,2,1
18906,2022,124270,2,1,1,1,1,2,1
18907,2022,225000,1,1,1,2,1,2,1
18908,2022,186000,2,1,1,1,1,3,1
18909,2022,148800,2,1,1,1,1,3,1
18910,2022,82000,1,2,1,3,1,2,1
18911,2022,173000,3,1,1,2,1,2,1
18912,2022,158000,2,1,1,2,1,2,1
18913,2022,134000,2,1,1,2,1,2,1
18914,2022,200000,2,1,1,4,1,2,1
18915,2022,150000,2,1,1,4,1,2,1
18916,2022,216200,1,1,1,1,1,2,1
18917,2022,144100,1,1,1,1,1,2,1
18918,2022,135000,2,1,1,1,1,3,1
18919,2022,85000,2,1,1,1,1,3,1
18920,2022,206000,2,1,1,1,1,2,1
18921,2022,175100,2,1,1,1,1,2,1
18922,2022,189650,1,1,1,1,1,3,1
18923,2022,164996,1,1,1,1,1,3,1
18924,2022,126000,2,1,1,1,1,2,1
18925,2022,200000,2,2,1,1,1,3,1
18926,2022,150000,2,2,1,1,1,3,1
18927,2022,117000,2,1,1,1,1,2,1
18928,2022,99450,2,1,1,1,1,2,1
18929,2022,188100,1,1,1,1,1,2,1
18930,2022,139860,1,1,1,1,1,2,1
18931,2022,248700,1,1,1,1,1,3,1
18932,2022,167100,1,1,1,1,1,3,1
18933,2022,205000,1,1,1,1,1,2,1
18934,2022,189500,2,2,1,1,1,2,1
18935,2022,140100,2,2,1,1,1,2,1
18936,2022,177600,2,2,1,1,1,2,1
18937,2022,24000,1,1,1,2,1,2,1
18938,2022,202900,2,2,1,1,1,3,1
18939,2022,115000,3,2,1,3,1,3,1
18940,2022,193900,1,1,1,2,1,3,1
18941,2022,129300,1,1,1,2,1,3,1
18942,2022,140000,2,2,1,1,1,2,1
18943,2022,216200,1,1,1,2,1,2,1
18944,2022,144100,1,1,1,2,1,2,1
18945,2022,216000,1,1,1,1,1,3,1
18946,2022,144000,1,1,1,1,1,3,1
18947,2022,150000,2,2,1,3,1,2,1
18948,2021,250000,3,2,1,1,1,2,1
18949,2022,260500,1,1,1,4,1,2,1
18950,2022,175100,1,1,1,4,1,2,1
18951,2022,55000,2,3,1,3,1,2,1
18952,2022,206699,1,1,1,1,1,2,1
18953,2022,99100,1,1,1,1,1,2,1
18954,2022,200000,1,1,1,2,1,2,1
18955,2022,54000,1,1,1,2,1,2,1
18956,2022,130000,3,2,1,3,1,2,1
18957,2022,100000,1,2,1,1,1,2,1
18958,2022,80000,1,2,1,1,1,2,1
18959,2022,221300,2,2,1,1,1,2,1
18960,2022,148700,2,2,1,1,1,2,1
18961,2022,249260,1,1,1,1,1,2,1
18962,2022,185400,1,1,1,1,1,2,1
18963,2022,128875,2,1,1,1,1,2,1
18964,2022,93700,2,1,1,1,1,2,1
18965,2022,100000,2,1,1,1,1,3,1
18966,2022,136260,2,1,1,1,1,2,1
18967,2022,109280,2,1,1,1,1,2,1
18968,2022,160000,2,2,1,1,1,2,1
18969,2022,92000,2,2,1,1,1,2,1
18970,2022,129000,2,2,1,3,1,2,1
18971,2022,86000,2,2,1,3,1,2,1
18972,2022,100000,2,2,1,1,1,2,1
18973,2022,200000,2,1,1,2,1,1,1
18974,2022,180000,2,2,1,3,1,3,1
18975,2022,153000,2,2,1,2,1,2,1
18976,2022,150075,2,1,1,1,1,2,1
18977,2022,110925,2,1,1,1,1,2,1
18978,2022,83000,1,2,1,3,1,3,1
18979,2022,186000,1,1,1,1,1,2,1
18980,2022,148800,1,1,1,1,1,2,1
18981,2022,112900,1,1,1,1,1,2,1
18982,2022,90320,1,1,1,1,1,2,1
18983,2022,240000,1,1,1,1,1,3,1
18984,2022,160000,1,1,1,1,1,3,1
18985,2022,300000,2,1,1,1,1,2,1
18986,2022,120000,1,1,1,2,1,1,1
18987,2022,112900,2,1,1,1,1,2,1
18988,2022,90320,2,1,1,1,1,2,1
18989,2022,105400,2,1,1,1,1,2,1
18990,2022,215300,2,2,1,1,1,2,1
18991,2022,158200,2,2,1,1,1,2,1
18992,2022,209100,2,2,1,1,1,2,1
18993,2022,154600,2,2,1,1,1,2,1
18994,2022,115934,1,1,1,1,1,2,1
18995,2022,81666,1,1,1,1,1,2,1
18996,2022,132000,1,1,1,1,1,2,1
18997,2022,123000,2,1,1,1,1,2,1
18998,2022,165400,2,1,1,1,1,2,1
18999,2022,132320,2,1,1,1,1,2,1
19000,2022,208775,2,1,1,1,1,2,1
19001,2022,147800,2,1,1,1,1,2,1
19002,2022,183600,2,2,1,1,1,2,1
19003,2022,100800,2,2,1,1,1,2,1
19004,2022,215300,1,2,1,1,1,2,1
19005,2022,140400,1,2,1,1,1,2,1
19006,2022,260000,2,1,1,1,1,2,1
19007,2022,82900,1,1,1,2,1,2,1
19008,2022,63900,1,1,1,2,1,2,1
19009,2022,160000,2,2,1,2,1,3,1
19010,2022,112300,2,2,1,2,1,3,1
19011,2022,241000,2,1,1,2,1,2,1
19012,2022,159000,2,1,1,2,1,2,1
19013,2022,58000,1,3,1,2,1,2,1
19014,2022,136000,1,1,1,1,1,2,1
19015,2022,108800,1,1,1,1,1,2,1
19016,2022,242000,2,1,1,4,1,2,1
19017,2022,165220,2,1,1,1,1,2,1
19018,2022,120160,2,1,1,1,1,2,1
19019,2022,124190,2,1,1,1,1,2,1
19020,2022,181940,1,1,1,1,1,2,1
19021,2022,132320,1,1,1,1,1,2,1
19022,2022,220110,1,1,1,1,1,2,1
19023,2022,160080,1,1,1,1,1,2,1
19024,2022,180000,1,2,1,1,1,2,1
19025,2022,120000,1,2,1,1,1,2,1
19026,2022,126500,1,1,1,2,1,2,1
19027,2022,106260,1,1,1,2,1,2,1
19028,2022,116000,1,1,1,1,1,2,1
19029,2022,120600,2,1,1,1,1,2,1
19030,2022,90000,1,1,1,2,1,2,1
19031,2022,170000,2,1,1,2,1,2,1
19032,2022,102100,2,1,1,1,1,2,1
19033,2022,84900,2,1,1,1,1,2,1
19034,2022,136620,2,1,1,1,1,2,1
19035,2022,99360,2,1,1,1,1,2,1
19036,2022,110000,2,1,1,4,1,2,1
19037,2022,161342,2,1,1,1,1,2,1
19038,2022,137141,2,1,1,1,1,2,1
19039,2022,167000,2,1,1,1,1,2,1
19040,2022,211500,2,1,1,1,1,2,1
19041,2022,138600,2,1,1,1,1,2,1
19042,2022,113000,1,2,1,1,1,2,1
19043,2022,95550,1,1,1,1,1,2,1
19044,2022,167000,2,1,1,2,1,2,1
19045,2022,115500,2,1,1,2,1,2,1
19046,2022,136600,2,1,1,1,1,2,1
19047,2022,224000,2,1,1,4,1,2,1
19048,2022,167875,2,1,1,4,1,2,1
19049,2022,175000,2,1,1,4,1,2,1
19050,2022,135000,2,1,1,4,1,2,1
19051,2022,205300,1,2,1,1,1,2,1
19052,2022,176000,2,1,1,1,1,2,1
19053,2022,200100,2,1,1,1,1,2,1
19054,2022,70500,1,1,1,1,1,2,1
19055,2022,54000,1,1,1,1,1,2,1
19056,2022,205300,1,1,1,1,1,2,1
19057,2022,140400,1,1,1,1,1,2,1
19058,2022,184700,1,1,1,1,1,2,1
19059,2022,116150,2,1,1,1,1,2,1
19060,2022,99050,2,1,1,1,1,2,1
19061,2022,214000,2,1,1,1,1,3,1
19062,2022,192600,2,1,1,1,1,3,1
19063,2022,266400,2,1,1,1,1,2,1
19064,2022,213120,2,1,1,1,1,2,1
19065,2022,141300,1,1,1,2,1,2,1
19066,2022,102100,1,1,1,2,1,2,1
19067,2022,206699,1,1,1,2,1,2,1
19068,2022,99100,1,1,1,2,1,2,1
19069,2022,110500,2,1,1,1,1,2,1
19070,2022,60000,2,1,1,1,1,2,1
19071,2022,150260,2,1,1,1,1,2,1
19072,2022,129000,1,1,1,1,1,2,1
19073,2022,69000,2,1,1,1,1,2,1
19074,2022,25000,2,1,1,1,1,2,1
19075,2022,106260,2,1,1,1,1,2,1
19076,2022,220110,2,1,1,1,1,2,1
19077,2022,160080,2,1,1,1,1,2,1
19078,2022,50000,2,1,1,2,1,2,1
19079,2022,220000,2,1,1,1,1,3,1
19080,2022,120000,2,1,1,1,1,3,1
19081,2022,200000,2,1,1,2,1,2,1
19082,2022,324000,2,1,1,4,1,2,1
19083,2022,216000,2,1,1,4,1,2,1
19084,2022,185100,2,1,1,1,1,2,1
19085,2022,104890,2,1,1,1,1,2,1
19086,2022,120000,2,3,1,2,1,3,1
19087,2022,157000,2,2,1,2,1,2,1
19088,2022,65000,2,3,1,3,1,2,1
19089,2021,109000,3,2,1,2,1,2,1
19090,2022,153000,3,1,1,2,1,3,1
19091,2022,152500,2,1,1,1,1,2,1
19092,2022,120000,2,2,1,3,1,1,1
19093,2022,405000,2,2,1,1,1,2,1
19094,2021,150000,1,2,1,1,1,2,1
19095,2021,240000,1,2,1,1,1,2,1
19096,2021,135000,2,2,1,2,1,2,1
19097,2021,80000,2,1,1,3,1,2,1
19098,2022,380000,2,2,1,1,1,2,1
19099,2022,177000,2,2,1,1,1,2,1
19100,2021,220000,1,2,1,1,1,2,1
19101,2021,90000,2,1,1,2,1,2,1
19102,2021,100000,1,3,1,3,1,2,1
19103,2022,144000,3,2,1,1,1,1,1
19104,2022,100000,3,2,1,3,1,2,1
19105,2021,82500,2,3,1,2,1,2,1
19106,2022,120000,2,1,1,3,1,2,1
19107,2022,125000,1,1,1,3,1,6,1
19108,2021,120000,3,3,1,1,1,3,1
19109,2021,50000,2,1,1,3,1,2,1
19110,2021,200000,2,1,1,1,1,2,1
19111,2021,200000,2,2,1,2,1,2,1
19112,2021,100000,2,2,1,2,1,2,1
19113,2021,170000,2,2,1,2,1,2,1
19114,2021,150000,2,2,1,2,1,2,1
19115,2021,55000,3,3,1,3,1,2,1
19116,2021,250000,1,2,1,4,1,2,1
19117,2021,80000,2,2,1,3,1,2,1
19118,2020,70000,2,2,1,3,1,2,1
19119,2021,125000,2,3,1,3,1,3,1
19120,2021,120000,2,1,1,1,1,2,1
19121,2020,450000,1,1,1,2,1,1,1
19122,2021,144000,2,2,1,1,1,2,1
19123,2020,103000,2,2,1,2,1,2,1
19124,2021,153000,2,2,1,1,1,2,1
19125,2021,90000,2,2,1,2,1,2,1
19126,2021,90000,2,3,1,3,1,2,1
19127,2021,60000,2,3,1,3,1,2,1
19128,2021,270000,2,2,1,2,3,3,1
19129,2021,110000,2,2,1,2,1,2,1
19130,2020,250000,3,2,1,3,1,3,1
19131,2020,138000,2,3,1,3,1,3,1
19132,2021,140000,2,2,1,2,1,2,1
19133,2021,170000,2,2,1,1,1,2,1
19134,2021,100000,2,1,1,2,1,2,1
19135,2021,235000,2,2,1,4,1,2,1
19136,2021,225000,2,2,1,3,1,3,1
19137,2021,150000,2,1,1,1,1,2,1
19138,2020,106000,2,2,1,2,1,2,1
19139,2021,150000,2,2,1,1,1,2,1
19140,2021,70000,2,1,1,3,1,6,1
19141,2021,276000,1,2,1,1,1,2,1
19142,2020,188000,2,2,1,1,1,2,1
19143,2020,105000,2,2,1,2,1,2,1
19144,2021,174000,2,2,1,1,1,2,1
19145,2021,93000,2,2,1,2,1,2,1
19146,2021,170000,2,1,1,1,1,2,1
19147,2020,91000,2,2,1,3,1,2,1
19148,2021,165000,2,2,1,1,1,2,1
19149,2021,80000,2,2,1,2,1,2,1
19150,2021,110000,1,3,1,2,1,2,1
19151,2021,180000,2,2,1,2,1,2,1
19152,2021,200000,2,2,1,1,1,2,1
19153,2021,256000,2,3,1,1,1,3,1
19154,2021,72500,2,2,1,3,1,2,1
19155,2021,185000,3,2,1,1,1,3,1
19156,2021,112000,2,2,1,2,1,2,1
19157,2020,150000,3,2,1,1,1,3,1
19158,2021,58000,3,2,1,3,1,2,1
19159,2021,100000,2,1,1,3,1,2,1
19160,2021,105000,2,1,1,1,3,2,1
19161,2020,72000,2,2,1,3,1,2,1
19162,2021,111775,1,1,1,2,1,2,1
19163,2021,93150,1,1,1,2,1,2,1
19164,2020,190000,2,3,1,1,1,2,1
19165,2021,135000,1,2,1,1,1,2,1
19166,2021,147000,3,2,1,2,1,2,1
19167,2020,135000,2,2,1,2,1,2,1
19168,2020,87000,2,2,1,2,1,2,1
19169,2021,81000,3,3,1,3,1,3,1
19170,2021,195000,2,1,1,1,1,3,1
19171,2020,85000,2,2,1,2,1,2,1
19172,2021,416000,2,3,1,4,3,2,1
19173,2021,225000,2,2,1,1,1,3,1
19174,2020,98000,1,1,1,2,1,2,1
19175,2021,120000,1,2,1,1,1,2,1
19176,2020,325000,2,2,1,4,1,2,1
19177,2021,200000,2,2,1,1,1,3,1
19178,2021,160000,2,2,1,2,1,2,1
19179,2021,165000,1,1,1,1,1,2,1
19180,2021,185000,2,2,1,1,1,2,1
19181,2020,110000,2,2,1,2,1,2,1
19182,2021,140000,2,2,1,1,1,2,1
19183,2020,120000,3,2,1,1,1,2,1
19184,2021,152000,2,2,1,1,1,2,1
19185,2021,130000,3,2,1,2,1,2,1
19186,2021,115000,3,2,1,2,1,2,1
19187,2021,235000,2,2,1,1,1,2,1
19188,2021,75000,1,2,1,2,1,2,1
19189,2021,62000,1,2,1,2,1,2,1
19190,2021,73000,1,2,1,2,1,2,1
19191,2020,190200,2,1,1,1,1,2,1
19192,2020,118000,2,1,1,2,1,2,1
19193,2020,138350,2,1,1,2,1,2,1
19194,2021,423000,3,2,1,2,1,2,1
19195,2020,412000,2,2,1,1,1,2,1
19196,2021,151000,2,2,1,2,1,2,1
19197,2020,105000,2,3,1,3,1,2,1
19198,2020,100000,2,2,1,3,3,2,1
